# Alias OBJ Model File
# Exported from SketchUp, (c) 2000-2012 Trimble Navigation Limited
# File units = inches

mtllib electronics-tv-2003.mtl

g Mesh1 Difference Television_Silver_CRT1 Model

usemtl Black_Noise_01
v 0.671378 0.417178 -0.744976
vt -95.1764 3.625
vn 0 5.02693e-15 -1
v 0.671378 0.331147 -0.744976
vt -95.1764 2.0608
v -0.619498 0.331147 -0.744976
vt -118.647 2.0608
v -0.619498 0.417178 -0.744976
vt -118.647 3.625
f 1/1/1 2/2/1 3/3/1 4/4/1 

v 1.0296 0.217803 0.537337
vt 3.65899 1.26557e-14
vn 0.969584 -1.54178e-16 -0.24476
v 0.697602 0.217803 -0.651103
vt 27.1777 1.97611e-14
vt 29.0354 2.0608
vt 29.0354 3.625
v 1.02529 0.417178 0.521889
vt 3.96469 3.625
v 1.0296 0.400658 0.537337
vt 3.65899 3.32465
f 5/5/2 6/6/2 2/7/2 1/8/2 7/9/2 8/10/2 

v -0.97772 0.217803 0.537337
vt -125.16 36.3018
vn 2.83244e-17 -1 -1.6406e-16
v -0.645722 0.217803 -0.651103
vt -119.124 59.0327
vt -94.6996 59.0327
vt -88.6633 36.3018
v 0.952388 0.217803 0.708325
vt -90.0672 33.0314
v -0.900508 0.217803 0.708325
vt -123.756 33.0314
f 9/11/3 10/12/3 6/13/3 5/14/3 11/15/3 12/16/3 

vn -0.969584 1.58033e-15 -0.24476
vt 27.1777 9.33584e-15
vt 3.65899 5.78313e-15
v -0.97772 0.400658 0.537337
v -0.973405 0.417178 0.521889
f 4/8/4 3/7/4 10/17/4 9/18/4 13/10/4 14/9/4 

vt -6.51313 19.8136
vn -7.24183e-17 -0.675671 -0.737204
vt -29.9836 19.8136
vt -30.4604 17.0804
vt -6.03633 17.0804
f 3/19/5 2/20/5 6/21/5 10/22/5 

usemtl Silver_Noise_01
vt -2.00351 2.21643
vn -0.925883 -4.17354e-17 0.37781
vt -2.00351 -3.56233e-17
vt 0.369173 1.14861e-15
f 13/23/6 9/24/6 12/25/6

vt 24.3312 3.10906
vn 1.23723e-18 0.7191 0.694907
vt 24.2789 3.38994
vt 0.052307 3.38994
vt 3.6901e-18 3.10906
vt 0.935911 8.43126e-16
vt 23.3952 8.16469e-16
f 8/26/7 7/27/7 14/28/7 13/29/7 12/30/7 11/31/7 

usemtl Black_Noise_01
vt 125.082 36.5973
vn 0 1 -0
vt 88.7418 36.5973
vt 95.1764 60.8282
vt 118.647 60.8282
f 14/32/8 7/33/8 1/34/8 4/35/8 

usemtl Silver_Noise_01
vt 11.601 8.90488e-16
vn 0.925883 -4.17354e-17 0.37781
vt 11.601 2.21643
vt 9.22833 2.07473e-15
f 5/36/9 8/37/9 11/38/9

g Mesh2 Difference1 Television_Silver_CRT1 Model

usemtl Black_Noise_01
v 1.11893 0.770689 0.497099
vt -1.59798 40.8515
vn -0.5 0.866025 6.39305e-16
v 1.11893 0.770689 0.372813
vt -3.85772 40.8515
v 1.10828 0.766275 0.324394
vt -4.73807 40.6418
vn -0.258819 0.965926 8.31015e-16
v 1.10828 0.766275 0.497099
vt -1.59798 40.6418
f 15/39/10 16/40/10 17/41/11 18/42/11 

v 1.12809 0.777711 0.497099
vt -1.59798 37.5378
vn -0.707107 0.707107 4.82145e-16
v 1.12809 0.777711 0.413733
vt -3.11373 37.5378
vt -3.85772 37.3281
vt -1.59798 37.3281
f 19/43/12 20/44/12 16/45/10 15/46/10 

v 1.13511 0.786862 0.497099
vt -1.59798 31.6732
vn -0.866025 0.5 2.07451e-17
v 1.13511 0.786862 0.444364
vt -2.5568 31.6732
vt -3.11373 31.4635
vt -1.59798 31.4635
f 21/47/13 22/48/13 20/49/12 19/50/12 

v 1.13952 0.797519 0.497099
vt -1.59798 23.6573
vn -0.965926 0.258819 6.01985e-15
v 1.13952 0.797519 0.462619
vt -2.22489 23.6573
vt -2.5568 23.4475
vt -1.59798 23.4475
f 23/51/14 24/52/14 22/53/13 21/54/13 

v 1.14103 0.808956 0.497099
vt -1.59798 14.0362
vn -1 -6.01894e-16 1.04785e-14
v 1.14103 0.808956 0.467254
vt -2.14062 14.0362
vt -2.22489 13.8265
vt -1.59798 13.8265
f 25/55/15 26/56/15 24/57/14 23/58/14 

v 1.13952 0.820392 0.497099
vt -1.59798 3.46582
vn -0.965926 -0.258819 4.01278e-15
v 1.13952 0.820392 0.457953
vt -2.30972 3.46582
vt -2.14062 3.25609
vt -1.59798 3.25609
f 27/59/16 28/60/16 26/61/15 25/62/15 

v 1.13511 0.831049 0.497099
vt -1.59798 -7.33365
vn -0.866025 -0.5 -1.16183e-15
v 1.13511 0.831049 0.43535
vt -2.72068 -7.33365
vt -2.30972 -7.54337
vt -1.59798 -7.54337
f 29/63/17 30/64/17 28/65/16 27/66/16 

v 1.12809 0.8402 0.497099
vt -1.59798 -17.6262
vn -0.707107 -0.707107 -1.4074e-15
v 1.12809 0.8402 0.400985
vt -3.34549 -17.6262
vt -2.72068 -17.8359
vt -1.59798 -17.8359
f 31/67/18 32/68/18 30/69/17 29/70/17 

v 1.11893 0.847222 0.497099
vt -1.59798 -26.7104
vn -0.5 -0.866025 -8.3184e-16
v 1.11893 0.847222 0.357201
vt -4.14157 -26.7104
vt -3.34549 -26.9201
vt -1.59798 -26.9201
f 33/71/19 34/72/19 32/73/18 31/74/18 

v 1.10828 0.851636 0.497099
vt -1.59798 -33.9672
vn -0.258819 -0.965926 -1.00416e-15
v 1.10828 0.851636 0.306981
vt -5.05466 -33.9672
vt -4.14157 -34.1769
vt -1.59798 -34.1769
f 35/75/20 36/76/20 34/77/19 33/78/19 

v 1.09684 0.853142 0.497099
vt -1.59798 -38.902
vn -1.62371e-15 -1 -1.21445e-15
v 1.09684 0.853142 0.253747
vt -6.02255 -38.902
vt -5.05466 -39.1117
vt -1.59798 -39.1117
f 37/79/21 38/80/21 36/81/20 35/82/20 

v 1.08541 0.851636 0.497099
vt 1.59798 41.1786
vn 0.258819 -0.965926 -8.04037e-16
v 1.08541 0.851636 0.201128
vt 6.97927 41.1786
vt 6.02255 41.3883
vt 1.59798 41.3883
f 39/83/22 40/84/22 38/85/21 37/86/21 

v 1.07475 0.847222 0.497099
vt 1.59798 40.6418
vn 0.5 -0.866025 -6.09407e-16
v 1.07475 0.847222 0.152708
vt 7.85962 40.6418
vt 6.97927 40.8515
vt 1.59798 40.8515
f 41/87/23 42/88/23 40/89/22 39/90/22 

v 1.0656 0.8402 0.497099
vt 1.59798 37.3281
vn 0.707107 -0.707107 -5.48264e-16
v 1.0656 0.8402 0.111789
vt 8.60361 37.3281
vt 7.85962 37.5378
vt 1.59798 37.5378
f 43/91/24 44/92/24 42/93/23 41/94/23 

v 1.05858 0.831049 0.497099
vt 1.59798 31.4635
vn 0.866025 -0.5 -4.92007e-16
v 1.05858 0.831049 0.081158
vt 9.16054 31.4635
vt 8.60361 31.6732
vt 1.59798 31.6732
f 45/95/25 46/96/25 44/97/24 43/98/24 

v 1.05416 0.820392 0.497099
vt 1.59798 23.4475
vn 0.965926 -0.258819 -4.02558e-16
v 1.05416 0.820392 0.062903
vt 9.49244 23.4475
vt 9.16054 23.6573
vt 1.59798 23.6573
f 47/99/26 48/100/26 46/101/25 45/102/25 

v 1.05266 0.808956 0.497099
vt 1.59798 13.8265
vn 1 -1.03582e-15 -2.87056e-17
v 1.05266 0.808956 0.058268
vt 9.57672 13.8265
vt 9.49244 14.0362
vt 1.59798 14.0362
f 49/103/27 50/104/27 48/105/26 47/106/26 

v 1.05416 0.797519 0.497099
vt 1.59798 3.25609
vn 0.965926 0.258819 4.17863e-16
v 1.05416 0.797519 0.0675688
vt 9.40761 3.25609
vt 9.57672 3.46582
vt 1.59798 3.46582
f 51/107/28 52/108/28 50/109/27 49/110/27 

v 1.05858 0.786862 0.497099
vt 1.59798 -7.54337
vn 0.866025 0.5 1.00185e-15
v 1.05858 0.786862 0.0901716
vt 8.99665 -7.54337
vt 9.40761 -7.33365
vt 1.59798 -7.33365
f 53/111/29 54/112/29 52/113/28 51/114/28 

v 1.0656 0.777711 0.497099
vt 1.59798 -17.8359
vn 0.707107 0.707107 1.58958e-15
v 1.0656 0.777711 0.124536
vt 8.37184 -17.8359
vt 8.99665 -17.6262
vt 1.59798 -17.6262
f 55/115/30 56/116/30 54/117/29 53/118/29 

v 1.07475 0.770689 0.497099
vt 1.59798 -26.9201
vn 0.5 0.866025 1.65823e-15
v 1.07475 0.770689 0.16832
vt 7.57577 -26.9201
vt 8.37184 -26.7104
vt 1.59798 -26.7104
f 57/119/31 58/120/31 56/121/30 55/122/30 

v 1.08541 0.766275 0.497099
vt 1.59798 -34.1769
vn 0.258819 0.965926 1.35185e-15
v 1.08541 0.766275 0.218541
vt 6.66267 -34.1769
vt 7.57577 -33.9672
vt 1.59798 -33.9672
f 59/123/32 60/124/32 58/125/31 57/126/31 

v 1.09684 0.764769 0.497099
vt 1.59798 -39.1117
vn -2.65953e-15 1 1.07829e-15
v 1.09684 0.764769 0.271774
vt 5.69478 -39.1117
vt 6.66267 -38.902
vt 1.59798 -38.902
f 61/127/33 62/128/33 60/129/32 59/130/32 

vt -1.59798 41.3883
vt -4.73807 41.3883
vt -5.69478 41.1786
vt -1.59798 41.1786
f 18/131/11 17/132/11 62/133/33 61/134/33 

vt -3.96469 9.6928
vn 0.976536 -0.0430436 -0.211008
v 1.16432 0.76023 0.584988
vt -8.81108 9.5828
vn 0.975846 -0.0572482 -0.210824
vt -2.98564 9.6654
f 17/135/34 63/136/35 62/137/34

vt -4.8661 9.77314
f 16/138/34 63/136/35 17/135/34

vt -5.62845 9.90093
f 20/139/34 63/136/35 16/138/34

vt -6.19978 10.0675
f 22/140/34 63/136/35 20/139/34

vt -6.54115 10.2614
f 24/141/34 63/136/35 22/140/34

v 1.17754 1.06022 0.584988
vt -8.86186 15.0422
vn 0.976654 -0.0302944 -0.212672
f 63/136/35 24/141/34 64/142/36

vt -6.62931 10.4695
f 64/142/36 24/141/34 26/143/34

vt -6.45823 10.6777
f 28/144/34 64/142/36 26/143/34

vt -6.03959 10.8716
f 30/145/34 64/142/36 28/144/34

vt -5.40191 11.0381
f 32/146/34 64/142/36 30/145/34

vt -4.58865 11.1659
f 34/147/34 64/142/36 32/146/34

vt -3.65523 11.2463
f 36/148/34 64/142/36 34/147/34

vt -2.66526 11.2737
f 38/149/34 64/142/36 36/148/34

vt -1.68621 11.2463
f 40/150/34 64/142/36 38/149/34

v 0.822379 0.779539 -1.00144
vt 20.6955 9.9342
vn 0.976551 -0.0361597 -0.212229
f 64/142/36 40/150/34 65/151/37

vt -0.784795 11.1659
f 65/151/37 40/150/34 42/152/34

vt -0.0224467 11.0381
f 65/151/37 42/152/34 44/153/34

vt 0.548881 10.8716
f 65/151/37 44/153/34 46/154/34

vt 0.890254 10.6777
f 65/151/37 46/154/34 48/155/34

vt 0.978408 10.4695
f 65/151/37 48/155/34 50/156/34

v 0.822996 0.756389 -0.993862
vt 20.5584 9.5129
f 65/151/37 50/156/34 66/157/35

vt 0.807336 10.2614
f 52/158/34 66/157/35 50/156/34

vt 0.388695 10.0675
f 54/159/34 66/157/35 52/158/34

vt -0.248985 9.90093
f 56/160/34 66/157/35 54/159/34

vt -1.06225 9.77314
f 58/161/34 66/157/35 56/160/34

vt -1.99567 9.6928
f 60/162/34 66/157/35 58/161/34

f 62/137/34 66/157/35 60/162/34

f 62/137/34 63/136/35 66/157/35

v 1.14192 0.454558 0.584988
vt -8.72233 5.15616
vn 0.957889 -0.193118 -0.212495
v 0.822929 0.729915 -0.985195
vt 20.4074 10.1755
vn 0.975183 -0.0693124 -0.21027
vt 20.5612 10.6581
vt -8.80831 10.7281
f 67/163/38 68/164/39 66/165/35 63/166/35 

vt -8.69256 4.98533
v 0.831692 0.524776 -0.878833
vt 18.5134 6.2649
vn 0.957615 -0.194696 -0.212288
v 0.822951 0.715466 -0.980465
vt 20.3533 9.73984
vn 0.975403 -0.0671833 -0.209941
vt 20.4375 10.0031
f 67/167/38 69/168/40 70/169/41 68/170/39 

vt -9.20211 15.0046
v 0.821651 0.479841 -0.854884
vt 17.6167 15.4896
vn 0.925621 -0.313906 -0.211398
vt 18.0005 16.3517
f 67/171/38 71/172/42 69/173/40

v 1.13345 0.429127 0.584988
vt -9.15965 14.1176
vn 0.867776 -0.453346 -0.203575
v 0.820762 0.475636 -0.852643
vt 17.5888 15.0067
vn 0.883119 -0.421639 -0.205722
vt 17.6249 15.0871
vt -9.19392 14.6038
f 72/174/43 73/175/44 71/176/42 67/177/38 

vt -9.53658 22.6906
v 0.801454 0.437969 -0.832567
vt 16.9344 22.88
vn 0.830071 -0.521452 -0.197659
vt 17.2081 23.6865
f 72/178/43 74/179/45 73/180/44

v 1.11998 0.407288 0.584988
vt -9.47451 21.6974
vn 0.763499 -0.618877 -0.184553
v 0.799617 0.434093 -0.830238
vt 16.9063 22.2658
v 0.799992 0.434986 -0.830977
vt 16.9178 22.2847
vn 0.834111 -0.514618 -0.198562
vt 16.9397 22.348
vt -9.53124 22.1605
f 75/181/46 76/182/46 77/183/47 74/184/45 72/185/43 

v 1.10242 0.390531 0.584988
vt -9.70472 28.8916
vn 0.60643 -0.780695 -0.150858
v 0.797056 0.431058 -0.827724
vt 16.5634 29.9429
vn 0.674344 -0.719424 -0.1664
vt 16.5967 30.0216
vt -9.78105 29.3263
f 78/186/48 79/187/49 76/188/46 75/189/46 

vt -9.7456 29.3583
v 0.771927 0.402547 -0.80411
vt 16.2147 29.6757
vn 0.566609 -0.811689 -0.141828
vt 16.5218 30.4291
f 78/190/48 80/191/50 79/192/49

v 1.08197 0.379997 0.584988
vt -9.92772 34.8484
vn 0.362206 -0.927453 -0.0929337
v 0.768384 0.400499 -0.802414
vt 15.9246 35.6425
vn 0.448546 -0.886398 -0.114481
vt 15.9386 35.7218
vt -10.0195 35.2564
f 81/193/51 82/194/52 80/195/50 78/196/48 

vt -9.96614 35.0919
v 0.736864 0.382991 -0.787914
vt 15.7721 35.2112
vn 0.313859 -0.946012 -0.0809582
vt 15.8855 35.9087
f 81/197/51 83/198/53 82/199/52

v 1.06012 0.376016 0.584988
vt -10.1415 38.0024
vn 0.143178 -0.988977 -0.0377308
v 0.732622 0.382186 -0.787248
vt 15.502 38.6083
vn 0.175987 -0.983297 -0.0464228
vt 15.4941 38.6873
vt -10.2427 38.3933
f 84/200/54 85/201/55 83/202/53 81/203/51 

vt -10.174 38.0334
v 0.696896 0.375656 -0.781839
vt 15.5399 37.9968
vn 0.125146 -0.99159 -0.0329953
vt 15.469 38.6606
f 84/204/54 86/205/56 85/206/55

v 0.740092 0.351279 0.584988
vt -8.62873 32.8195
vn 0.0946117 -0.995346 -0.0182848
v 0.631639 0.370526 -0.77759
vt 15.8349 37.2125
vn 0.117566 -0.99279 -0.0233807
vt 15.6086 38.3835
vt -10.1052 38.4658
f 87/207/57 88/208/58 86/209/56 84/210/54 

vt -5.63075 33.1671
v 0.512967 0.351112 -0.761512
vt 19.1969 33.1482
vn 0.103395 -0.99449 -0.0173171
vt 19.1279 35.3529
f 87/211/57 89/212/59 88/213/58

v 0.412927 0.335366 0.584988
vt -4.59801 27.6493
vn 0.0559513 -0.998418 -0.00559005
v 0.441979 0.347636 -0.758633
vt 19.4146 32.1794
vn 0.0722757 -0.997356 -0.00754551
vt 19.2547 33.4628
vt -5.57286 33.5244
f 90/214/60 91/215/61 89/216/59 87/217/57 

vt -2.04651 27.8629
v 0.314932 0.33532 -0.748432
vt 22.2629 27.8542
vn 0.0596371 -0.998211 -0.00434869
vt 22.2793 30.1824
f 90/218/60 92/219/62 91/220/61

v 0.152857 0.329313 0.584988
vt -1.67583 23.2616
vn 0.0191568 -0.999816 -0.000833403
v 0.256486 0.333958 -0.747304
vt 22.3497 26.882
vn 0.0287327 -0.999586 -0.00125
vt 22.2938 27.9437
vt -2.01551 27.9792
f 93/221/63 94/222/64 92/223/62 90/224/60 

vt -0.562098 23.3078
v 0.120838 0.329313 -0.743457
vt 23.5985 23.3078
vn 0.0171017 -0.999854 -0.00041219
vt 23.609 25.7765
f 93/225/63 95/226/65 94/227/64

v -0.100977 0.329313 0.584988
vt -18.713 -2.19484e-28
vn -0.0191568 -0.999816 -0.000833403
v -0.0689583 0.329313 -0.743457
vt -19.2952 24.1535
vn -0.0171017 -0.999854 -0.00041219
vt -22.746 24.1535
vt -23.3282 1.42109e-14
f 96/228/66 97/229/67 95/230/65 93/231/63 

vt -0.450895 -18.6967
v -0.204606 0.333958 -0.747304
vt -24.622 -16.2279
vn -0.0287327 -0.999586 -0.00125
vt -24.6115 -18.6967
f 96/232/66 98/233/68 97/234/67

v -0.361047 0.335366 0.584988
vt -1.0046 -13.942
vn -0.0559513 -0.998418 -0.00559005
v -0.263052 0.33532 -0.748432
vt -25.314 -13.9775
vn -0.0596371 -0.998211 -0.00434869
vt -25.3698 -15.0392
vt -1.34429 -18.6596
f 99/235/69 100/236/70 98/237/68 96/238/66 

vt -1.02005 -13.872
v -0.390099 0.347636 -0.758633
vt -25.3459 -11.5525
vn -0.0722757 -0.997356 -0.00754551
vt -25.3294 -13.8806
f 99/239/69 101/240/71 100/241/70

v -0.688211 0.351279 0.584988
vt -1.31697 -7.89812
vn -0.0946117 -0.995346 -0.0182848
v -0.461087 0.351112 -0.761512
vt -26.1445 -7.95976
vn -0.103395 -0.99449 -0.0173171
vt -26.3044 -9.24313
vt -2.29182 -13.7733
f 102/242/72 103/243/73 101/244/71 99/245/69 

vt -1.33065 -7.75896
v -0.579759 0.370526 -0.77759
vt -26.0893 -5.57318
vn -0.117566 -0.99279 -0.0233807
vt -26.1583 -7.77792
f 102/246/72 104/247/74 103/248/73

v -1.00824 0.376016 0.584988
vt -0.562639 -2.07029
vn -0.143178 -0.988977 -0.0377308
v -0.645016 0.375656 -0.781839
vt -26.2764 -2.15254
vn -0.125146 -0.99159 -0.0329953
vt -26.5028 -3.32352
vt -2.03913 -7.71652
f 105/249/75 106/250/76 104/251/74 102/252/72 

vt -0.56647 -1.95729
v -0.680742 0.382186 -0.787248
vt -26.2095 -1.33008
vn -0.175987 -0.983297 -0.0464228
vt -26.2804 -1.99392
f 105/253/75 107/254/77 106/255/76

v -1.03009 0.379997 0.584988
vt -0.463496 -1.55901
vn -0.362206 -0.927453 -0.0929337
v -0.684983 0.382991 -0.787914
vt -26.2003 -1.26498
vn -0.313859 -0.946012 -0.0809582
vt -26.2082 -1.34401
vt -0.56466 -1.94992
f 108/256/78 109/257/79 107/258/77 105/259/75 

vt -0.450982 -1.14833
v -0.716504 0.400499 -0.802414
vt -26.3026 -0.331621
vn -0.448546 -0.886398 -0.114481
vt -26.1892 -1.02905
f 108/260/78 110/261/80 109/262/79

v -1.05054 0.390531 0.584988
vt -0.357477 -0.716772
vn -0.60643 -0.780695 -0.150858
v -0.720047 0.402547 -0.80411
vt -26.3155 -0.251366
vn -0.566609 -0.811689 -0.141828
vt -26.3016 -0.330682
vt -0.449244 -1.1248
f 111/263/81 112/264/82 110/265/80 108/266/78 

vt -0.347705 -0.254199
v -0.745176 0.431058 -0.827724
vt -26.6151 0.816617
vn -0.674344 -0.719424 -0.1664
vt -26.308 0.0632758
f 111/267/81 113/268/83 112/269/82

v -1.0681 0.407288 0.584988
vt -0.269921 0.211899
vn -0.763499 -0.618877 -0.184553
v -0.747737 0.434093 -0.830238
vt -26.6477 0.907179
vt -26.6144 0.828455
vt -0.346247 -0.22276
f 114/270/84 115/271/84 113/272/83 111/273/81 

v -1.08157 0.429127 0.584988
vt -0.20473 1.11346
vn -0.867776 -0.453346 -0.203575
v -0.749574 0.437969 -0.832567
vt -26.6757 1.30096
vn -0.830071 -0.521452 -0.197659
v -0.748112 0.434986 -0.830977
vt -26.6537 1.2377
vn -0.834111 -0.514618 -0.198562
vt -26.6422 1.21878
vt -0.261461 0.650368
f 116/274/85 117/275/86 118/276/87 115/277/84 114/278/84 

vt -0.204844 1.08663
v -0.768882 0.475636 -0.852643
vt -26.9495 2.08255
vn -0.883119 -0.421639 -0.205722
vt -26.6758 1.27597
f 116/279/85 119/280/88 117/281/86

v -1.09004 0.454558 0.584988
vt -0.162475 1.94607
vn -0.957889 -0.193118 -0.212495
v -0.769771 0.479841 -0.854884
vt -26.9813 2.42938
vn -0.925621 -0.313906 -0.211398
vt -26.9452 2.349
vt -0.196748 1.45992
f 120/282/89 121/283/90 119/284/88 116/285/85 

vt -0.16262 1.93121
v -0.779812 0.524776 -0.878833
vt -27.3653 3.27826
vn -0.957615 -0.194696 -0.212288
vt -26.9814 2.41622
f 120/286/89 122/287/91 121/288/90

vt -0.153615 2.22409
v -0.771049 0.729915 -0.985195
vt -29.2836 7.24191
vn -0.975183 -0.0693124 -0.21027
v -0.771071 0.715466 -0.980465
vt -29.1995 6.97861
vn -0.975403 -0.0671833 -0.209941
vt -27.3595 3.50367
f 120/289/89 123/290/92 124/291/93 122/292/91 

v -1.11244 0.76023 0.584988
vt -0.0681568 7.79229
vn -0.975846 -0.0572482 -0.210824
v -0.771116 0.756389 -0.993862
vt -29.4377 7.72228
vt -29.2839 7.2397
vt -0.154141 2.22039
f 125/293/94 126/294/94 123/295/92 120/296/89 

vt -0.0681782 7.81401
v -1.04496 0.764769 0.271774
vt -5.89362 7.89662
vn -0.976536 -0.0430436 -0.211008
vt -29.4377 7.74412
f 125/297/94 127/298/95 126/299/94

v -1.0564 0.766275 0.324394
vt -4.91457 7.92402
f 127/298/95 125/297/94 128/300/95

v -1.06705 0.770689 0.372813
vt -4.01315 8.00435
f 128/300/95 125/297/94 129/301/95

v -1.07621 0.777711 0.413733
vt -3.25081 8.13214
f 129/301/95 125/297/94 130/302/95

v -1.08323 0.786862 0.444364
vt -2.67948 8.29868
f 130/302/95 125/297/94 131/303/95

v -1.08764 0.797519 0.462619
vt -2.3381 8.49262
f 131/303/95 125/297/94 132/304/95

v -1.08915 0.808956 0.467254
vt -2.24995 8.70075
f 132/304/95 125/297/94 133/305/95

v -1.08764 0.820392 0.457953
vt -2.42102 8.90887
f 125/297/94 134/306/95 133/305/95

v -1.12566 1.06022 0.584988
vt -0.0174013 13.2734
vn -0.976654 -0.0302944 -0.212672
f 135/307/96 134/306/95 125/297/94

v -1.08323 0.831049 0.43535
vt -2.83966 9.10282
f 134/306/95 135/307/96 136/308/95

v -1.07621 0.8402 0.400985
vt -3.47734 9.26936
f 136/308/95 135/307/96 137/309/95

v -1.06705 0.847222 0.357201
vt -4.2906 9.39715
f 137/309/95 135/307/96 138/310/95

v -1.0564 0.851636 0.306981
vt -5.22403 9.47748
f 138/310/95 135/307/96 139/311/95

v -1.04496 0.853142 0.253747
vt -6.21399 9.50488
f 139/311/95 135/307/96 140/312/95

v -1.03353 0.851636 0.201128
vt -7.19305 9.47748
f 140/312/95 135/307/96 141/313/95

v -0.770499 0.779539 -1.00144
vt -29.5747 8.16542
vn -0.976551 -0.0361597 -0.212229
f 141/313/95 135/307/96 142/314/97

vt -0.0175931 13.2812
v -0.760715 1.05334 -1.08376
vt -31.0755 13.1559
vn -0.976652 -0.0239178 -0.213491
v -0.760937 1.00955 -1.07673
vt -30.9499 12.3595
vn -0.976518 -0.029274 -0.21344
v -0.764937 0.913337 -1.04524
vt -30.3749 10.6094
vt -29.5754 8.17569
f 135/315/96 143/316/98 144/317/99 145/318/99 142/319/97 

v -1.12735 1.14887 0.584988
vt -0.0110552 14.8975
vn -0.976788 -0.0137434 -0.213767
v -0.760674 1.05591 -1.08417
vt -31.083 13.2071
vn -0.976774 -0.0155924 -0.213705
vt -31.0755 13.1602
vt -0.0175965 13.2854
f 146/320/100 147/321/101 143/322/98 135/323/96 

vt -0.0110716 14.8992
v -0.758784 1.14108 -1.09783
vt -31.333 14.7576
vn -0.976794 -0.0113345 -0.213881
vt -31.083 13.209
f 146/324/100 148/325/102 147/326/101

v -1.13019 1.42571 0.584988
vt 0 19.9335
vn -0.976879 -0.00864958 -0.213617
v -0.758642 1.14679 -1.09874
vt -31.3498 14.862
vn -0.976991 -0.0191774 -0.212418
vt -31.333 14.7582
vt -0.0110721 14.8998
f 149/327/103 150/328/104 148/329/102 146/330/100 

vt -1.38778e-17 19.9265
v -0.758284 1.21032 -1.10893
vt -31.5319 16.0087
vn -0.976915 -0.00795157 -0.21348
vt -31.3495 14.8532
f 149/331/103 151/332/105 150/333/104

v -1.12735 1.6504 0.584988
vt -0.0111787 24.0185
vn -0.976059 0.0176614 -0.216786
v -0.752607 1.35836 -1.12603
vt -31.858 18.7083
v -0.753944 1.30023 -1.12335
vt -31.8051 17.6514
vn -0.976327 0.0124081 -0.215943
vt -31.5321 16.0164
vt -6.93889e-18 19.9329
f 152/334/106 153/335/106 154/336/107 151/337/105 149/338/103 

v -1.12566 1.72235 0.584988
vt -0.0179349 25.3231
vn -0.974313 0.043059 -0.221043
v -0.750988 1.40606 -1.12823
vt -31.9033 19.5708
vn -0.974707 0.038153 -0.220206
vt -31.8579 18.7034
vt -0.0112678 24.0146
f 155/339/108 156/340/109 153/341/106 152/342/106 

v -0.740774 1.56735 -1.13421
vt -32.05 22.4738
vn -0.967016 0.0971168 -0.235475
v -0.74251 1.53569 -1.13421
vt -32.043 21.8975
vn -0.973416 0.0533826 -0.222738
vt -31.9026 19.5371
vt -0.0183778 25.2961
f 157/343/110 158/344/111 156/345/109 155/346/108 

v 0.792654 1.56735 -1.13421
vt -34.9609 22.5097
vn -2.64896e-30 3.73596e-15 -1
v 0.79439 1.53569 -1.13421
vt -34.9924 21.9342
vn -6.31941e-17 -0.0230531 -0.999734
vt -7.0488 21.9342
vt -7.08037 22.5097
v -0.725689 1.64081 -1.13421
vt -7.35465 23.8454
v -0.707639 1.68437 -1.13421
vt -7.68282 24.6373
v -0.678927 1.72177 -1.13421
vt -8.20486 25.3174
v -0.641509 1.75047 -1.13421
vt -8.8852 25.8393
v -0.597934 1.76852 -1.13421
vt -9.67747 26.1673
v -0.551374 1.77533 -1.13421
vt -10.524 26.2913
v -0.39822 1.78873 -1.13421
vt -13.3086 26.5348
v -0.234701 1.79734 -1.13421
vt -16.2817 26.6914
v -0.0595401 1.80062 -1.13421
vt -19.4664 26.751
v 0.11142 1.80062 -1.13421
vt -22.5748 26.751
v 0.286581 1.79734 -1.13421
vt -25.7596 26.6914
v 0.4501 1.78873 -1.13421
vt -28.7326 26.5348
v 0.603254 1.77533 -1.13421
vt -31.5172 26.2913
v 0.649814 1.76852 -1.13421
vt -32.3638 26.1673
v 0.693389 1.75047 -1.13421
vt -33.1561 25.8393
v 0.730807 1.72177 -1.13421
vt -33.8364 25.3174
v 0.759519 1.68437 -1.13421
vt -34.3584 24.6373
v 0.777569 1.64081 -1.13421
vt -34.6866 23.8454
f 159/347/112 160/348/113 158/349/113 157/350/112 161/351/112 162/352/112 163/353/112 164/354/112 165/355/112 166/356/112 167/357/112 168/358/112 169/359/112 170/360/112 171/361/112 172/362/112 173/363/112 174/364/112 175/365/112 176/366/112 177/367/112 178/368/112 

v 1.16432 1.96583 0.584988
vt -9.30845 27.5415
vn 0.972186 0.0645956 -0.225128
v 0.802814 1.40689 -1.12827
vt 22.523 17.3645
vn 0.973432 0.0531245 -0.22273
vt 22.6625 19.7097
vn 0.9734 0.0533818 -0.222807
vt 22.6695 20.2861
vn 0.964395 0.11185 -0.239651
f 179/369/114 180/370/115 160/371/116 159/372/117 

v 1.17754 1.72235 0.584988
vt -9.35534 23.1301
vn 0.974727 0.0378951 -0.220163
v 0.802868 1.40606 -1.12823
vt 22.5289 17.3713
vt 22.5298 17.3865
vt -9.30174 27.5632
f 181/373/118 182/374/118 180/375/115 179/376/114 

v 1.17923 1.6504 0.584988
vt -9.14026 23.0743
vn 0.976059 0.0176614 -0.216786
v 0.804487 1.35836 -1.12603
vt 22.7064 17.7631
vt 22.7518 18.6306
vt -9.13359 24.3829
f 183/377/119 184/378/119 182/379/118 181/380/118 

v 1.18207 1.42571 0.584988
vt -9.07922 19.4236
vn 0.976879 -0.00864958 -0.213617
v 0.810164 1.21032 -1.10893
vt 22.4528 15.507
vn 0.976915 -0.00795157 -0.21348
v 0.805824 1.30023 -1.12335
vt 22.7259 17.142
vn 0.976327 0.0124081 -0.215943
vt 22.7787 18.199
vt -9.06804 23.5092
f 185/381/120 186/382/121 187/383/122 184/384/119 183/385/119 

vt -8.87121 21.0898
v 0.810522 1.14679 -1.09874
vt 22.4783 16.0165
vn 0.976991 -0.0191774 -0.212418
vt 22.6607 17.172
f 185/386/120 188/387/123 186/388/121

v 1.17923 1.14887 0.584988
vt -8.98157 15.3123
vn 0.976788 -0.0137434 -0.213767
v 0.810664 1.14108 -1.09783
vt 22.3403 15.1707
vn 0.976794 -0.0113345 -0.213881
vt 22.3571 15.2745
vt -8.99264 20.346
f 189/389/124 190/390/125 188/391/123 185/392/120 

vt -8.98109 15.4176
v 0.812554 1.05591 -1.08417
vt 22.0909 13.7274
vn 0.976774 -0.0155924 -0.213705
vt 22.3408 15.2761
f 189/393/124 191/394/126 190/395/125

vt -8.9613 14.0478
v 0.812595 1.05334 -1.08376
vt 22.0966 13.9226
vn 0.976652 -0.0239178 -0.213491
vt 22.1041 13.9695
vt -8.96784 15.6598
f 64/396/36 192/397/127 191/398/126 189/399/124 

vt -8.95953 14.4835
vt 20.5982 9.37802
v 0.812817 1.00955 -1.07673
vt 21.9728 13.5618
vn 0.976518 -0.029274 -0.21344
vt 22.0984 14.3583
f 64/400/36 65/401/37 193/402/128 192/403/127 

vt -35.5013 16.7533
vn 1.95932e-17 -0.311107 -0.950375
v 0.611968 0.851265 -1.02492
vt -31.6757 18.1255
vt -35.3275 21.1537
vn -2.31863e-17 -0.235453 -0.971886
f 65/404/129 194/405/129 193/406/130

v 0.611968 0.764692 -0.99658
vt -31.6757 16.4693
f 65/404/129 195/407/129 194/405/129

vt -35.5126 16.3104
f 66/408/129 195/407/129 65/404/129

v 0.176123 0.764155 -0.996404
vt -23.7512 16.459
f 195/407/129 66/408/129 196/409/129

v -0.62997 0.764155 -0.996404
vt -9.09498 16.459
f 196/409/129 66/408/129 197/410/129

vt -6.52869 16.3104
f 66/408/129 126/411/129 197/410/129

vt -35.5113 15.8039
f 68/412/129 126/411/129 66/408/129

vt -6.52992 15.8039
f 68/412/129 123/413/129 126/411/129

vt -35.5117 15.5275
vn -3.496e-17 -0.392196 -0.919882
f 70/414/131 123/413/129 68/412/129

vt -6.52951 15.5275
f 123/413/129 70/414/131 124/415/131

vt -6.52951 19.5831
vt -35.5117 19.5831
vt -35.6707 15.6543
vn -8.92509e-17 -0.470341 -0.882485
vt -35.4881 14.7285
vt -35.4719 14.6419
vt -35.1209 13.8658
vt -35.0943 13.8044
vn -4.39484e-17 -0.556937 -0.830555
vt -6.94695 13.8044
vt -6.92037 13.8658
vt -6.56931 14.6419
vt -6.55315 14.7285
vt -6.37059 15.6543
f 124/416/131 70/417/131 69/418/132 71/419/132 73/420/132 74/421/132 77/422/133 118/423/133 117/424/132 119/425/132 121/426/132 122/427/132 

vt -6.94695 17.9012
vt -35.0943 17.9012
vt -35.0875 17.8801
vn 1.80207e-18 -0.637855 -0.770156
vt -35.0409 17.8085
vt -34.584 17.1354
vt -34.5196 17.087
vt -33.9465 16.6737
vt -33.8694 16.6547
vt -33.2198 16.5005
vt -32.0333 16.3794
vt -29.8757 15.9211
vt -28.585 15.839
vt -26.275 15.5483
vt -25.2124 15.5161
vt -22.746 15.4065
vt -19.2952 15.4065
vt -16.8289 15.5161
vt -15.7662 15.5483
vt -13.4563 15.839
vt -12.1656 15.9211
vt -10.0079 16.3794
vt -8.82143 16.5005
vt -8.17187 16.6547
vt -8.09474 16.6737
vt -7.52165 17.087
vt -7.45723 17.1354
vt -7.00033 17.8085
vt -6.95376 17.8801
f 118/428/133 77/429/133 76/430/134 79/431/134 80/432/134 82/433/134 83/434/134 85/435/134 86/436/134 88/437/134 89/438/134 91/439/134 92/440/134 94/441/134 95/442/134 97/443/134 98/444/134 100/445/134 101/446/134 103/447/134 104/448/134 106/449/134 107/450/134 109/451/134 110/452/134 112/453/134 113/454/134 115/455/134 

vt -6.53991 16.7533
f 197/410/129 126/411/129 142/456/129

v -1.00078 0.808956 0.058268
vt -9.85767 8.70075
f 198/457/95 142/314/97 126/299/94

v -1.00228 0.820392 0.062903
vt -9.76951 8.90887
f 199/458/95 142/314/97 198/457/95

v -1.0067 0.831049 0.081158
vt -9.42814 9.10282
f 200/459/95 142/314/97 199/458/95

v -1.01372 0.8402 0.111789
vt -8.85681 9.26936
f 201/460/95 142/314/97 200/459/95

v -1.02287 0.847222 0.152708
vt -8.09446 9.39715
f 202/461/95 142/314/97 201/460/95

f 141/313/95 142/314/97 202/461/95

v -1.03353 0.851636 0.497099
vt -1.59798 2.01043
vn -0.258819 -0.965926 -1.6112e-15
vt -6.97927 2.01043
vt -7.85962 1.80071
vn -0.5 -0.866025 -1.23599e-15
v -1.02287 0.847222 0.497099
vt -1.59798 1.80071
f 203/462/135 141/463/135 202/464/136 204/465/136 

v -1.04496 0.853142 0.497099
vt -1.59798 -0.293277
vn 1.32977e-15 -1 -1.75153e-15
vt -6.02255 -0.293277
vt -6.97927 -0.503003
vt -1.59798 -0.503003
f 205/466/137 140/467/137 141/468/135 203/469/135 

v -1.0564 0.851636 0.497099
vt 1.59798 2.56985
vn 0.258819 -0.965926 -1.20052e-15
vt 5.05466 2.56985
vt 6.02255 2.77958
vt 1.59798 2.77958
f 206/470/138 139/471/138 140/472/137 205/473/137 

v -1.06705 0.847222 0.497099
vt 1.59798 4.66415
vn 0.5 -0.866025 -8.85022e-16
vt 4.14157 4.66415
vt 5.05466 4.87388
vt 1.59798 4.87388
f 207/474/139 138/475/139 139/476/138 206/477/138 

v -1.07621 0.8402 0.497099
vt 1.59798 6.43345
vn 0.707107 -0.707107 -1.69069e-15
vt 3.34549 6.43345
vt 4.14157 6.64318
vt 1.59798 6.64318
f 208/478/140 137/479/140 138/480/139 207/481/139 

v -1.08323 0.831049 0.497099
vt 1.59798 7.75718
vn 0.866025 -0.5 -1.88219e-15
vt 2.72068 7.75718
vt 3.34549 7.96691
vt 1.59798 7.96691
f 209/482/141 136/483/141 137/484/140 208/485/140 

v -1.08764 0.820392 0.497099
vt 1.59798 8.54512
vn 0.965926 -0.258819 -3.64328e-15
vt 2.30972 8.54512
vt 2.72068 8.75484
vt 1.59798 8.75484
f 210/486/142 134/487/142 136/488/141 209/489/141 

v -1.08915 0.808956 0.497099
vt 1.59798 8.74357
vn 1 -1.06801e-14 -8.39222e-15
vt 2.14062 8.74357
vt 2.30972 8.9533
vt 1.59798 8.9533
f 211/490/143 133/491/143 134/492/142 210/493/142 

v -1.08764 0.797519 0.497099
vt 1.59798 8.33903
vn 0.965926 0.258819 -6.21421e-15
vt 2.22489 8.33903
vt 2.14062 8.54875
vt 1.59798 8.54875
f 212/494/144 132/495/144 133/496/143 211/497/143 

v -1.08323 0.786862 0.497099
vt 1.59798 7.35904
vn 0.866025 0.5 6.01569e-16
vt 2.5568 7.35904
vt 2.22489 7.56877
vt 1.59798 7.56877
f 213/498/145 131/499/145 132/500/144 212/501/144 

v -1.07621 0.777711 0.497099
vt 1.59798 5.8704
vn 0.707107 0.707107 1.27031e-15
vt 3.11373 5.8704
vt 2.5568 6.08013
vt 1.59798 6.08013
f 214/502/146 130/503/146 131/504/145 213/505/145 

v -1.06705 0.770689 0.497099
vt 1.59798 3.97456
vn 0.5 0.866025 6.91508e-16
vt 3.85772 3.97456
vt 3.11373 4.18428
vt 1.59798 4.18428
f 215/506/147 129/507/147 130/508/146 214/509/146 

v -1.0564 0.766275 0.497099
vt 1.59798 1.80071
vn 0.258819 0.965926 1.79545e-15
vt 4.73807 1.80071
vt 3.85772 2.01043
vt 1.59798 2.01043
f 216/510/148 128/511/148 129/512/147 215/513/147 

v -1.04496 0.764769 0.497099
vt 1.59798 -0.503003
vn 1.46974e-15 1 1.99921e-15
vt 5.69478 -0.503003
vt 4.73807 -0.293277
vt 1.59798 -0.293277
f 217/514/149 127/515/149 128/516/148 216/517/148 

v -1.03353 0.766275 0.497099
vt -1.59798 2.77958
vn -0.258819 0.965926 2.16719e-15
v -1.03353 0.766275 0.218541
vt -6.66267 2.77958
vt -5.69478 2.56985
vt -1.59798 2.56985
f 218/518/150 219/519/150 127/520/149 217/521/149 

v -1.02287 0.770689 0.497099
vt -1.59798 4.87388
vn -0.5 0.866025 2.23592e-15
v -1.02287 0.770689 0.16832
vt -7.57577 4.87388
vt -6.66267 4.66415
vt -1.59798 4.66415
f 220/522/151 221/523/151 219/524/150 218/525/150 

v -1.01372 0.777711 0.497099
vt -1.59798 6.64318
vn -0.707107 0.707107 1.66232e-15
v -1.01372 0.777711 0.124536
vt -8.37184 6.64318
vt -7.57577 6.43345
vt -1.59798 6.43345
f 222/526/152 223/527/152 221/528/151 220/529/151 

v -1.0067 0.786862 0.497099
vt -1.59798 7.96691
vn -0.866025 0.5 9.28587e-16
v -1.0067 0.786862 0.0901716
vt -8.99665 7.96691
vt -8.37184 7.75718
vt -1.59798 7.75718
f 224/530/153 225/531/153 223/532/152 222/533/152 

v -1.00228 0.797519 0.497099
vt -1.59798 8.75484
vn -0.965926 0.258819 4.17882e-16
v -1.00228 0.797519 0.0675688
vt -9.40761 8.75484
vt -8.99665 8.54512
vt -1.59798 8.54512
f 226/534/154 227/535/154 225/536/153 224/537/153 

v -1.00078 0.808956 0.497099
vt -1.59798 8.9533
vn -1 -1.59572e-15 -1.39975e-17
vt -9.57672 8.9533
vt -9.40761 8.74357
vt -1.59798 8.74357
f 228/538/155 198/539/155 227/540/154 226/541/154 

v -1.00228 0.820392 0.497099
vt -1.59798 8.54875
vn -0.965926 -0.258819 -4.2905e-16
vt -9.49244 8.54875
vt -9.57672 8.33903
vt -1.59798 8.33903
f 229/542/156 199/543/156 198/544/155 228/545/155 

v -1.0067 0.831049 0.497099
vt -1.59798 7.56877
vn -0.866025 -0.5 -7.60001e-16
vt -9.16054 7.56877
vt -9.49244 7.35904
vt -1.59798 7.35904
f 230/546/157 200/547/157 199/548/156 229/549/156 

v -1.01372 0.8402 0.497099
vt -1.59798 6.08013
vn -0.707107 -0.707107 -9.88359e-16
vt -8.60361 6.08013
vt -9.16054 5.8704
vt -1.59798 5.8704
f 231/550/158 201/551/158 200/552/157 230/553/157 

vt -1.59798 4.18428
vt -7.85962 4.18428
vt -8.60361 3.97456
vt -1.59798 3.97456
f 204/554/136 202/555/136 201/556/158 231/557/158 

vt -9.68659 8.49262
f 126/299/94 227/558/95 198/457/95

vt -9.26795 8.29868
f 126/299/94 225/559/95 227/558/95

vt -8.63027 8.13214
f 126/299/94 223/560/95 225/559/95

vt -7.81701 8.00435
f 126/299/94 221/561/95 223/560/95

vt -6.88359 7.92402
f 126/299/94 219/562/95 221/561/95

f 126/299/94 127/298/95 219/562/95

v -0.62997 0.913337 -1.04524
vt -9.09498 19.313
f 197/410/129 142/456/129 232/563/129

vt -6.64104 19.313
f 232/563/129 142/456/129 145/564/129

vt -6.71376 21.1537
vn 1.92231e-16 -0.235453 -0.971886
f 144/565/159 232/563/129 145/564/129

v -0.60247 0.913337 -1.04524
vt -9.59498 19.313
f 232/563/129 144/565/159 233/566/129

v -0.601428 0.938407 -1.05345
vt -9.61393 19.7926
f 233/566/129 144/565/159 234/567/129

v -0.290334 0.938407 -1.05345
vt -15.2702 19.7926
f 234/567/129 144/565/159 235/568/129

v -0.13497 0.968337 -1.06324
vt -18.095 20.3652
f 235/568/129 144/565/159 236/569/129

v 0.176123 0.968337 -1.06324
vt -23.7512 20.3652
f 236/569/129 144/565/159 237/570/129

v -0.252335 1.00955 -1.07673
vt -15.9611 21.1537
vn -9.00672e-17 -0.209841 -0.977736
f 237/570/129 144/565/159 238/571/160

vt -6.84092 22.3486
vn 1.18852e-16 -0.102381 -0.994745
v -0.252335 1.30023 -1.12335
vt -15.9611 22.3486
vn -1.38665e-16 -0.121098 -0.992641
vt -15.9611 16.9959
vt -6.71376 16.9959
vt -6.7178 17.8022
vn 3.6368e-16 -0.158343 -0.987384
vt -6.71856 17.8497
vt -6.75292 19.418
vt -6.75549 19.5231
vt -6.76202 20.6929
f 154/572/161 239/573/162 238/574/160 144/575/159 143/576/163 147/577/163 148/578/163 150/579/163 151/580/163 

vt -35.2003 19.066
vn -9.62418e-17 -0.102381 -0.994745
v 0.305336 1.30023 -1.12335
vt -26.1006 19.066
vn -2.82036e-16 -0.121098 -0.992641
vt -15.9611 19.066
vt -6.84092 19.066
vt -6.86523 20.124
vn -1.26355e-16 -0.046094 -0.998937
vt -6.89466 20.9921
vt -7.0488 23.3517
vt -34.9924 23.3517
vt -35.1456 21.0073
vt -35.1466 20.9921
vt -35.176 20.124
f 187/581/164 240/582/165 239/583/162 154/584/161 153/585/166 156/586/166 158/587/113 160/588/113 180/589/166 182/590/166 184/591/166 

vt -35.3275 16.9959
v 0.305336 1.00955 -1.07673
vt -26.1006 16.9959
vn -2.33629e-16 -0.209841 -0.977736
vt -26.1006 22.3486
vt -35.2003 22.3486
vt -35.2792 20.6929
vn -6.58224e-17 -0.158343 -0.987384
vt -35.2858 19.5231
vt -35.2883 19.418
vt -35.3227 17.8497
vt -35.3234 17.8022
f 193/592/130 241/593/167 240/594/165 187/595/164 186/596/168 188/597/168 190/598/168 191/599/168 192/600/168 

vt -26.1006 21.1537
f 193/406/130 237/570/129 241/601/167

f 193/406/130 194/405/129 237/570/129

v 0.345562 0.851265 -1.02492
vt -26.8319 18.1255
f 242/602/129 237/570/129 194/405/129

v 0.345562 0.764692 -0.99658
vt -26.8319 16.4693
f 243/603/129 237/570/129 242/602/129

f 237/570/129 243/603/129 196/409/129

f 195/407/129 196/409/129 243/603/129

usemtl Electronics_TV_RCA_from_2003___01
vt -1.45007 0.744447
vn 0 -0.311107 -0.950375
vt -1.45007 0.703266
vt -1.32964 0.703266
vt -1.32964 0.744447
f 194/604/169 195/605/169 243/606/169 242/607/169 

vt -1.25304 0.703011
v -0.13497 0.764155 -0.996404
vt -1.1124 0.703011
vt -1.1124 0.800136
vt -1.25304 0.800136
f 196/608/169 244/609/169 236/610/169 237/611/169 

usemtl Black_Noise_01
v -0.263877 0.764155 -0.996404
vt -15.7512 16.459
vt -18.095 16.459
f 196/409/129 245/612/129 244/613/129

f 196/409/129 197/410/129 245/612/129

v -0.62997 0.764155 -0.990508
vt 9.09498 28.6454
v -0.263877 0.764155 -0.990508
vt 15.7512 28.6454
vt 15.7512 28.7526
vt 9.09498 28.7526
f 246/614/8 247/615/8 245/616/8 197/617/8 

vt -9.09498 7.90621
vn 0 0 -1
v -0.591241 0.831948 -0.990508
vt -9.79914 9.13881
vt -15.7512 7.90621
f 246/618/170 248/619/170 247/620/170

v -0.62997 0.913337 -0.990508
vt -9.09498 10.6186
f 248/619/170 246/618/170 249/621/170

vt 28.6454 7.90621
vn 1 0 -0
vt 28.7526 7.90621
vt 29.6405 10.6186
vt 28.6454 10.6186
f 246/622/171 197/623/171 232/624/171 249/625/171 

v -0.263877 0.913337 -0.990508
vt -15.7512 28.6454
vn 0 -1 -0
vt -9.09498 28.6454
vt -9.09498 29.6405
vt -9.59498 29.6405
v -0.291377 0.913337 -1.04524
vt -15.2512 29.6405
v -0.263877 0.913337 -1.04524
vt -15.7512 29.6405
f 250/626/172 249/627/172 232/628/172 233/629/172 251/630/172 252/631/172 

vt -15.7512 10.6186
v -0.546554 0.849135 -0.990508
vt -10.6116 9.45131
f 250/632/170 253/633/170 249/621/170

v -0.546554 0.831948 -0.990508
vt -10.6116 9.13881
f 250/632/170 254/634/170 253/633/170

f 247/620/170 254/634/170 250/632/170

f 254/634/170 247/620/170 248/619/170

v -0.573587 0.831948 -0.990508
vt -10.1201 9.13881
f 254/634/170 248/619/170 255/635/170

usemtl Black_SemiGloss_01
vt -20.2403 57.2907
vt -19.5983 57.2907
v -0.591241 0.831948 -1.00598
vt -19.5983 57.8532
v -0.573587 0.831948 -1.00598
vt -20.2403 57.8532
f 255/636/172 248/637/172 256/638/172 257/639/172 

vt -57.2907 18.2776
vn -1 0 -0
v -0.591241 0.849135 -0.990508
vt -57.2907 18.9026
v -0.591241 0.849135 -1.00598
vt -57.8532 18.9026
vt -57.8532 18.2776
f 248/640/173 258/641/173 259/642/173 256/643/173 

usemtl Black_Noise_01
vt -9.79914 9.45131
f 248/619/170 249/621/170 258/644/170

v -0.573587 0.849135 -0.990508
vt -10.1201 9.45131
f 258/644/170 249/621/170 260/645/170

f 260/645/170 249/621/170 253/633/170

vt -10.1201 28.6454
vt -10.6116 28.6454
v -0.546554 0.849135 -0.975039
vt -10.6116 28.3641
v -0.573587 0.849135 -0.975039
vt -10.1201 28.3641
f 260/646/172 253/647/172 261/648/172 262/649/172 

vt -28.6454 9.45131
vt -28.6454 9.13881
v -0.546554 0.831948 -0.975039
vt -28.3641 9.13881
vt -28.3641 9.45131
f 253/650/173 254/651/173 263/652/173 261/653/173 

vt 10.6116 28.6454
vt 10.1201 28.6454
v -0.573587 0.831948 -0.975039
vt 10.1201 28.3641
vt 10.6116 28.3641
f 254/654/8 255/655/8 264/656/8 263/657/8 

usemtl Black_SemiGloss_01
vt 56.7282 18.2776
vt 57.2907 18.2776
vt 57.8532 18.2776
v -0.573587 0.849135 -1.00598
vt 57.8532 18.9026
vt 57.2907 18.9026
vt 56.7282 18.9026
f 264/658/171 255/659/171 257/660/171 265/661/171 260/662/171 262/663/171 

vt -19.5983 18.9026
vt -20.2403 18.9026
vt -20.2403 18.2776
vt -19.5983 18.2776
f 259/664/170 265/665/170 257/666/170 256/667/170 

vt 19.5983 57.2907
vt 20.2403 57.2907
vt 20.2403 57.8532
vt 19.5983 57.8532
f 258/668/8 260/669/8 265/670/8 259/671/8 

usemtl Black_Noise_01
f 263/634/170 264/635/170 262/645/170 261/633/170 

vt -28.6454 10.6186
vt -29.6405 10.6186
vt -28.7526 7.90621
vt -28.6454 7.90621
f 250/672/173 252/673/173 245/674/173 247/675/173 

vt -15.7512 19.313
f 252/676/129 244/613/129 245/612/129

f 244/613/129 252/676/129 236/569/129

f 236/569/129 252/676/129 235/568/129

vt -15.2512 19.313
f 235/568/129 252/676/129 251/677/129

usemtl Electronics_TV_RCA_from_2003___01
vt -0.0947999 0.895171
vn -4.18517e-19 -0.311107 -0.950375
vt -0.0959831 0.924905
vt -0.446637 0.924806
vt -0.445453 0.895072
f 233/678/174 234/679/174 235/680/174 251/681/174 

usemtl Black_Noise_01
f 241/601/167 237/570/129 238/571/160

usemtl Electronics_TV_RCA_from_2003___01
vt -0.857633 0.689757
vt -0.547192 0.689757
vt -0.547192 0.853641
vt -0.857633 0.853641
f 241/682/167 238/683/160 239/684/162 240/685/165 

usemtl NO_DRAW
vt 27.969 0.22009
vn 1.86268e-16 6.1418e-18 1
vt 37.4261 -4.28162e-32
vt 46.6564 5.68434e-14
vt 56.1135 0.22009
vt 68.0104 0.798769
vt 79.6479 1.6983
vt 80.4424 1.84305
vt 81.1859 2.22611
vt 81.8244 2.83546
vt 82.3144 3.62959
vt 82.6224 4.55437
vt 83.4369 15.6697
vt 83.9177 26.5785
vt 83.979 29.802
vt 84.0825 39.8689
vt 83.979 48.0395
vt 83.9177 50.6558
vt 83.4369 59.5096
v 1.14192 2.21392 0.584988
vt 82.6224 68.531
v 1.13345 2.23456 0.584988
vt 82.3144 69.2816
v 1.11998 2.25228 0.584988
vt 81.8244 69.9262
v 1.10242 2.26588 0.584988
vt 81.1859 70.4207
v 1.08197 2.27443 0.584988
vt 80.4424 70.7316
v 1.06012 2.27766 0.584988
vt 79.6479 70.8491
v 0.740092 2.29774 0.584988
vt 68.0104 71.5792
v 0.412927 2.31066 0.584988
vt 56.1135 72.0489
v 0.152857 2.31557 0.584988
vt 46.6564 72.2275
v -0.100977 2.31557 0.584988
vt 37.4261 72.2275
v -0.361047 2.31066 0.584988
vt 27.969 72.0489
v -0.688211 2.29774 0.584988
vt 16.0721 71.5792
v -1.00824 2.27766 0.584988
vt 4.43464 70.8491
v -1.03009 2.27443 0.584988
vt 3.64013 70.7316
v -1.05054 2.26588 0.584988
vt 2.89657 70.4207
v -1.0681 2.25228 0.584988
vt 2.25805 69.9262
v -1.08157 2.23456 0.584988
vt 1.7681 69.2816
v -1.09004 2.21392 0.584988
vt 1.46011 68.531
v -1.11244 1.96583 0.584988
vt 0.645617 59.5096
vt 0.164782 50.6558
vt 0.103526 48.0395
vt 0 39.8689
vt 0.103526 29.802
vt 0.164782 26.5785
vt 0.645617 15.6697
vt 1.46011 4.55437
vt 1.7681 3.62959
vt 2.25805 2.83546
vt 2.89657 2.22611
vt 3.64013 1.84305
vt 4.43464 1.6983
vt 16.0721 0.798769
f 99/686/175 96/687/175 93/688/175 90/689/175 87/690/175 84/691/175 81/692/175 78/693/175 75/694/175 72/695/175 67/696/175 63/697/175 64/698/175 189/699/175 185/700/175 183/701/175 181/702/175 179/703/175 266/704/175 267/705/175 268/706/175 269/707/175 270/708/175 271/709/175 272/710/175 273/711/175 274/712/175 275/713/175 276/714/175 277/715/175 278/716/175 279/717/175 280/718/175 281/719/175 282/720/175 283/721/175 284/722/175 155/723/175 152/724/175 149/725/175 146/726/175 135/727/175 125/728/175 120/729/175 116/730/175 114/731/175 111/732/175 108/733/175 105/734/175 102/735/175 

usemtl Black_Noise_01
vt -9.62504 26.0883
v 1.13181 1.95192 0.442599
vt -6.96964 25.8346
vn 0.969289 0.0875108 -0.229829
vt -9.53108 30.6164
vn 0.938552 0.215894 -0.269277
f 179/736/114 285/737/176 266/738/177

v 1.13056 1.94049 0.432957
vt -6.7938 25.6258
f 285/737/176 179/736/114 286/739/176

v 1.12668 1.92983 0.412532
vt -6.41618 25.4313
f 286/739/176 179/736/114 287/740/176

v 1.12044 1.92068 0.382715
vt -5.86249 25.2643
f 287/740/176 179/736/114 288/741/176

vt 22.349 18.8153
f 288/741/176 179/736/114 159/742/117

v 1.11225 1.91366 0.345539
vt -5.17047 25.1361
f 288/741/176 159/742/117 289/743/176

v 1.10269 1.90924 0.303537
vt -4.38729 25.0556
f 289/743/176 159/742/117 290/744/176

v 1.0924 1.90774 0.259571
vt -3.56632 25.0281
f 290/744/176 159/742/117 291/745/176

v 1.08209 1.90924 0.216637
vt -2.7635 25.0556
f 291/745/176 159/742/117 292/746/176

v 1.07245 1.91366 0.177662
vt -2.03354 25.1361
f 292/746/176 159/742/117 293/747/176

v 1.06414 1.92068 0.145302
vt -1.42619 25.2643
f 293/747/176 159/742/117 294/748/176

v 1.05773 1.92983 0.121761
vt -0.982842 25.4313
f 294/748/176 159/742/117 295/749/176

v 1.05366 1.94049 0.108644
vt -0.733707 25.6258
f 295/749/176 159/742/117 296/750/176

v 1.0522 1.95192 0.106845
vt -0.695764 25.8346
f 296/750/176 159/742/117 297/751/176

v 1.05346 1.96336 0.116487
vt -0.871597 26.0433
f 159/742/117 298/752/176 297/751/176

v 1.05734 1.97402 0.136912
vt -1.24922 26.2378
f 159/742/117 299/753/176 298/752/176

f 266/738/177 299/753/176 159/742/117

v 1.06358 1.98317 0.166729
vt -1.80291 26.4048
f 299/753/176 266/738/177 300/754/176

v 1.07176 1.99019 0.203905
vt -2.49493 26.533
f 300/754/176 266/738/177 301/755/176

v 1.08132 1.99461 0.245907
vt -3.27811 26.6136
f 301/755/176 266/738/177 302/756/176

v 1.09161 1.99611 0.289873
vt -4.09908 26.6411
f 302/756/176 266/738/177 303/757/176

v 1.10193 1.99461 0.332807
vt -4.9019 26.6136
f 303/757/176 266/738/177 304/758/176

v 1.11157 1.99019 0.371782
vt -5.63186 26.533
f 304/758/176 266/738/177 305/759/176

v 1.11987 1.98317 0.404143
vt -6.23921 26.4048
f 305/759/176 266/738/177 306/760/176

v 1.12628 1.97402 0.427683
vt -6.68256 26.2378
f 306/760/176 266/738/177 307/761/176

v 1.13035 1.96336 0.4408
vt -6.93169 26.0433
f 307/761/176 266/738/177 308/762/176

f 308/762/176 266/738/177 285/737/176

v 1.12885 1.96336 0.498205
vt -2.65251 24.1018
vn -0.965595 -0.258819 -0.025285
vt -3.69659 24.1018
vt -3.66459 23.8921
vn -0.999657 -2.32919e-14 -0.0261769
v 1.13036 1.95192 0.498244
vt -2.65251 23.8921
f 309/763/178 308/764/178 285/765/179 310/766/179 

v 1.12444 1.97402 0.498089
vt -2.65251 11.9612
vn -0.865729 -0.5 -0.0226699
vt -3.93305 11.9612
vt -3.69659 11.7514
vt -2.65251 11.7514
f 311/767/180 307/768/180 308/769/178 309/770/178 

v 1.11742 1.98317 0.497906
vt -2.65251 -0.987485
vn -0.706864 -0.707107 -0.0185099
vt -4.35787 -0.987485
vt -3.93305 -1.19721
vt -2.65251 -1.19721
f 312/771/181 306/772/181 307/773/180 311/774/180 

v 1.10827 1.99019 0.497666
vt -2.65251 -13.8617
vn -0.499829 -0.866025 -0.0130885
vt -4.94209 -13.8617
vt -4.35787 -14.0714
vt -2.65251 -14.0714
f 313/775/182 305/776/182 306/777/181 312/778/181 

v 1.09762 1.99461 0.497387
vt -2.65251 -25.7841
vn -0.25873 -0.965926 -0.00677509
vt -5.6459 -25.7841
vt -4.94209 -25.9938
vt -2.65251 -25.9938
f 314/779/183 304/780/183 305/781/182 313/782/182 

v 1.08618 1.99611 0.497088
vt -2.65251 -35.9422
vn -8.5245e-15 -1 -1.74313e-15
vt -6.42133 -35.9422
vt -5.6459 -36.152
vt -2.65251 -36.152
f 315/783/184 303/784/184 304/785/183 314/786/183 

v 1.07475 1.99461 0.496788
vt 2.65251 43.6438
vn 0.25873 -0.965926 0.00677509
vt 7.21554 43.6438
vt 6.42133 43.8535
vt 2.65251 43.8535
f 316/787/185 302/788/185 303/789/184 315/790/184 

v 1.0641 1.99019 0.496509
vt 2.65251 48.364
vn 0.499829 -0.866025 0.0130885
vt 7.97441 48.364
vt 7.21554 48.5737
vt 2.65251 48.5737
f 317/791/186 301/792/186 302/793/185 316/794/185 

v 1.05495 1.98317 0.49627
vt 2.65251 49.7811
vn 0.706864 -0.707107 0.0185099
vt 8.64621 49.7811
vt 7.97441 49.9908
vt 2.65251 49.9908
f 318/795/187 300/796/187 301/797/186 317/798/186 

v 1.04793 1.97402 0.496086
vt 2.65251 47.7985
vn 0.865729 -0.5 0.0226699
vt 9.18518 47.7985
vt 8.64621 48.0083
vt 2.65251 48.0083
f 319/799/188 299/800/188 300/801/187 318/802/187 

v 1.04352 1.96336 0.49597
vt 2.65251 42.5515
vn 0.965595 -0.258819 0.025285
vt 9.55457 42.5515
vt 9.18518 42.7612
vt 2.65251 42.7612
f 320/803/189 298/804/189 299/805/188 319/806/188 

v 1.04201 1.95192 0.495931
vt 2.65251 34.3974
vn 0.999657 -7.29272e-15 0.0261769
vt 9.72922 34.3974
vt 9.55457 34.6071
vt 2.65251 34.6071
f 321/807/190 297/808/190 298/809/189 320/810/189 

v 1.04352 1.94049 0.49597
vt 2.65251 23.8921
vn 0.965595 0.258819 0.025285
vt 9.69722 23.8921
vt 9.72922 24.1018
vt 2.65251 24.1018
f 322/811/191 296/812/191 297/813/190 321/814/190 

v 1.04793 1.92983 0.496086
vt 2.65251 11.7514
vn 0.865729 0.5 0.0226699
vt 9.46075 11.7514
vt 9.69722 11.9612
vt 2.65251 11.9612
f 323/815/192 295/816/192 296/817/191 322/818/191 

v 1.05495 1.92068 0.49627
vt 2.65251 -1.19721
vn 0.706864 0.707107 0.0185099
vt 9.03593 -1.19721
vt 9.46075 -0.987485
vt 2.65251 -0.987485
f 324/819/193 294/820/193 295/821/192 323/822/192 

v 1.0641 1.91366 0.496509
vt 2.65251 -14.0714
vn 0.499829 0.866025 0.0130885
vt 8.45171 -14.0714
vt 9.03593 -13.8617
vt 2.65251 -13.8617
f 325/823/194 293/824/194 294/825/193 324/826/193 

v 1.07475 1.90924 0.496788
vt 2.65251 -25.9938
vn 0.25873 0.965926 0.00677509
vt 7.74791 -25.9938
vt 8.45171 -25.7841
vt 2.65251 -25.7841
f 326/827/195 292/828/195 293/829/194 325/830/194 

v 1.08618 1.90774 0.497088
vt 2.65251 -36.152
vn 3.28942e-15 1 6.58322e-17
vt 6.97248 -36.152
vt 7.74791 -35.9422
vt 2.65251 -35.9422
f 327/831/196 291/832/196 292/833/195 326/834/195 

v 1.09762 1.90924 0.497387
vt -2.65251 43.8535
vn -0.25873 0.965926 -0.00677509
vt -6.17826 43.8535
vt -6.97248 43.6438
vt -2.65251 43.6438
f 328/835/197 290/836/197 291/837/196 327/838/196 

v 1.10827 1.91366 0.497666
vt -2.65251 48.5737
vn -0.499829 0.866025 -0.0130885
vt -5.4194 48.5737
vt -6.17826 48.364
vt -2.65251 48.364
f 329/839/198 289/840/198 290/841/197 328/842/197 

v 1.11742 1.92068 0.497906
vt -2.65251 49.9908
vn -0.706864 0.707107 -0.0185099
vt -4.74759 49.9908
vt -5.4194 49.7811
vt -2.65251 49.7811
f 330/843/199 288/844/199 289/845/198 329/846/198 

v 1.12444 1.92983 0.498089
vt -2.65251 48.0083
vn -0.865729 0.5 -0.0226699
vt -4.20863 48.0083
vt -4.74759 47.7985
vt -2.65251 47.7985
f 331/847/200 287/848/200 288/849/199 330/850/199 

v 1.12885 1.94049 0.498205
vt -2.65251 42.7612
vn -0.965595 0.258819 -0.025285
vt -3.83923 42.7612
vt -4.20863 42.5515
vt -2.65251 42.5515
f 332/851/201 286/852/201 287/853/200 331/854/200 

vt -2.65251 34.6071
vt -3.66459 34.6071
vt -3.83923 34.3974
vt -2.65251 34.3974
f 310/855/179 285/856/179 286/857/201 332/858/201 

vt 20.733 15.2772
vn 0.904819 0.307679 -0.294341
vt -11.153 25.8991
vt 20.6589 13.9157
f 178/859/202 266/860/177 159/861/117

vt -13.6028 17.858
vt 18.0936 6.68297
vt -13.5521 18.2604
vn 0.841345 0.434178 -0.321914
f 266/862/177 178/863/202 267/864/203

vt 18.1487 7.37158
vn 0.795763 0.504757 -0.334636
vt -13.6002 18.1129
vt 18.0403 6.52119
f 177/865/204 267/866/203 178/867/202

vt -17.2238 7.26958
vt 14.0109 -4.88638
vt -17.1212 7.66119
vn 0.69251 0.630162 -0.351176
f 267/868/203 177/869/204 268/870/205

vt 14.1405 -4.28196
vn 0.632455 0.688178 -0.355544
vt -17.1966 7.47279
vt 13.921 -5.11075
f 176/871/206 268/872/205 177/873/204

vt -21.6775 -2.04204
vt 8.58144 -16.3452
vt -21.5083 -1.67535
vn 0.504111 0.786935 -0.355817
f 268/874/205 176/875/206 269/876/207

vt 8.81342 -15.7808
vn 0.432654 0.830086 -0.351807
vt -21.6072 -1.82418
vt 8.45129 -16.558
f 175/877/208 269/878/207 176/879/206

vt -28.0344 -7.79252
vt -0.291873 -26.5156
vt -27.7776 -7.48194
vn 0.288454 0.896494 -0.336294
f 269/880/207 175/881/208 270/882/209

vt 0.0877758 -25.9767
vn 0.213215 0.92145 -0.324761
vt -27.8857 -7.51294
vt -0.461512 -26.6351
f 174/883/210 270/884/209 175/885/208

vt -36.7313 -3.33898
vt -16.8199 -30.3012
vt -36.3685 -3.1668
vn 0.112259 0.945375 -0.306047
f 270/886/209 174/887/210 271/888/211

vt -16.1806 -29.9165
vn 0.0936312 0.9491 -0.300738
vt -36.4208 -3.08685
vt -16.9548 -30.2806
f 173/889/212 271/890/211 174/891/210

vt -39.027 3.08778
vt -24.6645 -27.2966
vt -33.3247 4.30218
vn 0.0602761 0.954102 -0.293354
f 271/892/211 173/893/212 272/894/213

vt -19.1948 -27.8855
vn 0.0571193 0.954851 -0.291543
vt -32.7347 2.23423
vt -21.8753 -28.6779
f 172/895/214 272/896/213 173/897/212

vt -33.7197 6.24476
vt -24.4494 -25.4505
vt -27.8212 7.049
vn 0.035388 0.956773 -0.288676
f 272/898/213 172/899/214 273/900/215

vt -20.0135 -25.8307
vn 0.0342029 0.956946 -0.288242
vt -27.6406 5.97004
vt -22.9424 -26.3644
f 171/901/216 273/902/215 172/903/214

vt -20.572 -23.5309
vn 0.0090175 0.957853 -0.287118
vt -23.2824 8.99536
vt -28.0016 8.68593
vt -23.7505 -23.7392
f 170/904/217 274/905/217 273/906/215 171/907/216 

vt -18.713 10.3623
vn -0.0090175 0.957853 -0.287118
vt -23.3282 10.3623
vt -22.5748 -22.268
vt -19.4664 -22.268
f 275/908/218 274/909/217 170/910/217 169/911/218 

vt -13.957 11.2085
vn -0.035388 0.956773 -0.288676
vt -18.6763 11.5179
vt -21.3866 -21.0084
vt -18.2081 -21.2166
vn -0.0342029 0.956946 -0.288242
f 276/912/219 275/913/218 169/914/218 168/915/220 

vt -13.7771 12.8667
vt -21.4042 -18.934
vt -18.4752 -19.4677
vn -0.0571193 0.954851 -0.291543
f 276/916/219 168/917/220 167/918/221

vt -17.2389 -20.2511
vt -7.96858 11.4442
vn -0.0602761 0.954102 -0.293354
vt -13.8671 12.2484
f 167/919/221 277/920/222 276/921/219

vt -7.73582 13.0678
vt -21.2758 -17.0519
vt -18.5952 -17.8443
vn -0.0936312 0.9491 -0.300738
f 277/922/222 167/923/221 166/924/223

vt -16.5355 -19.3152
vt -2.17295 11.0692
vn -0.112259 0.945375 -0.306047
vt -7.87524 12.2836
f 166/925/223 278/926/224 277/927/222

vt -22.2681 -13.9272
vt -21.4939 -14.2913
vn -0.213215 0.92145 -0.324761
vt -2.02784 12.9024
f 166/928/223 165/929/225 278/930/224

vt -1.66215 12.7625
vn -0.288454 0.896494 -0.336294
vt -2.02493 12.9347
vt -21.5736 -14.1997
f 279/931/226 278/932/224 165/933/225

vt -29.2354 0.292486
vt -28.6861 -0.365988
vn -0.432654 0.830086 -0.351807
vt -1.26187 18.7562
f 165/934/225 164/935/227 279/936/226

vt -1.00022 18.5299
vn -0.504111 0.786935 -0.355817
vt -1.25698 18.8405
vt -28.7428 -0.193148
f 280/937/228 279/938/226 164/939/227

vt -31.1915 10.5938
vt -30.8294 9.81657
vn -0.663062 0.659743 -0.353678
vt -0.770906 24.5504
f 164/940/227 163/941/229 280/942/228

vt -0.598218 24.2851
vn -0.664647 0.658208 -0.353564
vt -0.767378 24.6518
vt -30.8571 9.98197
f 281/943/230 280/944/228 163/945/229

vt -0.47262 29.3552
vt -31.8223 17.6342
vt -0.370071 28.9636
vn -0.796388 0.503858 -0.334506
f 281/946/230 163/947/229 282/948/231

vt -31.5925 16.6927
vn -0.840602 0.435426 -0.322168
vt -0.371541 28.8836
vt -31.8119 17.5215
f 162/949/232 282/950/231 163/951/229

vt -0.291173 32.6026
vt -32.0446 21.8746
vt -0.240452 32.2002
vn -0.925933 0.253834 -0.279673
f 282/952/231 162/953/232 283/954/233

vt -31.9328 20.974
vn -0.915823 0.280335 -0.287543
vt -0.241212 32.1627
vt -32.0412 21.8244
f 161/955/234 283/956/233 162/957/232

vt -0.197096 33.7511
vt -32.0831 23.1292
vt -32.009 21.7676
f 283/958/233 161/959/234 157/960/110

v -1.00546 1.97402 0.136912
vt -8.45029 29.8176
vn -0.969289 0.0875108 -0.229829
vt -0.168434 34.1962
vt -32.0485 22.3951
f 333/961/235 283/962/233 157/963/110

v -1.0117 1.98317 0.166729
vt -7.8966 29.9847
f 334/964/235 283/962/233 333/961/235

v -1.01988 1.99019 0.203905
vt -7.20459 30.1128
f 335/965/235 283/962/233 334/964/235

v -1.02944 1.99461 0.245907
vt -6.42141 30.1934
f 336/966/235 283/962/233 335/965/235

v -1.03973 1.99611 0.289873
vt -5.60043 30.2209
f 337/967/235 283/962/233 336/966/235

v -1.05005 1.99461 0.332807
vt -4.79761 30.1934
f 338/968/235 283/962/233 337/967/235

v -1.05969 1.99019 0.371782
vt -4.06765 30.1128
f 339/969/235 283/962/233 338/968/235

vt -0.0744765 29.6681
vn -0.971525 0.0701998 -0.2263
f 283/962/233 339/969/235 284/970/236

v -1.06799 1.98317 0.404143
vt -3.4603 29.9847
f 284/970/236 339/969/235 340/971/235

v -1.06554 1.98317 0.497906
vt 1.55199 19.2707
vn 0.706864 -0.707107 -0.0185099
vt 3.25736 19.2707
vt 3.84158 19.4804
vn 0.499829 -0.866025 -0.0130885
v -1.05639 1.99019 0.497666
vt 1.55199 19.4804
f 341/972/237 340/973/237 339/974/238 342/975/238 

v -1.07256 1.97402 0.498089
vt 1.55199 24.3871
vn 0.865729 -0.5 -0.0226699
v -1.0744 1.97402 0.427683
vt 2.83254 24.3871
vt 3.25736 24.5968
vt 1.55199 24.5968
f 343/976/239 344/977/239 340/978/237 341/979/237 

v -1.07697 1.96336 0.498205
vt 1.55199 27.8344
vn 0.965595 -0.258819 -0.025285
v -1.07847 1.96336 0.4408
vt 2.59607 27.8344
vt 2.83254 28.0441
vt 1.55199 28.0441
f 345/980/240 346/981/240 344/982/239 343/983/239 

v -1.07848 1.95192 0.498244
vt 1.55199 29.3777
vn 0.999657 -1.94286e-14 -0.0261769
v -1.07993 1.95192 0.442599
vt 2.56407 29.3777
vt 2.59607 29.5874
vt 1.55199 29.5874
f 347/984/241 348/985/241 346/986/240 345/987/240 

v -1.07697 1.94049 0.498205
vt 1.55199 28.9118
vn 0.965595 0.258819 -0.025285
v -1.07868 1.94049 0.432957
vt 2.73872 28.9118
vt 2.56407 29.1215
vt 1.55199 29.1215
f 349/988/242 350/989/242 348/990/241 347/991/241 

v -1.07256 1.92983 0.498089
vt 1.55199 26.4685
vn 0.865729 0.5 -0.0226699
v -1.0748 1.92983 0.412532
vt 3.10811 26.4685
vt 2.73872 26.6782
vt 1.55199 26.6782
f 351/992/243 352/993/243 350/994/242 349/995/242 

v -1.06554 1.92068 0.497906
vt 1.55199 22.2142
vn 0.706864 0.707107 -0.0185099
v -1.06855 1.92068 0.382715
vt 3.64708 22.2142
vt 3.10811 22.4239
vt 1.55199 22.4239
f 353/996/244 354/997/244 352/998/243 351/999/243 

v -1.05639 1.91366 0.497666
vt 1.55199 16.4389
vn 0.499829 0.866025 -0.0130885
v -1.06037 1.91366 0.345539
vt 4.31889 16.4389
vt 3.64708 16.6487
vt 1.55199 16.6487
f 355/1000/245 356/1001/245 354/1002/244 353/1003/244 

v -1.04574 1.90924 0.497387
vt 1.55199 9.53624
vn 0.25873 0.965926 -0.00677509
v -1.05081 1.90924 0.303537
vt 5.07775 9.53624
vt 4.31889 9.74597
vt 1.55199 9.74597
f 357/1004/246 358/1005/246 356/1006/245 355/1007/245 

v -1.0343 1.90774 0.497088
vt 1.55199 1.97651
vn 1.07781e-15 1 7.86487e-16
v -1.04052 1.90774 0.259571
vt 5.87196 1.97651
vt 5.07775 2.18623
vt 1.55199 2.18623
f 359/1008/247 360/1009/247 358/1010/246 357/1011/246 

v -1.02287 1.90924 0.496788
vt -1.55199 5.72506
vn -0.25873 0.965926 0.00677509
v -1.03021 1.90924 0.216637
vt -6.64739 5.72506
vt -5.87196 5.51534
vt -1.55199 5.51534
f 361/1012/248 362/1013/248 360/1014/247 359/1015/247 

v -1.01222 1.91366 0.496509
vt -1.55199 13.0436
vn -0.499829 0.866025 0.0130885
v -1.02057 1.91366 0.177662
vt -7.3512 13.0436
vt -6.64739 12.8339
vt -1.55199 12.8339
f 363/1016/249 364/1017/249 362/1018/248 361/1019/248 

v -1.00307 1.92068 0.49627
vt -1.55199 19.4804
vn -0.706864 0.707107 0.0185099
v -1.01226 1.92068 0.145302
vt -7.93542 19.4804
vt -7.3512 19.2707
vt -1.55199 19.2707
f 365/1020/250 366/1021/250 364/1022/249 363/1023/249 

v -0.996051 1.92983 0.496086
vt -1.55199 24.5968
vn -0.865729 0.5 0.0226699
v -1.00585 1.92983 0.121761
vt -8.36024 24.5968
vt -7.93542 24.3871
vt -1.55199 24.3871
f 367/1024/251 368/1025/251 366/1026/250 365/1027/250 

v -0.991639 1.94049 0.49597
vt -1.55199 28.0441
vn -0.965595 0.258819 0.025285
v -1.00178 1.94049 0.108644
vt -8.59671 28.0441
vt -8.36024 27.8344
vt -1.55199 27.8344
f 369/1028/252 370/1029/252 368/1030/251 367/1031/251 

v -0.990134 1.95192 0.495931
vt -1.55199 29.5874
vn -0.999657 -1.08061e-14 0.0261769
v -1.00032 1.95192 0.106845
vt -8.62871 29.5874
vt -8.59671 29.3777
vt -1.55199 29.3777
f 371/1032/253 372/1033/253 370/1034/252 369/1035/252 

v -0.991639 1.96336 0.49597
vt -1.55199 29.1215
vn -0.965595 -0.258819 0.025285
v -1.00158 1.96336 0.116487
vt -8.45406 29.1215
vt -8.62871 28.9118
vt -1.55199 28.9118
f 373/1036/254 374/1037/254 372/1038/253 371/1039/253 

v -0.996051 1.97402 0.496086
vt -1.55199 26.6782
vn -0.865729 -0.5 0.0226699
vt -8.08467 26.6782
vt -8.45406 26.4685
vt -1.55199 26.4685
f 375/1040/255 333/1041/255 374/1042/254 373/1043/254 

v -1.00307 1.98317 0.49627
vt -1.55199 22.4239
vn -0.706864 -0.707107 0.0185099
vt -7.5457 22.4239
vt -8.08467 22.2142
vt -1.55199 22.2142
f 376/1044/256 334/1045/256 333/1046/255 375/1047/255 

v -1.01222 1.99019 0.496509
vt -1.55199 16.6487
vn -0.499829 -0.866025 0.0130885
vt -6.8739 16.6487
vt -7.5457 16.4389
vt -1.55199 16.4389
f 377/1048/257 335/1049/257 334/1050/256 376/1051/256 

v -1.02287 1.99461 0.496788
vt -1.55199 9.74597
vn -0.25873 -0.965926 0.00677509
vt -6.11503 9.74597
vt -6.8739 9.53624
vt -1.55199 9.53624
f 378/1052/258 336/1053/258 335/1054/257 377/1055/257 

v -1.0343 1.99611 0.497088
vt -1.55199 2.18623
vn -3.51338e-15 -1 -8.4707e-16
vt -5.32082 2.18623
vt -6.11503 1.97651
vt -1.55199 1.97651
f 379/1056/259 337/1057/259 336/1058/258 378/1059/258 

v -1.04574 1.99461 0.497387
vt 1.55199 5.51534
vn 0.25873 -0.965926 -0.00677509
vt 4.54539 5.51534
vt 5.32082 5.72506
vt 1.55199 5.72506
f 380/1060/260 338/1061/260 337/1062/259 379/1063/259 

vt 1.55199 12.8339
vt 3.84158 12.8339
vt 4.54539 13.0436
vt 1.55199 13.0436
f 342/1064/238 339/1065/238 338/1066/260 380/1067/260 

vt -8.82792 29.6231
f 333/961/235 157/963/110 374/1068/235

vt -9.00375 29.4144
f 374/1068/235 157/963/110 372/1069/235

vt -8.9658 29.2056
f 157/963/110 370/1070/235 372/1069/235

vt -8.71667 29.0111
f 157/963/110 368/1071/235 370/1070/235

vt -8.27332 28.8441
f 157/963/110 366/1072/235 368/1071/235

vt -7.66597 28.7159
f 157/963/110 364/1073/235 366/1072/235

vt -6.93602 28.6354
f 157/963/110 362/1074/235 364/1073/235

vt -6.13319 28.6079
f 157/963/110 360/1075/235 362/1074/235

vt -5.31222 28.6354
f 157/963/110 358/1076/235 360/1075/235

vt -4.52904 28.7159
f 157/963/110 356/1077/235 358/1076/235

vt -3.83702 28.8441
f 157/963/110 354/1078/235 356/1077/235

f 284/970/236 354/1078/235 157/963/110

vt -3.28334 29.0111
f 354/1078/235 284/970/236 352/1079/235

vt -2.90571 29.2056
f 352/1079/235 284/970/236 350/1080/235

vt -2.72988 29.4144
f 350/1080/235 284/970/236 348/1081/235

vt -2.76782 29.6231
f 284/970/236 346/1082/235 348/1081/235

vt -3.01695 29.8176
f 284/970/236 344/1083/235 346/1082/235

f 284/970/236 340/971/235 344/1083/235

vt -0.0719899 29.7298
vt -32.05 22.4746
vt -0.0183741 25.2967
f 284/1084/236 157/1085/110 155/1086/108

g Mesh3 Component_13_1 Television_Silver_CRT1 Model

usemtl Black_SemiGloss_01
v 0.0259384 2.18549 0.899906
vt 37.4163 55.6927
vn 1.21223e-16 0.249237 0.968443
v 0.0259384 2.20122 0.89492
vt 37.413 56.2874
v -0.0872689 2.20122 0.892409
vt 33.2955 56.2874
vn -0.0174307 0.249199 0.968295
v -0.146253 2.20011 0.891451
vt 31.1505 56.2457
vn -0.0348382 0.249086 0.967855
v -0.146253 2.18441 0.896429
vt 31.1537 55.6519
v -0.0850048 2.18549 0.897446
vt 33.3811 55.6927
f 381/1087/261 382/1088/261 383/1089/262 384/1090/263 385/1091/263 386/1092/262 

vt 37.572 55.8759
vt 37.5688 55.2812
v 0.136882 2.18549 0.897446
vt 41.6039 55.2812
vn 0.0174307 0.249199 0.968295
v 0.19813 2.18441 0.896429
vt 43.8313 55.2405
vn 0.0348382 0.249086 0.967855
v 0.19813 2.20011 0.891451
vt 43.8346 55.8342
v 0.139146 2.20122 0.892409
vt 41.6895 55.8759
f 382/1093/261 381/1094/261 387/1095/264 388/1096/265 389/1097/265 390/1098/264 

usemtl TV_Screen_01
v 0.19813 2.01053 0.951565
vt 43.7952 48.6647
vn 0.0352045 0.205418 0.978041
v 0.0259384 2.01053 0.955384
vt 37.5325 48.6647
vn 1.21881e-16 0.205544 0.978648
f 391/1099/266 388/1096/265 387/1095/264 381/1094/261 392/1100/267 

v 0.370267 2.01053 0.940109
vt 50.081 48.1906
vn 0.0703007 0.205039 0.976226
v 0.370267 2.18127 0.88597
vt 50.1872 54.6467
vn 0.0695718 0.248633 0.966096
v 0.36422 2.18149 0.886302
vt 49.967 54.6551
vn 0.0522396 0.248897 0.96712
vt 43.9184 54.7655
vt 43.8103 48.1906
f 393/1101/268 394/1102/269 395/1103/270 388/1104/265 391/1105/266 

v 0.542296 2.01053 0.921019
vt 56.3085 47.6584
vn 0.105182 0.204411 0.973218
v 0.542296 2.17494 0.868885
vt 56.4784 53.8739
vn 0.104098 0.247883 0.963181
vt 50.1981 54.1129
vt 50.0217 47.6584
f 396/1106/271 397/1107/272 394/1108/269 393/1109/268 

v 0.714162 2.01053 0.894302
vt 62.4769 47.0736
vn 0.139744 0.203539 0.969043
v 0.714162 2.16747 0.844538
vt 62.703 53.0045
vn 0.138316 0.246841 0.959134
v 0.650208 2.17098 0.853368
vt 60.3598 53.1369
vn 0.121286 0.247397 0.961293
vt 56.4032 53.2869
vt 56.1663 47.0736
f 398/1110/273 399/1111/274 400/1112/275 397/1113/272 396/1114/271 

v 0.885811 2.01053 0.859966
vt 68.587 46.4424
vn 0.173889 0.202431 0.963735
v 0.885811 2.15806 0.813184
vt 68.8588 52.0152
vn 0.172131 0.245517 0.953988
vt 62.5338 52.3705
vt 62.2447 46.4424
f 401/1115/276 402/1116/277 399/1117/274 398/1118/273 

vt 68.2587 45.7715
v 1.01311 2.01053 0.828809
vt 72.9991 45.7715
vn 0.190828 0.201789 0.960659
v 1.00424 2.11139 0.799
vt 72.8941 49.5792
vn 0.18891 0.244749 0.951005
v 0.998455 2.12491 0.796128
vt 72.7091 50.0896
v 0.989259 2.13652 0.794697
vt 72.3926 50.5279
v 0.977276 2.14543 0.794806
vt 71.9663 50.8642
v 0.96332 2.15103 0.796445
vt 71.4592 51.0756
v 0.948409 2.15463 0.798952
vt 70.912 51.2117
vt 68.5887 51.3412
f 401/1119/276 403/1120/278 404/1121/279 405/1122/279 406/1123/279 407/1124/279 408/1125/279 409/1126/279 402/1127/277 

v 0.885811 1.81198 0.90003
vt 67.9761 40.4338
vn 0.17648 0.110276 0.978108
v 1.02789 1.81198 0.865257
vt 73.2666 40.4338
vn 0.193655 0.109916 0.974893
v 1.02437 1.88262 0.851864
vt 73.2363 43.0426
vn 0.19237 0.158602 0.968421
vt 72.9991 47.7667
vt 68.2587 47.7667
f 410/1128/280 411/1129/281 412/1130/282 403/1131/278 401/1132/276 

v 0.885811 1.61344 0.915292
vt 67.8685 34.9513
vn 0.177404 0.042155 0.983235
v 1.03612 1.61344 0.878505
vt 73.4654 34.9513
vn 0.194664 0.0420152 0.97997
v 1.03487 1.67177 0.874328
vt 73.4504 37.0774
vn 0.194472 0.06108 0.979004
vt 73.2666 42.1877
vt 67.9761 42.1877
f 413/1133/283 414/1134/284 415/1135/285 411/1136/281 410/1137/280 

v 0.885811 1.41489 0.921016
vt 67.8281 28.2865
vn 0.177561 1.33157e-15 0.98411
v 1.03846 1.41489 0.883655
vt 73.5123 28.2865
vn 0.194836 1.16665e-15 0.980836
v 1.03846 1.50416 0.881082
vt 73.5305 31.534
vn 0.194785 0.0229418 0.980578
vt 73.4654 35.5088
vt 67.8685 35.5088
f 416/1138/286 417/1139/287 418/1140/288 414/1141/284 413/1142/283 

vt 73.5123 28.8826
vt 67.8281 28.8826
v 0.885811 1.21634 0.915292
vt 67.8685 21.6603
vn 0.177404 -0.042155 0.983235
v 1.03612 1.21634 0.878505
vt 73.4654 21.6603
vn 0.194664 -0.0420152 0.97997
v 1.03846 1.32561 0.881082
vt 73.5305 25.6351
vn 0.194785 -0.0229418 0.980578
f 417/1143/287 416/1144/286 419/1145/289 420/1146/290 421/1147/291 

vt 68.2655 21.5952
vt 68.2323 28.8174
v 0.714162 1.41489 0.955352
vt 61.89 28.8174
vn 0.142729 1.44507e-15 0.989762
v 0.714162 1.21634 0.949629
vt 61.9232 21.5952
vn 0.142601 -0.0423964 0.988872
f 419/1148/289 416/1149/286 422/1150/292 423/1151/293 

vt 68.2323 28.3514
vt 68.2655 35.5737
v 0.714162 1.61344 0.949629
vt 61.9232 35.5737
vn 0.142601 0.0423964 0.988872
vt 61.89 28.3514
f 416/1152/286 413/1153/283 424/1154/294 422/1155/292 

v 0.714162 1.81198 0.934366
vt 62.0119 42.3599
vn 0.141849 0.110897 0.983657
vt 61.9232 35.1232
vt 68.2655 35.1232
vt 68.3542 42.3599
f 425/1156/295 424/1157/294 413/1158/283 410/1159/280 

v 0.542296 1.81198 0.961083
vt 55.9842 42.5216
vn 0.10678 0.111385 0.988024
v 0.542296 1.61344 0.976346
vt 55.9149 35.2847
vn 0.107351 0.0425865 0.993309
vt 62.2256 35.2847
vt 62.2949 42.5216
f 426/1160/296 427/1161/297 424/1162/294 425/1163/295 

v 0.370267 1.81198 0.980173
vt 49.8911 42.671
vn 0.0713759 0.111737 0.991171
v 0.370267 1.61344 0.995435
vt 49.8414 35.4339
vn 0.0717597 0.0427234 0.996507
vt 56.1282 35.4339
vt 56.1779 42.671
f 428/1164/298 429/1165/299 427/1166/297 426/1167/296 

v 0.19813 1.81198 0.991629
vt 43.7317 42.8065
vn 0.035745 0.11195 0.993071
v 0.19813 1.61344 1.00689
vt 43.7018 35.5693
vn 0.035938 0.0428061 0.998437
vt 49.9726 35.5693
vt 50.0025 42.8065
f 430/1168/300 431/1169/301 429/1170/299 428/1171/298 

v 0.0259384 1.81198 0.995448
vt 37.5063 42.9265
vn 1.63835e-16 0.112021 0.993706
v 0.0259384 1.61344 1.01071
vt 37.4963 35.6893
vn 1.64201e-16 0.0428337 0.999082
vt 43.759 35.6893
vt 43.769 42.9265
f 432/1172/302 433/1173/303 431/1174/301 430/1175/300 

vt 37.4888 35.7928
vt 37.4788 43.03
vn 1.63051e-16 0.112021 0.993706
v -0.146253 1.81198 0.991629
vt 31.216 43.03
vn -0.035745 0.11195 0.993071
v -0.146253 1.61344 1.00689
vt 31.226 35.7928
vn -0.035938 0.0428061 0.998437
f 433/1176/303 432/1177/304 434/1178/305 435/1179/306 

v -0.146253 2.01053 0.951565
vt 31.1898 49.935
vn -0.0352045 0.205418 0.978041
vt 31.216 42.5968
vt 37.4788 42.5968
vt 37.4526 49.935
f 436/1180/307 434/1181/305 432/1182/304 392/1183/267 

v -0.318391 2.01053 0.940109
vt 24.7845 50.1586
vn -0.0703007 0.205039 0.976226
v -0.318391 1.81198 0.980173
vt 24.8631 42.8207
vn -0.0713759 0.111737 0.991171
vt 31.1339 42.8207
vt 31.0553 50.1586
f 437/1184/308 438/1185/309 434/1186/305 436/1187/307 

v -0.490419 2.01053 0.921019
vt 18.3195 50.3362
vn -0.105182 0.204411 0.973218
v -0.490419 1.81198 0.961083
vt 18.4501 42.9991
vn -0.10678 0.111385 0.988024
vt 24.7369 42.9991
vt 24.6063 50.3362
f 439/1188/310 440/1189/311 438/1190/309 437/1191/308 

v -0.662285 2.01053 0.894302
vt 11.7982 50.467
vn -0.139744 0.203539 0.969043
v -0.662285 1.81198 0.934366
vt 11.9802 43.131
vn -0.141849 0.110897 0.983657
vt 18.2909 43.131
vt 18.1089 50.467
f 441/1192/312 442/1193/313 440/1194/311 439/1195/310 

v -0.833934 2.01053 0.859966
vt 5.224 50.5511
vn -0.173889 0.202431 0.963735
v -0.833934 1.81198 0.90003
vt 5.45678 43.2166
vn -0.17648 0.110276 0.978108
vt 11.7991 43.2166
vt 11.5663 50.5511
f 443/1196/314 444/1197/315 442/1198/313 441/1199/312 

v -0.97601 1.81198 0.865257
vt -0.0258895 43.2566
vn -0.193655 0.109916 0.974893
vt 5.26462 43.2566
vt 4.98201 50.5894
v -0.961236 2.01053 0.828809
vt 0.241655 50.5894
vn -0.190828 0.201789 0.960659
v -0.972495 1.88262 0.851864
vt 0.00446621 45.8653
vn -0.19237 0.158602 0.968421
f 445/1200/316 444/1201/315 443/1202/314 446/1203/317 447/1204/318 

v -0.98424 1.61344 0.878505
vt -0.224665 36.0409
vn -0.194664 0.0420152 0.97997
v -0.833934 1.61344 0.915292
vt 5.37228 36.0409
vn -0.177404 0.042155 0.983235
vt 5.26462 43.2773
vt -0.0258895 43.2773
v -0.982988 1.67177 0.874328
vt -0.209692 38.1671
vn -0.194472 0.06108 0.979004
f 448/1205/319 449/1206/320 444/1207/315 445/1208/316 450/1209/321 

v -0.986584 1.41489 0.883655
vt -0.271591 28.696
vn -0.194836 1.16665e-15 0.980836
v -0.833934 1.41489 0.921016
vt 5.41266 28.696
vn -0.177561 1.33393e-15 0.98411
vt 5.37228 35.9182
vt -0.224665 35.9182
v -0.986584 1.50416 0.881082
vt -0.289744 31.9434
vn -0.194785 0.0229418 0.980578
f 451/1210/322 452/1211/323 449/1212/320 448/1213/319 453/1214/324 

vt 5.41266 28.4731
vt -0.271591 28.4731
v -0.986584 1.32561 0.881082
vt -0.289744 25.2257
vn -0.194785 -0.0229418 0.980578
v -0.98424 1.21634 0.878505
vt -0.224665 21.2509
vn -0.194664 -0.0420152 0.97997
v -0.833934 1.21634 0.915292
vt 5.37228 21.2509
vn -0.177404 -0.042155 0.983235
f 452/1215/323 451/1216/322 454/1217/325 455/1218/326 456/1219/327 

usemtl Black_SemiGloss_01
v -1.00277 1.21634 0.87397
vt -0.914758 21.2509
vn -0.194836 8.62033e-16 0.980836
v -1.00531 1.41489 0.879072
vt -0.968947 28.4731
v -1.00531 1.32379 0.876446
vt -0.98747 25.1595
f 457/1220/326 455/1218/326 454/1217/325 451/1216/328 458/1221/328 459/1222/325 

v -0.993871 1.01779 0.860886
vt -0.690948 13.7798
vn -0.193655 -0.109916 0.974893
v -0.97601 1.01779 0.865257
vt -0.0258895 13.7798
v -0.982988 1.158 0.874328
vt -0.209692 18.8901
vn -0.194472 -0.06108 0.979004
vt -0.224665 21.0163
vt -0.914758 21.0163
v -1.00127 1.15276 0.86945
vt -0.893281 18.699
f 460/1223/329 461/1224/329 462/1225/330 455/1226/326 457/1227/326 463/1228/330 

v -0.978688 0.819244 0.824538
vt -0.408194 5.71774
vn -0.190828 -0.201789 0.960659
v -0.961236 0.819244 0.828809
vt 0.241655 5.71774
v -0.972495 0.947156 0.851864
vt 0.00446621 10.4418
vn -0.19237 -0.158602 0.968421
vt -0.0258895 13.0506
vt -0.690948 13.0506
v -0.989475 0.93761 0.845782
vt -0.641399 10.0893
f 464/1229/331 465/1230/331 466/1231/332 461/1232/329 460/1233/329 467/1234/332 

v -0.833934 0.658164 0.808889
vt 4.62172 -1.10776
vn -0.172131 -0.245517 0.953988
v -0.833934 0.671711 0.813184
vt 4.65202 -0.59634
v -0.896532 0.675142 0.798952
vt 2.32872 -0.466822
vn -0.18891 -0.244749 0.951005
v -0.911443 0.678748 0.796445
vt 1.78153 -0.330695
v -0.925399 0.684348 0.794806
vt 1.2744 -0.119286
v -0.937382 0.693256 0.794697
vt 0.848094 0.217017
v -0.946578 0.704865 0.796128
vt 0.531652 0.655296
v -0.952358 0.718385 0.799
vt 0.346644 1.16568
vt 0.241655 4.97334
vt -0.408194 4.97334
v -0.969496 0.718385 0.794806
vt -0.291516 1.16568
v -0.961941 0.700145 0.790871
vt -0.0509879 0.477111
v -0.949923 0.684483 0.788846
vt 0.361503 -0.114179
v -0.93426 0.672465 0.788869
vt 0.917845 -0.567892
v -0.916021 0.66491 0.790937
vt 1.58013 -0.853108
v -0.896532 0.662055 0.794802
vt 2.29944 -0.960889
f 468/1235/333 469/1236/333 470/1237/334 471/1238/334 472/1239/334 473/1240/334 474/1241/334 475/1242/334 465/1243/331 464/1244/331 476/1245/334 477/1246/334 478/1247/334 479/1248/334 480/1249/334 481/1250/334 

v -0.662285 0.647496 0.839842
vt 11.2499 -1.47675
vn -0.138316 -0.246841 0.959134
v -0.662285 0.662304 0.844538
vt 11.2772 -0.917423
vt 4.95219 -0.562075
vt 4.92723 -1.07378
f 482/1251/335 483/1252/335 469/1253/333 468/1254/333 

v -0.490419 0.639595 0.864054
vt 17.85 -1.66658
vn -0.104098 -0.247883 0.963181
v -0.490419 0.654832 0.868885
vt 17.872 -1.09078
v -0.598331 0.658799 0.853368
vt 13.9153 -0.940855
vn -0.121286 -0.247397 0.961293
vt 11.5721 -0.808395
vt 11.5508 -1.36798
v -0.611071 0.644314 0.846794
vt 13.4267 -1.48826
f 484/1255/336 485/1256/336 486/1257/337 483/1258/335 482/1259/335 487/1260/337 

v -0.318391 0.632884 0.881016
vt 24.4137 -1.73508
vn -0.0695718 -0.248633 0.966096
v -0.318391 0.648507 0.88597
vt 24.4299 -1.14447
vt 18.1497 -0.905381
vt 18.1339 -1.48139
v -0.319247 0.6329 0.880926
vt 24.3825 -1.73447
vn -0.0868919 -0.248294 0.96478
f 488/1261/338 489/1262/338 485/1263/336 484/1264/336 490/1265/339 

v -0.146253 0.629663 0.891451
vt 30.9374 -1.59489
vn -0.0348382 -0.249086 0.967855
v -0.146253 0.645363 0.896429
vt 30.9472 -1.00122
v -0.312343 0.648285 0.886302
vt 24.8985 -0.890748
vn -0.0522396 -0.248897 0.96712
vt 24.6784 -0.882341
vt 24.6687 -1.47309
f 491/1266/340 492/1267/340 493/1268/341 489/1269/338 488/1270/338 

v 0.0259384 0.62856 0.89492
vt 37.413 -1.29877
vn 1.27521e-16 -0.249237 0.968443
v 0.0259384 0.644286 0.899906
vt 37.4163 -0.704029
v -0.0850048 0.644286 0.897446
vt 33.3811 -0.704029
vn -0.0174307 -0.249199 0.968295
vt 31.1537 -0.663287
vt 31.1505 -1.25703
v -0.0872689 0.62856 0.892409
vt 33.2955 -1.29877
f 494/1271/342 495/1272/342 496/1273/343 492/1274/340 491/1275/340 497/1276/343 

vt 37.5688 -0.292546
vt 37.572 -0.887289
v 0.139146 0.62856 0.892409
vt 41.6895 -0.887289
vn 0.0174307 -0.249199 0.968295
v 0.19813 0.629663 0.891451
vt 43.8346 -0.845549
vn 0.0348382 -0.249086 0.967855
v 0.19813 0.645363 0.896429
vt 43.8313 -0.251804
v 0.136882 0.644286 0.897446
vt 41.6039 -0.292546
f 495/1277/342 494/1278/342 498/1279/344 499/1280/345 500/1281/345 501/1282/344 

vt 43.9184 0.229707
vt 43.9281 -0.363966
v 0.370267 0.632884 0.881016
vt 50.1969 -0.242167
vn 0.0695718 -0.248633 0.966096
v 0.370267 0.648507 0.88597
vt 50.1872 0.348582
v 0.36422 0.648285 0.886302
vt 49.967 0.340175
vn 0.0522396 -0.248897 0.96712
f 500/1283/345 499/1284/345 502/1285/346 503/1286/346 504/1287/347 

vt 50.1981 0.895419
vt 50.2143 0.30481
v 0.371123 0.6329 0.880926
vt 50.2455 0.305415
vn 0.0868919 -0.248294 0.96478
v 0.542296 0.639595 0.864054
vt 56.4941 0.558496
vn 0.104098 -0.247883 0.963181
v 0.542296 0.654832 0.868885
vt 56.4784 1.1345
f 503/1288/346 502/1289/346 505/1290/348 506/1291/349 507/1292/349 

vt 56.4032 1.74091
vt 56.4251 1.1651
v 0.662948 0.644314 0.846794
vt 60.8485 1.34342
vn 0.121286 -0.247397 0.961293
v 0.714162 0.647496 0.839842
vt 62.7244 1.46371
vn 0.138316 -0.246841 0.959134
v 0.714162 0.662304 0.844538
vt 62.703 2.02329
v 0.650208 0.658799 0.853368
vt 60.3598 1.89083
f 507/1293/349 506/1294/349 508/1295/350 509/1296/351 510/1297/351 511/1298/350 

vt 62.5338 2.68265
vt 62.5611 2.12333
v 0.885811 0.658164 0.808889
vt 68.8838 2.52629
vn 0.172131 -0.245517 0.953988
v 0.885811 0.671711 0.813184
vt 68.8588 3.038
f 510/1299/351 509/1300/351 512/1301/352 513/1302/352 

vt 68.5887 3.74304
vt 68.619 3.23162
v 0.948409 0.662055 0.794802
vt 70.9413 3.37849
vn 0.18891 -0.244749 0.951005
v 0.967898 0.66491 0.790937
vt 71.6606 3.48627
v 0.986137 0.672465 0.788869
vt 72.3229 3.77149
v 1.0018 0.684483 0.788846
vt 72.8792 4.2252
v 1.01382 0.700145 0.790871
vt 73.2917 4.81649
v 1.02137 0.718385 0.794806
vt 73.5323 5.50507
v 1.03056 0.819244 0.824538
vt 73.6489 9.31272
vn 0.190828 -0.201789 0.960659
v 1.01311 0.819244 0.828809
vt 72.9991 9.31272
v 1.00424 0.718385 0.799
vt 72.8941 5.50507
v 0.998455 0.704865 0.796128
vt 72.7091 4.99468
v 0.989259 0.693256 0.794697
vt 72.3926 4.5564
v 0.977276 0.684348 0.794806
vt 71.9663 4.2201
v 0.96332 0.678748 0.796445
vt 71.4592 4.00869
v 0.948409 0.675142 0.798952
vt 70.912 3.87256
f 513/1303/352 512/1304/352 514/1305/353 515/1306/353 516/1307/353 517/1308/353 518/1309/353 519/1310/353 520/1311/354 521/1312/354 522/1313/353 523/1314/353 524/1315/353 525/1316/353 526/1317/353 527/1318/353 

vt 72.9991 8.54047
vt 73.6489 8.54047
v 1.04135 0.93761 0.845782
vt 73.8821 12.912
vn 0.19237 -0.158602 0.968421
v 1.04575 1.01779 0.860886
vt 73.9317 15.8733
vn 0.193655 -0.109916 0.974893
v 1.02789 1.01779 0.865257
vt 73.2666 15.8733
v 1.02437 0.947156 0.851864
vt 73.2363 13.2645
f 521/1319/354 520/1320/354 528/1321/355 529/1322/356 530/1323/356 531/1324/355 

vt 73.2666 14.8695
vt 73.9317 14.8695
v 1.05315 1.15276 0.86945
vt 74.134 19.7887
vn 0.194472 -0.06108 0.979004
v 1.05465 1.21634 0.87397
vt 74.1555 22.1059
vt 73.4654 22.1059
v 1.03487 1.158 0.874328
vt 73.4504 19.9798
f 530/1325/356 529/1326/356 532/1327/357 533/1328/290 420/1329/290 534/1330/357 

vt 74.1555 21.6603
v 1.05719 1.32379 0.876446
vt 74.2282 25.5689
v 1.05719 1.41489 0.879072
vt 74.2097 28.8826
vn 0.194836 8.63604e-16 0.980836
f 420/1146/290 533/1331/290 535/1332/291 536/1333/358 417/1143/358 421/1147/291 

v 1.05465 1.61344 0.87397
vt 74.1555 35.5088
vt 74.2097 28.2865
v 1.05719 1.50599 0.876446
vt 74.2282 31.6002
f 537/1334/284 414/1141/284 418/1140/288 417/1139/358 536/1335/358 538/1336/288 

v 1.04575 1.81198 0.860886
vt 73.9317 42.1877
vt 74.1555 34.9513
v 1.05315 1.67701 0.86945
vt 74.134 37.2685
f 539/1337/281 411/1136/281 415/1135/285 414/1134/284 537/1338/284 540/1339/285 

v 1.03056 2.01053 0.824538
vt 73.6489 47.7667
vt 73.9317 40.4338
v 1.04135 1.89217 0.845782
vt 73.8821 43.3951
f 541/1340/278 403/1131/278 412/1130/282 411/1129/281 539/1341/281 542/1342/282 

v 0.885811 2.17161 0.808889
vt 68.619 51.8526
vt 73.6489 45.7715
v 1.02137 2.11139 0.794806
vt 73.5323 49.5792
v 1.01382 2.12963 0.790871
vt 73.2917 50.2678
v 1.0018 2.14529 0.788846
vt 72.8792 50.8591
v 0.986137 2.15731 0.788869
vt 72.3229 51.3128
v 0.967898 2.16487 0.790937
vt 71.6606 51.598
v 0.948409 2.16772 0.794802
vt 70.9413 51.7058
f 543/1343/277 402/1127/277 409/1126/279 408/1125/279 407/1124/279 406/1123/279 405/1122/279 404/1121/279 403/1120/278 541/1344/278 544/1345/279 545/1346/279 546/1347/279 547/1348/279 548/1349/279 549/1350/279 

v 0.714162 2.18228 0.839842
vt 62.5611 52.9299
vt 68.8838 52.5269
f 550/1351/274 399/1117/274 402/1116/277 543/1352/277 

v 0.542296 2.19018 0.864054
vt 56.4251 53.8627
vt 62.7244 53.5641
v 0.662948 2.18546 0.846794
vt 60.8485 53.6843
f 551/1353/272 397/1113/272 400/1112/275 399/1111/274 550/1354/274 552/1355/275 

v 0.370267 2.19689 0.881016
vt 50.2143 54.7036
vt 56.4941 54.4499
v 0.371123 2.19688 0.880926
vt 50.2455 54.7029
vn 0.0868919 0.248294 0.96478
f 553/1356/269 394/1108/269 397/1107/272 551/1357/272 554/1358/359 

vt 43.9281 55.3592
vt 50.1969 55.2374
f 389/1359/265 388/1104/265 395/1103/270 394/1102/269 553/1360/269 

usemtl TV_Screen_01
vt 67.8685 22.1059
v 0.885811 1.01779 0.90003
vt 67.9761 14.8695
vn 0.17648 -0.110276 0.978108
f 420/1329/290 419/1361/289 555/1362/360 530/1325/356 534/1330/357 

vt 61.9232 21.932
v 0.714162 1.01779 0.934366
vt 62.0119 14.6953
vn 0.141849 -0.110897 0.983657
vt 68.3542 14.6953
vt 68.2655 21.932
f 423/1363/293 556/1364/361 555/1365/360 419/1366/289 

v 0.542296 1.21634 0.976346
vt 55.9149 21.7688
vn 0.107351 -0.0425865 0.993309
v 0.542296 1.01779 0.961083
vt 55.9842 14.5319
vn 0.10678 -0.111385 0.988024
vt 62.2949 14.5319
vt 62.2256 21.7688
f 557/1367/362 558/1368/363 556/1369/361 423/1370/293 

v 0.370267 1.21634 0.995435
vt 49.8414 21.6183
vn 0.0717597 -0.0427234 0.996507
v 0.370267 1.01779 0.980173
vt 49.8911 14.3812
vn 0.0713759 -0.111737 0.991171
vt 56.1779 14.3812
vt 56.1282 21.6183
f 559/1371/364 560/1372/365 558/1373/363 557/1374/362 

v 0.19813 1.21634 1.00689
vt 43.7018 21.482
vn 0.035938 -0.0428061 0.998437
v 0.19813 1.01779 0.991629
vt 43.7317 14.2449
vn 0.035745 -0.11195 0.993071
vt 50.0025 14.2449
vt 49.9726 21.482
f 561/1375/366 562/1376/367 560/1377/365 559/1378/364 

v 0.0259384 1.21634 1.01071
vt 37.4963 21.3616
vn 1.61856e-16 -0.0428337 0.999082
v 0.0259384 1.01779 0.995448
vt 37.5063 14.1244
vn 1.59915e-16 -0.112021 0.993706
vt 43.769 14.1244
vt 43.759 21.3616
f 563/1379/368 564/1380/369 562/1381/367 561/1382/366 

vt 37.4788 14.0209
vn 1.59131e-16 -0.112021 0.993706
vt 37.4888 21.2581
vn 1.61074e-16 -0.0428337 0.999082
v -0.146253 1.21634 1.00689
vt 31.226 21.2581
vn -0.035938 -0.0428061 0.998437
v -0.146253 1.01779 0.991629
vt 31.216 14.0209
vn -0.035745 -0.11195 0.993071
f 564/1383/370 563/1384/371 565/1385/372 566/1386/373 

v -0.146253 1.41489 1.01261
vt 31.2298 28.5647
vn -0.0359709 1.28395e-15 0.999353
vt 31.226 21.3423
vt 37.4888 21.3423
v 0.0259384 1.41489 1.01643
vt 37.4925 28.5647
vn 1.23529e-16 1.2861e-15 1
f 567/1387/374 565/1388/372 563/1389/371 568/1390/375 

v -0.318391 1.41489 1.00116
vt 24.9042 28.5325
vn -0.0718252 1.27748e-15 0.997417
v -0.318391 1.21634 0.995435
vt 24.893 21.3101
vn -0.0717597 -0.0427234 0.996507
vt 31.1638 21.3101
vt 31.175 28.5325
f 569/1391/376 570/1392/377 565/1393/372 567/1394/374 

v -0.490419 1.41489 0.982069
vt 18.5185 28.5072
vn -0.107448 1.33165e-15 0.994211
v -0.490419 1.21634 0.976346
vt 18.4998 21.2848
vn -0.107351 -0.0425865 0.993309
vt 24.7866 21.2848
vt 24.8053 28.5072
f 571/1395/378 572/1396/379 570/1397/377 569/1398/376 

v -0.662285 1.41489 0.955352
vt 12.0756 28.4889
vn -0.142729 1.44507e-15 0.989762
v -0.662285 1.21634 0.949629
vt 12.0496 21.2666
vn -0.142601 -0.0423964 0.988872
vt 18.3602 21.2666
vt 18.3863 28.4889
f 573/1399/380 574/1400/381 572/1401/379 571/1402/378 

vt 5.57871 28.4776
vt 5.54546 21.2553
vt 11.8878 21.2553
vt 11.921 28.4776
f 452/1403/323 456/1404/327 574/1405/381 573/1406/380 

v -0.662285 1.01779 0.934366
vt 11.7991 13.7908
vn -0.141849 -0.110897 0.983657
vt 11.8878 21.0275
vt 5.54546 21.0275
v -0.833934 1.01779 0.90003
vt 5.45678 13.7908
vn -0.17648 -0.110276 0.978108
f 575/1407/382 574/1408/381 456/1409/327 576/1410/383 

v -0.490419 1.01779 0.961083
vt 18.2909 13.8202
vn -0.10678 -0.111385 0.988024
vt 18.3602 21.0571
vt 12.0496 21.0571
vt 11.9802 13.8202
f 577/1411/384 572/1412/379 574/1413/381 575/1414/382 

v -0.318391 1.01779 0.980173
vt 24.7369 13.8683
vn -0.0713759 -0.111737 0.991171
vt 24.7866 21.1054
vt 18.4998 21.1054
vt 18.4501 13.8683
f 578/1415/385 570/1416/377 572/1417/379 577/1418/384 

vt 31.1339 13.9353
vt 31.1638 21.1725
vt 24.893 21.1725
vt 24.8631 13.9353
f 566/1419/373 565/1420/372 570/1421/377 578/1422/385 

vt 24.8631 13.4478
v -0.318391 0.819244 0.940109
vt 24.7845 6.11
vn -0.0703007 -0.205039 0.976226
v -0.146253 0.819244 0.951565
vt 31.0553 6.11
vn -0.0352045 -0.205418 0.978041
vt 31.1339 13.4478
f 578/1423/385 579/1424/386 580/1425/387 566/1426/373 

vt 18.4501 13.2752
v -0.490419 0.819244 0.921019
vt 18.3195 5.9381
vn -0.105182 -0.204411 0.973218
vt 24.6063 5.9381
vt 24.7369 13.2752
f 577/1427/384 581/1428/388 579/1429/386 578/1430/385 

vt 11.9802 13.1517
v -0.662285 0.819244 0.894302
vt 11.7982 5.81567
vn -0.139744 -0.203539 0.969043
vt 18.1089 5.81567
vt 18.2909 13.1517
f 575/1431/382 582/1432/389 581/1433/388 577/1434/384 

vt 5.45678 13.0771
v -0.833934 0.819244 0.859966
vt 5.224 5.74255
vn -0.173889 -0.202431 0.963735
vt 11.5663 5.74255
vt 11.7991 13.0771
f 576/1435/383 583/1436/390 582/1437/389 575/1438/382 

vt 5.26462 13.0506
vt 4.98201 5.71774
f 576/1439/383 461/1232/329 466/1231/332 465/1230/331 583/1440/390 

vt 5.37228 21.0163
vt 5.26462 13.7798
f 456/1441/327 455/1226/326 462/1225/330 461/1224/329 576/1442/383 

vt 4.98201 4.97334
f 583/1443/390 465/1243/331 475/1242/334 474/1241/334 473/1240/334 472/1239/334 471/1238/334 470/1237/334 469/1236/333 

vt 5.224 5.01075
vt 11.5663 5.01075
f 583/1444/390 469/1253/333 483/1252/335 582/1445/389 

vt 11.7982 5.12251
vt 18.1089 5.12251
f 582/1446/389 483/1258/335 486/1257/337 485/1256/336 581/1447/388 

vt 18.3195 5.3101
vt 24.6063 5.3101
f 581/1448/388 485/1263/336 489/1262/338 579/1449/386 

vt 24.7845 5.57376
vt 31.0553 5.57376
f 579/1450/386 489/1269/338 493/1268/341 492/1267/340 580/1451/387 

vt 31.1898 5.91248
vn 1.30669e-16 -0.249237 0.968443
v 0.0259384 0.819244 0.955384
vt 37.4526 5.91248
vn 1.25026e-16 -0.205544 0.978648
f 580/1452/387 492/1274/340 496/1273/343 495/1272/391 584/1453/392 

v 0.19813 0.819244 0.951565
vt 43.7952 6.32397
vn 0.0352045 -0.205418 0.978041
vt 37.5325 6.32397
f 500/1281/345 585/1454/393 584/1455/392 495/1277/391 501/1282/344 

v 0.370267 0.819244 0.940109
vt 50.081 6.80469
vn 0.0703007 -0.205039 0.976226
vt 43.8103 6.80469
f 503/1286/346 586/1456/394 585/1457/393 500/1283/345 504/1287/347 

v 0.542296 0.819244 0.921019
vt 56.3085 7.34999
vn 0.105182 -0.204411 0.973218
vt 50.0217 7.34999
f 507/1292/349 587/1458/395 586/1459/394 503/1288/346 

v 0.714162 0.819244 0.894302
vt 62.4769 7.9542
vn 0.139744 -0.203539 0.969043
vt 56.1663 7.9542
f 510/1297/351 588/1460/396 587/1461/395 507/1293/349 511/1298/350 

v 0.885811 0.819244 0.859966
vt 68.587 8.61082
vn 0.173889 -0.202431 0.963735
vt 62.2447 8.61082
f 513/1302/352 589/1462/397 588/1463/396 510/1299/351 

vt 68.2587 9.31272
f 521/1312/354 589/1464/397 513/1303/352 527/1318/353 526/1317/353 525/1316/353 524/1315/353 523/1314/353 522/1313/353 

vt 67.9761 15.8733
vt 68.2587 8.54047
f 530/1323/356 555/1465/360 589/1466/397 521/1319/354 531/1324/355 

vt 68.587 8.08512
vt 68.3542 15.4197
vt 62.0119 15.4197
vt 62.2447 8.08512
f 589/1467/397 555/1468/360 556/1469/361 588/1470/396 

vt 62.4769 7.65875
vt 62.2949 14.9947
vt 55.9842 14.9947
vt 56.1663 7.65875
f 588/1471/396 556/1472/361 558/1473/363 587/1474/395 

vt 56.3085 7.26608
vt 56.1779 14.6032
vt 49.8911 14.6032
vt 50.0217 7.26608
f 587/1475/395 558/1476/363 560/1477/365 586/1478/394 

vt 50.081 6.91145
vt 50.0025 14.2493
vt 43.7317 14.2493
vt 43.8103 6.91145
f 586/1479/394 560/1480/365 562/1481/367 585/1482/393 

vt 43.7952 6.59861
vt 43.769 13.9368
vt 37.5063 13.9368
vt 37.5325 6.59861
f 585/1483/393 562/1484/367 564/1485/369 584/1486/392 

vt 31.216 13.6689
vt 31.1898 6.33068
vt 37.4526 6.33068
vt 37.4788 13.6689
f 566/1487/373 580/1488/387 584/1489/392 564/1490/369 

vt 5.54546 35.9135
vt 5.57871 28.6913
vt 11.921 28.6913
vn -0.142729 1.44428e-15 0.989762
v -0.662285 1.61344 0.949629
vt 11.8878 35.9135
vn -0.142601 0.0423964 0.988872
f 449/1491/320 452/1492/323 573/1493/398 590/1494/399 

vt 12.0496 35.902
vt 12.0756 28.6797
vt 18.3863 28.6797
v -0.490419 1.61344 0.976346
vt 18.3602 35.902
vn -0.107351 0.0425865 0.993309
f 590/1495/399 573/1496/398 571/1497/378 591/1498/400 

vt 18.4998 35.8836
vt 18.5185 28.6613
vt 24.8053 28.6613
vn -0.0718252 1.2767e-15 0.997417
v -0.318391 1.61344 0.995435
vt 24.7866 35.8836
vn -0.0717597 0.0427234 0.996507
f 591/1499/400 571/1500/378 569/1501/401 592/1502/402 

vt 24.893 35.8582
vt 24.9042 28.6358
vt 31.175 28.6358
vt 31.1638 35.8582
f 592/1503/402 569/1504/401 567/1505/374 435/1506/306 

vt 31.226 35.8259
vt 31.2298 28.6036
vt 37.4925 28.6036
vt 37.4888 35.8259
f 435/1507/306 567/1508/374 568/1509/375 433/1510/303 

v 0.19813 1.41489 1.01261
vt 43.7553 28.5647
vn 0.0359709 1.28317e-15 0.999353
vt 43.759 35.787
vt 37.4963 35.787
f 593/1511/403 431/1512/301 433/1513/303 568/1390/375 

v 0.370267 1.41489 1.00116
vt 49.9613 28.5195
vn 0.0718252 1.27592e-15 0.997417
vt 49.9726 35.7419
vt 43.7018 35.7419
vt 43.6906 28.5195
f 594/1514/404 429/1515/299 431/1516/301 593/1517/403 

v 0.542296 1.41489 0.982069
vt 56.1095 28.4685
vn 0.107448 1.33244e-15 0.994211
vt 56.1282 35.6909
vt 49.8414 35.6909
vt 49.8227 28.4685
f 595/1518/405 427/1519/297 429/1520/299 594/1521/404 

vt 62.1995 28.4123
vt 62.2256 35.6346
vt 55.9149 35.6346
vt 55.8889 28.4123
f 422/1522/292 424/1523/294 427/1524/297 595/1525/405 

vt 62.2256 21.534
vt 62.1995 28.7563
vt 55.8889 28.7563
vt 55.9149 21.534
f 423/1526/293 422/1527/292 595/1528/405 557/1529/362 

vt 56.1282 21.4776
vt 56.1095 28.6999
vt 49.8227 28.6999
vt 49.8414 21.4776
f 557/1530/362 595/1531/405 594/1532/404 559/1533/364 

vt 49.9726 21.4264
vt 49.9613 28.6488
vt 43.6906 28.6488
vt 43.7018 21.4264
f 559/1534/364 594/1535/404 593/1536/403 561/1537/366 

vt 43.759 21.3812
vt 43.7553 28.6036
vn 1.23529e-16 1.28689e-15 1
vt 37.4963 21.3812
f 561/1538/366 593/1539/403 568/1509/406 563/1540/368 

vt 31.1638 35.8789
vt 31.1339 43.116
vt 24.8631 43.116
vt 24.893 35.8789
f 435/1541/306 434/1542/305 438/1543/309 592/1544/402 

vt 24.7866 35.9468
vt 24.7369 43.1839
vt 18.4501 43.1839
vt 18.4998 35.9468
f 592/1545/402 438/1546/309 440/1547/311 591/1548/400 

vt 18.3602 35.9964
vt 18.2909 43.2333
vt 11.9802 43.2333
vt 12.0496 35.9964
f 591/1549/400 440/1550/311 442/1551/313 590/1552/399 

vt 11.8878 36.0277
vt 11.7991 43.2643
vt 5.45678 43.2643
vt 5.54546 36.0277
f 590/1553/399 442/1554/313 444/1555/315 449/1556/320 

usemtl Black_SemiGloss_01
v -1.00277 1.61344 0.87397
vt -0.914758 35.9182
v -1.00531 1.50599 0.876446
vt -0.98747 32.0097
vt -0.968947 28.696
f 448/1213/319 596/1557/319 597/1558/324 458/1559/328 451/1210/328 453/1214/324 

v -0.993871 1.81198 0.860886
vt -0.690948 43.2773
v -1.00127 1.67701 0.86945
vt -0.893281 38.3581
vt -0.914758 36.0409
f 445/1208/316 598/1560/316 599/1561/321 596/1562/319 448/1205/319 450/1209/321 

v -0.978688 2.01053 0.824538
vt -0.408194 50.5894
v -0.989475 1.89217 0.845782
vt -0.641399 46.2179
vt -0.690948 43.2566
f 446/1203/317 600/1563/317 601/1564/318 598/1565/316 445/1200/316 447/1204/318 

v -0.833934 2.15806 0.813184
vt 4.65202 55.6806
vn -0.172131 0.245517 0.953988
v -0.833934 2.17161 0.808889
vt 4.62172 56.192
v -0.896532 2.16772 0.794802
vt 2.29944 56.0451
vn -0.18891 0.244749 0.951005
v -0.916021 2.16487 0.790937
vt 1.58013 55.9374
v -0.93426 2.15731 0.788869
vt 0.917845 55.6521
v -0.949923 2.14529 0.788846
vt 0.361503 55.1984
v -0.961941 2.12963 0.790871
vt -0.0509879 54.6071
v -0.969496 2.11139 0.794806
vt -0.291516 53.9186
vt -0.408194 50.1109
vt 0.241655 50.1109
v -0.952358 2.11139 0.799
vt 0.346644 53.9186
v -0.946578 2.12491 0.796128
vt 0.531652 54.429
v -0.937382 2.13652 0.794697
vt 0.848094 54.8672
v -0.925399 2.14543 0.794806
vt 1.2744 55.2035
v -0.911443 2.15103 0.796445
vt 1.78153 55.4149
v -0.896532 2.15463 0.798952
vt 2.32872 55.5511
f 602/1566/407 603/1567/407 604/1568/408 605/1569/408 606/1570/408 607/1571/408 608/1572/408 609/1573/408 600/1574/317 446/1575/317 610/1576/408 611/1577/408 612/1578/408 613/1579/408 614/1580/408 615/1581/408 

v -0.662285 2.16747 0.844538
vt 11.2772 55.9706
vn -0.138316 0.246841 0.959134
v -0.662285 2.18228 0.839842
vt 11.2499 56.5299
vt 4.92723 56.127
vt 4.95219 55.6153
f 616/1582/409 617/1583/409 603/1584/407 602/1585/407 

v -0.490419 2.17494 0.868885
vt 17.872 56.1185
vn -0.104098 0.247883 0.963181
v -0.490419 2.19018 0.864054
vt 17.85 56.6944
v -0.611071 2.18546 0.846794
vt 13.4267 56.516
vn -0.121286 0.247397 0.961293
vt 11.5508 56.3957
vt 11.5721 55.8362
v -0.598331 2.17098 0.853368
vt 13.9153 55.9686
f 618/1586/410 619/1587/410 620/1588/411 617/1589/409 616/1590/409 621/1591/411 

v -0.318391 2.18127 0.88597
vt 24.4299 56.1528
vn -0.0695718 0.248633 0.966096
v -0.318391 2.19689 0.881016
vt 24.4137 56.7434
v -0.319247 2.19688 0.880926
vt 24.3825 56.7428
vn -0.0868919 0.248294 0.96478
vt 18.1339 56.4898
vt 18.1497 55.9137
f 622/1592/412 623/1593/412 624/1594/413 619/1595/410 618/1596/410 

vt 30.9472 55.9965
vt 30.9374 56.5901
vt 24.6687 56.4683
vt 24.6784 55.8776
v -0.312343 2.18149 0.886302
vt 24.8985 55.886
vn -0.0522396 0.248897 0.96712
f 385/1597/263 384/1598/263 623/1599/412 622/1600/412 625/1601/414 

usemtl TV_Screen_01
vt 24.7845 49.4215
vt 31.0553 49.4215
f 622/1600/412 437/1602/308 436/1603/307 385/1597/263 625/1601/414 

vt 18.3195 49.6983
vt 24.6063 49.6983
f 618/1596/410 439/1604/310 437/1605/308 622/1592/412 

vt 11.7982 49.9053
vt 18.1089 49.9053
f 616/1590/409 441/1606/312 439/1607/310 618/1586/410 621/1591/411 

vt 5.224 50.0424
vt 11.5663 50.0424
f 602/1585/407 443/1608/314 441/1609/312 616/1582/409 

vt 4.98201 50.1109
f 446/1575/317 443/1610/314 602/1566/407 615/1581/408 614/1580/408 613/1579/408 612/1578/408 611/1577/408 610/1576/408 

vt 31.1898 49.0762
vt 37.4526 49.0762
f 385/1091/263 436/1611/307 392/1612/267 381/1087/261 386/1092/262 

vt 43.769 42.3289
vt 43.7952 49.6671
vt 37.5325 49.6671
vt 37.5063 42.3289
f 430/1613/300 391/1614/266 392/1615/267 432/1616/302 

vt 50.0025 42.0193
vt 50.081 49.3571
vt 43.8103 49.3571
vt 43.7317 42.0193
f 428/1617/298 393/1618/268 391/1619/266 430/1620/300 

vt 56.1779 41.6711
vt 56.3085 49.0082
vt 50.0217 49.0082
vt 49.8911 41.6711
f 426/1621/296 396/1622/271 393/1623/268 428/1624/298 

vt 62.2949 41.2879
vt 62.4769 48.6239
vt 56.1663 48.6239
vt 55.9842 41.2879
f 425/1625/295 398/1626/273 396/1627/271 426/1628/296 

vt 68.3542 40.874
vt 68.587 48.2086
vt 62.2447 48.2086
vt 62.0119 40.874
f 410/1629/280 401/1630/276 398/1631/273 425/1632/295 

g Mesh4 Component_9_1 Television_Silver_CRT1 Model

usemtl Black_Noise_01
v 0.990957 2.08529 0.448391
vt -32.7546 24.4982
vn 0.134565 0.149377 -0.979581
v 1.16028 2.08588 0.473247
vt -35.4668 24.5077
vn 0.143368 0.138505 -0.97993
v 1.17141 1.95783 0.461026
vt -35.6133 22.4667
vn 0.144053 0.106421 -0.983831
v 1.17612 1.86205 0.451355
vt -35.6648 20.9402
vn 0.144671 0.0680998 -0.987134
v 0.990957 1.86141 0.424174
vt -32.699 20.9299
f 626/1633/415 627/1634/416 628/1635/417 629/1636/418 630/1637/418 

vt -32.7567 23.6985
v 0.990957 2.27881 0.48222
vt -32.8342 26.8109
vn 0.129722 0.170747 -0.976738
v 1.1404 2.27102 0.502706
vt -35.2247 26.6856
vn 0.142533 0.170444 -0.975004
v 1.14456 2.26695 0.502603
vt -35.2897 26.6201
vt -35.4688 23.708
f 626/1638/415 631/1639/419 632/1640/420 633/1641/420 627/1642/416 

v 0.79403 2.08473 0.424764
vt -29.8363 23.8292
vn 0.103996 0.171268 -0.97972
v 0.79403 2.28919 0.460507
vt -29.9035 27.118
vt -33.0431 26.951
vt -32.9795 23.8383
f 634/1643/421 635/1644/421 631/1645/419 626/1646/415 

v 0.596854 2.08429 0.406379
vt -26.8998 23.9516
vn 0.0781247 0.171676 -0.982051
v 0.596854 2.29706 0.443574
vt -26.9543 27.3742
v 0.742143 2.29196 0.456173
vt -29.2655 27.2922
vn 0.0910843 0.171486 -0.980967
vt -30.0906 27.2477
vt -30.0382 23.9586
f 636/1647/422 637/1648/422 638/1649/423 635/1650/421 634/1651/421 

v 0.399492 2.08398 0.393243
vt -23.9478 24.0649
vn 0.0521443 0.171968 -0.983722
v 0.399492 2.30383 0.431675
vt -23.9881 27.6016
v 0.414039 2.30359 0.432598
vt -24.2191 27.5978
vn 0.0651518 0.171836 -0.982969
vt -27.1215 27.4928
vt -27.0825 24.0699
f 639/1652/424 640/1653/424 641/1654/425 637/1655/422 636/1656/422 

v 0.202004 2.08379 0.38536
vt -20.9808 24.1687
vn 0.0260905 0.172143 -0.984726
v 0.202004 2.30716 0.424408
vt -21.0054 27.7623
vt -24.1373 27.7086
vt -24.1131 24.1717
f 642/1657/426 643/1658/426 640/1659/424 639/1660/424 

v 0.02594 2.30798 0.422218
vt -18.3482 27.8703
vn -3.22686e-16 0.172202 -0.985062
v 0.153221 2.30802 0.423911
vt -20.3655 27.8709
vn 0.0130488 0.172187 -0.984978
vt -21.1387 27.8571
vt -21.1305 24.2635
v 0.02594 2.08373 0.383018
vt -18.34 24.2626
f 644/1661/427 645/1662/428 643/1663/426 642/1664/426 646/1665/427 

vt -20.3726 1.16851
vn 0.00718128 0.979852 -0.199597
vt -18.3553 1.1653
vn -6.48355e-17 0.980015 -0.198925
v 0.02594 2.36535 0.704888
vt -18.4079 5.73608
vn -3.24177e-17 0.979912 -0.199433
f 645/1666/429 644/1667/430 647/1668/431

vt -18.4611 1.58894
v -0.101341 2.30802 0.423911
vt -16.4438 1.59216
vn -0.00718128 0.979852 -0.199597
vt -18.4086 6.15973
vn -3.24395e-17 0.979912 -0.199433
f 644/1669/430 648/1670/432 647/1671/433

vt -16.4503 27.9549
vn -0.0130488 0.172187 -0.984978
vt -18.4676 27.9542
vt -18.4758 24.3466
v -0.150124 2.08379 0.38536
vt -15.6853 24.3475
vn -0.0260905 0.172143 -0.984726
v -0.150124 2.30716 0.424408
vt -15.6771 27.9411
f 648/1672/434 644/1673/427 646/1674/427 649/1675/435 650/1676/435 

vt -15.7846 28.0139
vt -15.8091 24.4203
v -0.347612 2.08398 0.393243
vt -12.6769 24.4234
vn -0.0521443 0.171968 -0.983722
v -0.347612 2.30383 0.431675
vt -12.6527 27.9602
f 650/1677/435 649/1678/435 651/1679/436 652/1680/436 

vt -12.7503 28.0201
vt -12.7906 24.4833
v -0.544974 2.08429 0.406379
vt -9.65585 24.4884
vn -0.0781247 0.171676 -0.982051
v -0.544974 2.29706 0.443574
vt -9.61687 27.9112
v -0.362159 2.30359 0.432598
vt -12.5193 28.0163
vn -0.0651518 0.171836 -0.982969
f 652/1681/436 651/1682/436 653/1683/437 654/1684/437 655/1685/438 

vt -9.70698 27.958
vt -9.76147 24.5353
v -0.74215 2.08473 0.424764
vt -6.62309 24.5424
vn -0.103996 0.171268 -0.97972
v -0.74215 2.28919 0.460507
vt -6.57072 27.8314
v -0.690263 2.29196 0.456173
vt -7.39585 27.876
vn -0.0910843 0.171486 -0.980967
f 654/1686/437 653/1687/437 656/1688/439 657/1689/439 658/1690/440 

vt -6.6555 27.8651
vt -6.7227 24.5763
v -0.939077 2.08529 0.448391
vt -3.57944 24.5853
vn -0.134565 0.149377 -0.979581
v -0.939077 2.27881 0.48222
vt -3.51583 27.698
vn -0.129722 0.170747 -0.976738
f 657/1691/439 656/1692/439 659/1693/441 660/1694/442 

vt -3.59757 27.7186
vt -3.67512 24.6063
v -1.1084 2.08588 0.473247
vt -0.962961 24.6158
vn -0.143368 0.138505 -0.97993
v -1.09268 2.26695 0.502603
vt -1.14207 27.5279
vn -0.142533 0.170444 -0.975004
v -1.08852 2.27102 0.502706
vt -1.20712 27.5934
f 660/1695/442 659/1696/441 661/1697/443 662/1698/444 663/1699/444 

vt -0.963782 25.0753
vt -3.67594 25.0659
v -0.939077 1.86141 0.424174
vt -3.73154 21.4975
vn -0.144671 0.0680998 -0.987134
v -1.12424 1.86205 0.451355
vt -0.765714 21.5078
v -1.11953 1.95783 0.461026
vt -0.817308 23.0344
vn -0.144053 0.106421 -0.983831
f 661/1700/443 659/1701/441 664/1702/445 665/1703/445 666/1704/446 

vt -0.766778 21.9285
vt -3.7326 21.9183
v -0.939077 1.63794 0.417468
vt -3.74803 18.3752
vn -0.145201 0.0103097 -0.989348
v -1.13315 1.63862 0.445957
vt -0.639437 18.386
v -1.13157 1.71312 0.447961
vt -0.659619 19.5672
vn -0.145076 0.0296781 -0.988975
f 665/1705/445 664/1706/445 667/1707/447 668/1708/447 669/1709/448 

v -0.939077 1.41447 0.419514
vt -3.74389 14.999
vn -0.145303 -0.0229671 -0.989121
v -1.13569 1.41537 0.448377
vt -0.594537 15.0133
v -1.13569 1.51883 0.447428
vt -0.59672 16.6529
vn -0.145272 -0.00906248 -0.98935
vt -0.640004 18.5515
vt -3.7486 18.5407
f 670/1710/449 671/1711/449 672/1712/450 668/1713/447 667/1714/447 

v -1.13315 1.12577 0.458801
vt -0.610934 10.5236
vn -0.145277 -0.0517956 -0.988034
v -1.13569 1.28116 0.45338
vt -0.583529 12.9878
vn -0.145307 -0.0368673 -0.9887
vt -0.59506 15.1163
vt -3.74441 15.102
v -0.939077 1.12489 0.430312
vt -3.71953 10.5096
f 673/1715/451 674/1716/452 671/1717/449 670/1718/449 675/1719/451 

v -1.13569 1.27813 0.704888
vt -0.0272387 12.8006
vn -0.999966 -0.00818755 -0.000104632
vt -4.01311 12.8485
vt -3.92721 10.3856
vn -0.999866 -0.0163745 -0.000209256
v -1.13157 1.02931 0.465087
vt -3.82759 8.8567
vn -0.999527 -0.0307643 0.000117986
v -1.13157 1.02601 0.704888
vt -0.0272524 8.80441
vn -0.99963 -0.0271879 -0.00040944
f 676/1720/453 674/1721/453 673/1722/454 677/1723/455 678/1724/456 

vt -0.0272387 12.8023
v -1.13569 1.41242 0.704888
vt -0.0272387 14.9305
vn -1 3.99909e-15 3.4462e-15
vt -4.09241 14.9772
vt -4.01311 12.8502
f 676/1725/453 679/1726/457 671/1727/457 674/1728/453 

usemtl Black_Flat_01
v 1.1404 0.270774 0.704888
vt 72.1429 -6.3246
vn -6.37196e-31 -6.13575e-18 1
v 1.14456 0.276319 0.704888
vt 72.2748 -6.14885
v 1.17141 0.708845 0.704888
vt 73.1257 7.56046
v 1.18345 1.02601 0.704888
vt 73.5072 17.6133
v 1.18757 1.27813 0.704888
vt 73.638 25.6046
v 1.18757 1.41242 0.704888
vt 73.638 29.861
v 1.18757 1.51657 0.704888
vt 73.638 33.162
v 1.18345 1.71078 0.704888
vt 73.5072 39.3178
v 1.17141 1.9551 0.704888
vt 73.1257 47.0617
v 1.14456 2.30096 0.704888
vt 72.2748 58.024
v 1.1404 2.30706 0.704888
vt 72.1429 58.2174
v 0.742143 2.34013 0.704888
vt 59.5197 59.2655
v 0.414039 2.3584 0.704888
vt 49.1201 59.8447
v 0.153221 2.36535 0.704888
vt 40.8533 60.065
vt 36.819 60.065
v -0.101341 2.36535 0.704888
vt 32.7847 60.065
v -0.362159 2.3584 0.704888
vt 24.5179 59.8447
v -0.690263 2.34013 0.704888
vt 14.1183 59.2655
v -1.08852 2.30706 0.704888
vt 1.49512 58.2174
v -1.09268 2.30096 0.704888
vt 1.36317 58.024
v -1.11953 1.9551 0.704888
vt 0.512326 47.0617
v -1.13157 1.71078 0.704888
vt 0.130762 39.3178
v -1.13569 1.51657 0.704888
vt 1.42109e-13 33.162
vt -3.47128e-32 29.861
vt 1.42109e-13 25.6046
vt 0.130762 17.6133
v -1.11953 0.708845 0.704888
vt 0.512326 7.56046
v -1.09268 0.276319 0.704888
vt 1.36317 -6.14885
v -1.08852 0.270774 0.704888
vt 1.49512 -6.3246
v -0.690263 0.240724 0.704888
vt 14.1183 -7.27704
v -0.362159 0.224118 0.704888
vt 24.5179 -7.80338
v -0.101341 0.217803 0.704888
vt 32.7847 -8.00357
v 0.02594 0.217803 0.704888
vt 36.819 -8.00357
v 0.153221 0.217803 0.704888
vt 40.8533 -8.00357
v 0.414039 0.224118 0.704888
vt 49.1201 -7.80338
v 0.742143 0.240724 0.704888
vt 59.5197 -7.27704
f 680/1729/458 681/1730/458 682/1731/458 683/1732/458 684/1733/458 685/1734/458 686/1735/458 687/1736/458 688/1737/458 689/1738/458 690/1739/458 691/1740/458 692/1741/458 693/1742/458 647/1743/458 694/1744/458 695/1745/458 696/1746/458 697/1747/458 698/1748/458 699/1749/458 700/1750/458 701/1751/458 679/1752/458 676/1753/458 678/1754/458 702/1755/458 703/1756/458 704/1757/458 705/1758/458 706/1759/458 707/1760/458 708/1761/458 709/1762/458 710/1763/458 711/1764/458 

usemtl Black_Noise_01
vt -6.64801 18.6158
vn 0.790819 -0.593731 -0.148626
vt -6.63583 18.5066
vn 0.720455 -0.671616 -0.172848
v 1.14456 0.314713 0.551509
vt -4.2591 19.372
f 681/1765/459 680/1766/460 712/1767/460

usemtl Black_Flat_01
vt 0.0544773 38.2567
vn 0.799701 -0.600399 -3.6839e-18
vt 0.0544773 38.4765
v 1.14456 0.276319 0.708325
vt -0.0544773 38.4765
v 1.1404 0.270774 0.708325
vt -0.0544773 38.2567
f 680/1768/461 681/1769/461 713/1770/461 714/1771/461 

vt 0.0544773 -1.66004
vn 0.99808 -0.061944 -3.80073e-19
vt 0.0544773 12.0756
v 1.17141 0.708845 0.708325
vt -0.0544773 12.0756
vt -0.0544773 -1.66004
f 681/1772/462 682/1773/462 715/1774/462 713/1775/462 

usemtl Black_Noise_01
vt -0.534128 -0.830536
vn 0.99796 -0.0619366 -0.0155043
vt 1.89631 -0.220891
vn 0.997844 -0.0654532 -0.0049039
vt -0.540737 6.0373
vn 0.998425 -0.055803 -0.00579793
f 681/1776/463 712/1777/464 682/1778/465

vt -0.0195977 6.23802
vt 2.41168 -0.0224146
v 1.17141 0.712874 0.49221
vt 3.3509 6.30203
vn 0.998616 -0.0525882 0.000339107
f 682/1779/465 712/1780/464 716/1781/466

v 1.16028 0.547627 0.51178
vt 3.16313 3.6585
vn 0.997754 -0.06696 0.00207115
vt 3.47363 6.28323
vt 2.53298 -0.0410017
f 717/1782/467 716/1783/466 712/1784/464

vt -35.5474 2.26861
vn 0.144249 -0.150942 -0.977962
v 0.990957 0.546858 0.486924
vt -32.8352 2.25633
vn 0.129626 -0.173033 -0.976349
v 0.990957 0.835603 0.449862
vt -32.7496 6.86909
vn 0.144994 -0.0963846 -0.984727
v 1.17612 0.836443 0.477043
vt -35.7154 6.88252
vt -35.6767 4.90848
vn 0.144645 -0.125972 -0.981432
f 717/1785/468 718/1786/469 719/1787/470 720/1788/470 716/1789/471 

vt -35.5455 2.67744
vt -35.391 -1.07217
vn 0.122743 -0.189794 -0.974121
vt -32.8333 2.66506
f 717/1790/468 712/1791/472 718/1792/469

vt -35.6869 -1.15234
v 1.1404 0.311023 0.551846
vt -35.6219 -1.21208
vn 0.120819 -0.191574 -0.974014
vt -33.1595 2.60543
f 712/1793/472 721/1794/473 718/1795/469

vt -8.14394 24.4339
vn 0.641732 -0.741708 -0.195065
vt -8.15802 24.5211
vt -10.4645 23.4829
f 721/1796/474 712/1797/460 680/1798/460

vt -33.4087 12.643
vn 0.0852112 -0.963596 -0.25342
vt -34.1817 10.2572
vn 0.0785185 -0.965902 -0.246714
v 0.990957 0.30307 0.531837
vt -31.0628 12.1716
vn 0.081253 -0.964773 -0.250221
f 721/1799/475 680/1800/476 722/1801/477

vt -31.3381 11.5889
vt -34.4174 9.61147
v 0.79403 0.292704 0.510751
vt -28.2598 10.9543
vn 0.0733548 -0.967392 -0.242428
f 722/1802/477 680/1803/476 723/1804/478

vt -34.4967 9.41291
vt -28.4593 7.51233
vn 0.0616845 -0.968922 -0.239551
vt -28.349 10.8
f 680/1805/476 711/1806/479 723/1807/478

usemtl Black_Flat_01
vt 0.0544773 58.8035
vn 0.0752378 -0.997166 -6.11836e-18
vt 0.0544773 71.4626
vt -0.0544773 71.4626
v 0.742143 0.240724 0.708325
vt -0.0544773 58.8035
f 711/1808/480 680/1809/480 714/1810/480 724/1811/480 

v 1.18345 1.02601 0.708325
v 1.18757 1.27813 0.708325
v 1.18757 1.41242 0.708325
v 1.18757 1.51657 0.708325
v 1.18345 1.71078 0.708325
v 1.17141 1.9551 0.708325
v 1.14456 2.30096 0.708325
v 1.1404 2.30706 0.708325
v 0.742143 2.34013 0.708325
v 0.414039 2.3584 0.708325
v 0.153221 2.36535 0.708325
v 0.02594 2.36535 0.708325
v -0.101341 2.36535 0.708325
v -0.362159 2.3584 0.708325
v -0.690263 2.34013 0.708325
v -1.08852 2.30706 0.708325
v -1.09268 2.30096 0.708325
v -1.11953 1.9551 0.708325
v -1.13157 1.71078 0.708325
v -1.13569 1.51657 0.708325
v -1.13569 1.41242 0.708325
vt 3.47128e-32 29.861
v -1.13569 1.27813 0.708325
v -1.13157 1.02601 0.708325
v -1.11953 0.708845 0.708325
v -1.09268 0.276319 0.708325
v -1.08852 0.270774 0.708325
v -0.690263 0.240724 0.708325
v -0.362159 0.224118 0.708325
v -0.101341 0.217803 0.708325
v 0.02594 0.217803 0.708325
v 0.153221 0.217803 0.708325
v 0.414039 0.224118 0.708325
f 714/1729/458 713/1730/458 715/1731/458 725/1732/458 726/1733/458 727/1734/458 728/1735/458 729/1736/458 730/1737/458 731/1738/458 732/1739/458 733/1740/458 734/1741/458 735/1742/458 736/1743/458 737/1744/458 738/1745/458 739/1746/458 740/1747/458 741/1748/458 742/1749/458 743/1750/458 744/1751/458 745/1812/458 746/1753/458 747/1754/458 748/1755/458 749/1756/458 750/1757/458 751/1758/458 752/1759/458 753/1760/458 754/1761/458 755/1762/458 756/1763/458 724/1764/458 

vt 0.0544773 10.3286
vn 0.99928 -0.0379285 -2.3272e-19
vt 0.0544773 20.3887
vt -0.0544773 20.3887
vt -0.0544773 10.3286
f 682/1813/481 683/1814/481 725/1815/481 715/1816/481 

usemtl Black_Noise_01
vt 0.00493473 5.16682
vt 3.37544 5.23071
v 1.18345 1.02931 0.465087
vt 3.80516 10.2492
vn 0.999527 -0.0307643 0.000117986
vt 0.00481835 10.1969
vn 0.99963 -0.0271879 -0.00040944
f 682/1817/465 716/1818/466 757/1819/482 683/1820/483 

vt 3.68111 7.1872
vn 0.99928 -0.0379155 0.00117277
vt 3.87071 10.2459
vt 3.44065 5.22747
f 720/1821/484 757/1822/482 716/1823/466

vt -35.7178 6.38532
vt -32.752 6.37197
v 0.990957 1.12489 0.430312
vt -32.7069 10.9668
vn 0.145277 -0.0517956 -0.988034
v 1.18503 1.12577 0.458801
vt -35.8155 10.9808
vt -35.8052 9.44869
vn 0.145215 -0.0667123 -0.987148
f 720/1824/470 719/1825/470 758/1826/485 759/1827/485 757/1828/486 

vt -32.7082 10.707
v 0.990957 1.41447 0.419514
vt -32.6833 15.2993
vn 0.145303 -0.0229671 -0.989121
v 1.18757 1.41537 0.448377
vt -35.8326 15.3136
v 1.18757 1.28116 0.45338
vt -35.8442 13.1852
vn 0.145307 -0.0368673 -0.9887
vt -35.8168 10.721
f 758/1829/485 760/1830/487 761/1831/487 762/1832/488 759/1833/485 

vt -32.6845 15.0474
v 0.990957 1.63794 0.417468
vt -32.6798 18.5892
vn 0.145201 0.0103097 -0.989348
v 1.18503 1.63862 0.445957
vt -35.7884 18.5999
v 1.18757 1.51883 0.447428
vt -35.8317 16.7014
vn 0.145272 -0.00906248 -0.98935
vt -35.8338 15.0617
f 760/1834/487 763/1835/489 764/1836/489 765/1837/490 761/1838/487 

vt -32.6965 21.7597
vt -35.6624 21.7699
v 1.18345 1.71312 0.447961
vt -35.7695 19.4086
vn 0.145076 0.0296781 -0.988975
vt -35.7897 18.2274
vt -32.6811 18.2166
f 630/1839/418 629/1840/418 766/1841/491 764/1842/489 763/1843/489 

vt 4.00222 20.2269
vn 0.998788 0.0491964 -0.00117219
vt 3.84903 21.7466
vn 0.997692 0.0678959 -0.000444035
vt 4.05587 17.8637
vn 0.999205 0.0398668 -0.000162555
f 629/1844/492 628/1845/493 766/1846/494

vt 0.0454088 21.705
vn 0.99747 0.070985 -0.00384902
vt 0.0455036 17.8283
vn 0.99938 0.0352002 0.000342318
vt 4.11727 17.8654
vt 3.91012 21.7483
f 688/1847/495 687/1848/496 766/1849/494 628/1850/493 

usemtl Black_Flat_01
vt 0.0544773 35.6526
vn 0.998788 0.0492132 3.0196e-19
vt 0.0544773 43.4059
vt -0.0544773 43.4059
vt -0.0544773 35.6526
f 687/1851/497 688/1852/497 730/1853/497 729/1854/497 

vt 0.0544773 41.2619
vn 0.997001 0.0773829 4.74803e-19
vt 0.0544773 52.2571
vt -0.0544773 52.2571
vt -0.0544773 41.2619
f 688/1855/498 689/1856/498 731/1857/498 730/1858/498 

usemtl Black_Noise_01
vt 2.76122 25.5884
vn 0.996495 0.0835207 -0.00470336
vt -0.444315 26.129
vn 0.996917 0.0773764 -0.0130097
vt -0.449866 20.6314
f 633/1859/499 689/1860/500 688/1861/495

vt -4.08373 3.98704
vn 0.761041 0.639123 -0.111076
vt -4.09125 3.87021
vn 0.822379 0.561065 -0.0943349
vt -0.90633 3.21906
f 690/1862/501 689/1863/502 633/1864/501

usemtl Black_Flat_01
vt 0.0544773 7.19891
vn 0.826063 0.563578 3.45798e-18
vt 0.0544773 7.43304
vt -0.0544773 7.43304
vt -0.0544773 7.19891
f 689/1865/503 690/1866/503 732/1867/503 731/1868/503 

vt 0.0544773 -67.0782
vn 0.0827462 0.996571 6.11471e-18
vt 0.0544773 -54.4116
vt -0.0544773 -54.4116
vt -0.0544773 -67.0782
f 690/1869/504 691/1870/504 733/1871/504 732/1872/504 

usemtl Black_Noise_01
vt -27.277 -5.61395
vn 0.0637186 0.979798 -0.189565
vt -33.0643 -8.18644
vn 0.0757495 0.98111 -0.178002
vt -26.4856 -9.57641
vn 0.0734132 0.980387 -0.1829
f 691/1873/505 690/1874/506 635/1875/507

vt -33.3505 -8.08379
vt -29.818 -10.4888
vn 0.0729761 0.982109 -0.173598
vt -26.8008 -9.60462
f 690/1876/506 631/1877/508 635/1878/507

vt -33.1344 -8.45227
vt -31.8702 -11.4514
vn 0.0751417 0.981697 -0.175
vt -29.5659 -10.8034
f 690/1879/506 632/1880/509 631/1881/508

vt -3.32779 -5.64635
vt -3.31752 -5.55462
vn 0.69199 0.710703 -0.126692
vt -6.4693 -4.7427
f 633/1882/501 632/1883/510 690/1884/501

vt -27.4635 -7.91123
vt -26.6664 -7.69342
vn 0.0594966 0.980021 -0.189788
vt -27.9988 -3.90612
f 635/1885/507 638/1886/511 691/1887/505

vt -28.7395 -1.75038
vt -27.7197 -5.63355
vt -25.4439 -5.22267
vn 0.0507484 0.979894 -0.192955
f 691/1888/505 638/1889/511 637/1890/512

vt -23.6153 -0.642457
vn 0.0359528 0.97986 -0.196421
vt -28.6167 -2.09441
vt -25.2689 -5.51639
f 692/1891/513 691/1892/505 637/1893/512

usemtl Black_Flat_01
vt 0.0544773 -56.1319
vn 0.0556099 0.998453 6.12626e-18
vt 0.0544773 -45.7162
vt -0.0544773 -45.7162
vt -0.0544773 -56.1319
f 691/1894/514 692/1895/514 734/1896/514 733/1897/514 

vt 0.0544773 -47.5085
vn 0.0266385 0.999645 6.13358e-18
vt 0.0544773 -39.2388
vt -0.0544773 -39.2388
vt -0.0544773 -47.5085
f 692/1898/515 693/1899/515 735/1900/515 734/1901/515 

usemtl Black_Noise_01
vt -20.2491 3.38616
vn 0.0151058 0.979775 -0.199534
vt -24.3473 2.8366
vt -20.4366 -1.21506
vn 0.0230416 0.979818 -0.198561
f 693/1902/516 692/1903/513 643/1904/517

vt -24.3795 3.02526
vt -23.6312 -1.33238
vn 0.026129 0.980022 -0.197163
vt -20.5102 -1.06599
f 692/1905/513 640/1906/518 643/1907/517

vt -24.3047 2.50221
vt -23.6888 -1.85628
vn 0.0376294 0.979639 -0.197209
vt -23.4585 -1.83747
f 692/1908/513 641/1909/519 640/1910/518

vt -25.7516 -4.31754
vt -22.8925 -3.80686
vt -23.8894 0.480566
f 637/1911/512 641/1912/519 692/1913/513

vt -20.6748 -0.501313
vt -19.9045 -0.433833
vt -20.3304 4.09083
f 643/1914/517 645/1915/429 693/1916/516

vt -18.4095 5.97802
vn -3.23959e-17 0.979912 -0.199433
vt -20.4267 5.97802
vt -20.4267 1.43336
f 647/1917/520 693/1918/516 645/1919/429

usemtl Black_Flat_01
vt 40.8533 0.0544773
vn -1.22814e-14 1 6.13575e-18
vt 36.819 0.0544773
vt 36.819 -0.0544773
vt 40.8533 -0.0544773
f 693/1920/521 647/1921/521 736/1922/521 735/1923/521 

vn 1.22814e-14 1 6.13575e-18
vt 32.7847 0.0544773
vt 32.7847 -0.0544773
f 647/1921/522 694/1924/522 737/1925/522 736/1922/522 

usemtl Black_Noise_01
vt -16.3924 5.97802
vn -0.0151058 0.979775 -0.199534
vt -16.3924 1.43336
f 694/1926/523 647/1917/433 648/1927/432

vt -16.7457 3.01589
vt -15.9754 2.94841
vn -0.0230416 0.979818 -0.198561
vt -16.3198 7.54056
f 648/1928/432 650/1929/524 694/1930/523

vt -12.158 7.53523
vn -0.0359528 0.97986 -0.196421
vt -16.2562 8.08479
vt -16.0687 3.48357
f 695/1931/525 694/1932/523 650/1933/524

usemtl Black_Flat_01
vt -0.0544773 34.3731
vn -0.0266385 0.999645 6.13358e-18
vt -0.0544773 26.1033
vt 0.0544773 26.1033
vt 0.0544773 34.3731
f 694/1934/526 695/1935/526 738/1936/526 737/1937/526 

vt -0.0544773 27.8079
vn -0.0556099 0.998453 6.12626e-18
vt -0.0544773 17.3922
vt 0.0544773 17.3922
vt 0.0544773 27.8079
f 695/1938/527 696/1939/527 739/1940/527 738/1941/527 

usemtl Black_Noise_01
vt -6.7972 7.77764
vn -0.0637186 0.979798 -0.189565
vt -11.7986 9.22959
vt -10.145 4.35565
vn -0.0507484 0.979894 -0.192955
f 696/1942/528 695/1943/525 654/1944/529

vt -12.9305 4.5226
vn -0.0376294 0.979639 -0.197209
vt -10.0714 4.01193
vt -11.9336 8.81003
f 655/1945/530 654/1946/529 695/1947/525

vt -12.7532 3.29355
vt -12.1373 7.65205
vt -12.9835 3.31236
vn -0.026129 0.980022 -0.197163
f 655/1948/530 695/1949/525 652/1950/531

vt -12.9219 2.99637
vt -12.1737 7.35401
vt -16.0429 3.26277
f 652/1951/531 695/1952/525 650/1953/524

vt -7.84564 3.70678
vn -0.0594966 0.980021 -0.189788
vt -6.82583 7.58994
vt -10.1214 4.11765
f 658/1954/532 696/1955/528 654/1956/529

vt -7.98521 4.49724
vt -7.18809 4.27944
vn -0.0734132 0.980387 -0.1829
vt -6.65281 8.28454
f 658/1957/532 657/1958/533 696/1959/528

vt -0.696334 6.19751
vn -0.0757495 0.98111 -0.178002
vt -6.48366 8.77
vt -7.27509 4.80754
f 697/1960/534 696/1961/528 657/1962/533

usemtl Black_Flat_01
vt -0.0544773 18.9739
vn -0.0827462 0.996571 6.11471e-18
vt -0.0544773 6.30726
vt 0.0544773 6.30726
vt 0.0544773 18.9739
f 696/1963/535 697/1964/535 740/1965/535 739/1966/535 

vt -0.0544773 48.9338
vn -0.826063 0.563578 3.45798e-18
vt -0.0544773 48.6997
vt 0.0544773 48.6997
vt 0.0544773 48.9338
f 697/1967/536 698/1968/536 741/1969/536 740/1970/536 

usemtl Black_Noise_01
vt -0.104736 24.3935
vn -0.822379 0.561065 -0.0943349
vt -0.112255 24.5103
vn -0.761041 0.639123 -0.111076
vt -3.28965 23.7423
f 698/1971/537 697/1972/538 662/1973/538

vt -3.3132 20.1849
vn -0.69199 0.710703 -0.126692
vt -3.30293 20.0932
vt -0.161421 20.9969
f 663/1974/539 662/1975/538 697/1976/538

vt -1.96186 2.8096
vn -0.0751417 0.981697 -0.175
vt -0.697662 5.80873
vt -4.26621 3.45759
vn -0.0729761 0.982109 -0.173598
f 663/1977/540 697/1978/534 660/1979/541

vt -4.23424 3.26927
vt -0.701745 5.67424
vt -7.25148 4.15341
f 660/1980/541 697/1981/534 657/1982/533

vt -0.0361302 28.9777
vn -0.996917 0.0773764 -0.0130097
vt -3.24166 28.4371
vn -0.996495 0.0835207 -0.00470336
vt -0.030579 23.4801
vn -0.99747 0.070985 -0.00384902
f 698/1983/542 662/1984/543 699/1985/544

vt -0.0269898 23.465
vt -3.23238 28.4257
vt -3.8917 23.5085
vn -0.997692 0.0678959 -0.000444035
f 699/1986/544 662/1987/543 666/1988/545

vt -3.69915 25.5438
vn -0.996224 0.086792 -0.00206798
vt -3.89247 23.5067
vt -3.23445 28.4241
f 661/1989/546 666/1990/545 662/1991/543

vt -0.0271114 23.515
vt -3.89182 23.5583
vt -4.09897 19.6754
vn -0.999205 0.0398668 -0.000162555
vt -0.0272062 19.6383
vn -0.99938 0.0352002 0.000342318
f 699/1992/544 666/1993/545 669/1994/547 700/1995/548 

vt -4.04543 22.0382
vn -0.998788 0.0491964 -0.00117219
vt -4.09908 19.6751
vt -3.89225 23.558
f 665/1996/549 669/1997/547 666/1998/545

vt -0.0272264 19.6559
vt -4.09899 19.6929
vt -4.13075 18.5119
vn -0.999775 0.0212332 0.000188215
vt -4.10744 16.6131
vn -0.999944 0.0106172 9.41127e-05
vt -0.0272387 16.5773
f 700/1999/548 669/2000/547 668/2001/550 672/2002/551 701/2003/551 

vt -0.0272387 16.581
vt -4.10744 16.6168
f 701/2004/551 672/2005/551 671/1727/457 679/1726/457 

usemtl Black_Flat_01
vt -0.0544773 33.162
vn -1 4.31529e-14 -3.7242e-31
vt -0.0544773 29.861
vt 0.0544773 29.861
vt 0.0544773 33.162
f 701/2006/552 679/2007/552 745/2008/552 744/2009/552 

vn -1 -3.34659e-14 -8.42535e-31
vt -0.0544773 25.6046
vt 0.0544773 25.6046
f 679/2007/553 676/2010/553 746/2011/553 745/2008/553 

vt -0.0544773 25.6011
vn -0.999866 -0.016361 -1.00387e-19
vt -0.0544773 17.6088
vt 0.0544773 17.6088
vt 0.0544773 25.6011
f 676/2012/554 678/2013/554 747/2014/554 746/2015/554 

vt -0.0544773 17.5957
vn -0.99928 -0.0379285 -2.3272e-19
vt -0.0544773 7.53559
vt 0.0544773 7.53559
vt 0.0544773 17.5957
f 678/2016/555 702/2017/555 748/2018/555 747/2019/555 

usemtl Black_Noise_01
vt -0.0273949 3.76777
vn -0.998425 -0.055803 -0.00579793
vt -0.0272786 8.79782
vt -3.82762 8.85015
v -1.11953 0.712874 0.49221
vt -3.3979 3.83166
vn -0.998616 -0.0525882 0.000339107
f 702/2020/556 678/2021/456 677/2022/455 767/2023/557 

v -1.12424 0.836443 0.477043
vt -3.6379 5.79119
vn -0.99928 -0.0379155 0.00117277
vt -3.39744 3.83146
vt -3.8275 8.84993
f 768/2024/558 767/2025/557 677/2026/455

v -0.939077 0.546858 0.486924
vt -3.59028 1.58006
vn -0.129626 -0.173033 -0.976349
v -1.1084 0.547627 0.51178
vt -0.878127 1.59234
vn -0.144249 -0.150942 -0.977962
vt -0.748838 4.23221
vn -0.144645 -0.125972 -0.981432
vt -0.710096 6.20625
vn -0.144994 -0.0963846 -0.984727
v -0.939077 0.835603 0.449862
vt -3.67592 6.19282
f 769/2027/559 770/2028/560 767/2029/561 768/2030/562 771/2031/562 

vt -0.878821 1.73209
vt -3.59098 1.71972
v -1.09268 0.314713 0.551509
vt -1.03323 -2.01752
vn -0.122743 -0.189794 -0.974121
f 770/2032/560 769/2033/559 772/2034/563

vt -0.933094 -1.93082
vt -3.46058 1.82695
v -1.08852 0.311023 0.551846
vt -0.998158 -1.99056
vn -0.120819 -0.191574 -0.974014
f 772/2035/563 769/2036/559 773/2037/564

v -0.939077 0.30307 0.531837
vt -3.47823 -2.19515
vn -0.123992 -0.180735 -0.975685
vt -1.08881 -2.06703
vt -3.57947 1.73211
f 774/2038/565 773/2039/564 769/2040/559

vt -0.717258 -1.05018
vn -0.0785185 -0.965902 -0.246714
vt -1.49026 1.33558
vn -0.0852112 -0.963596 -0.25342
vt -3.83621 0.864158
vn -0.081253 -0.964773 -0.250221
f 704/2041/566 773/2042/567 774/2043/568

vt -2.54995 -1.60745
vn -0.720455 -0.671616 -0.172848
vt -2.56403 -1.69465
vn -0.641732 -0.741708 -0.195065
vt -0.243472 -2.64566
f 772/2044/569 773/2045/570 704/2046/569

vt -0.164849 -2.97781
vt -0.152663 -2.86861
vn -0.790819 -0.593731 -0.148626
vt -2.54157 -2.11242
f 704/2047/569 703/2048/571 772/2049/569

usemtl Black_Flat_01
vt -0.0544773 -5.73568
vn -0.799701 -0.600399 -3.6839e-18
vt -0.0544773 -5.95546
vt 0.0544773 -5.95546
vt 0.0544773 -5.73568
f 703/2050/572 704/2051/572 750/2052/572 749/2053/572 

vt -0.0544773 -1.96673
vn -0.0752378 -0.997166 -6.11836e-18
vt -0.0544773 -14.6258
vt 0.0544773 -14.6258
vt 0.0544773 -1.96673
f 704/2054/573 705/2055/573 751/2056/573 750/2057/573 

usemtl Black_Noise_01
vt -6.76047 -2.87869
vn -0.0616845 -0.968922 -0.239551
vt -0.723031 -0.978117
v -0.74215 0.292704 0.510751
vt -6.87079 0.40894
vn -0.0733548 -0.967392 -0.242428
f 705/2058/574 704/2059/566 775/2060/575

vt -0.721583 -1.00901
vt -3.80089 0.968467
vt -6.87917 0.333781
f 704/2061/566 774/2062/568 775/2063/575

vt -6.55513 -2.33603
vn -0.0980953 -0.18404 -0.978011
vt -3.41655 -2.16894
v -0.74215 0.546127 0.463296
vt -6.64247 1.74908
vn -0.107945 -0.182028 -0.97735
f 775/2064/576 774/2065/565 776/2066/577

vt -3.51059 1.74799
vt -6.65386 1.73622
vt -3.42532 -2.17965
f 769/2067/559 776/2068/577 774/2069/565

vt -6.56963 1.77803
v -0.544974 0.545558 0.444912
vt -9.70802 1.76886
vn -0.0837768 -0.185079 -0.979146
vt -6.49941 -2.30741
f 776/2070/577 777/2071/578 775/2072/576

vt -6.49053 -2.29502
vt -9.69649 1.78334
v -0.690263 0.290003 0.506582
vt -7.31545 -2.33859
vn -0.0888316 -0.185652 -0.978592
f 775/2073/576 777/2074/578 778/2075/579

v -0.544974 0.284833 0.494293
vt -9.62888 -2.4253
vn -0.0727793 -0.186163 -0.97982
vt -7.31819 -2.34192
vt -9.70006 1.77952
f 779/2076/580 778/2077/579 777/2078/578

vt -6.8889 -2.39208
vt -7.58688 0.770118
vn -0.062289 -0.9686 -0.240695
vt -9.87515 0.438359
vn -0.050569 -0.969775 -0.238703
f 705/2079/574 778/2080/581 779/2081/582

vt -6.85436 0.500364
vt -7.66255 0.329461
vt -6.78771 -2.78844
f 775/2082/575 778/2083/581 705/2084/574

vt -12.0097 -3.3311
vn -0.0354396 -0.970694 -0.237691
vt -6.91797 -2.24418
vt -9.84953 0.642866
f 706/2085/583 705/2086/574 779/2087/582

usemtl Black_Flat_01
vt -0.0544773 -14.4681
vn -0.0505473 -0.998722 -6.12791e-18
vt -0.0544773 -24.881
vt 0.0544773 -24.881
vt 0.0544773 -14.4681
f 705/2088/584 706/2089/584 752/2090/584 751/2091/584 

vt -0.0544773 -24.6996
vn -0.0242083 -0.999707 -6.13396e-18
vt -0.0544773 -32.9688
vt 0.0544773 -32.9688
vt 0.0544773 -24.6996
f 706/2092/585 707/2093/585 753/2094/585 752/2095/585 

usemtl Black_Noise_01
vt -16.3147 -2.49981
vn -0.013859 -0.971286 -0.237511
vt -12.2016 -2.07908
v -0.150124 0.274836 0.475735
vt -15.9045 1.29952
vn -0.0221738 -0.971128 -0.237527
f 707/2096/586 706/2097/583 780/2098/587

vt -12.195 -2.14822
v -0.347612 0.278178 0.4828
vt -12.7912 1.43221
vn -0.0284056 -0.970807 -0.238173
vt -15.9156 1.21086
f 706/2099/583 781/2100/588 780/2101/587

vt -12.1544 -2.48876
v -0.362159 0.278433 0.483708
vt -12.6189 1.09062
vn -0.0398088 -0.970377 -0.238294
vt -12.8493 1.07384
f 706/2102/583 782/2103/589 781/2104/588

vt -9.84039 0.701245
vt -12.7141 0.28378
vt -12.0252 -3.25924
f 779/2105/582 782/2106/589 706/2107/583

vt -9.5591 -2.37124
v -0.347612 0.545152 0.431776
vt -12.7443 1.82871
vn -0.0582087 -0.187015 -0.980631
vt -12.4611 -2.47449
vn -0.0638875 -0.187371 -0.980209
f 779/2108/580 783/2109/590 782/2110/591

vt -9.6178 1.82402
vt -12.7525 1.81747
vt -9.56552 -2.38108
f 777/2111/578 783/2112/590 779/2113/580

vt -12.6953 -2.48155
vn -0.0473914 -0.187778 -0.981068
vt -12.4643 -2.47745
vt -12.7484 1.82569
f 781/2114/592 782/2115/591 783/2116/590

vt -12.6542 1.88733
v -0.150124 0.544908 0.423892
vt -15.7864 1.8834
vn -0.0302847 -0.188167 -0.98167
vt -12.6217 -2.42011
f 783/2117/590 784/2118/593 781/2119/592

vt -15.75 -2.46847
vn -0.0211768 -0.188695 -0.981807
vt -12.6183 -2.41453
vt -15.7821 1.88965
f 780/2120/594 781/2121/592 784/2122/593

vt -15.6778 1.96607
v 0.02594 0.544836 0.42155
vt -18.4683 1.9649
vn -4.47306e-16 -0.188802 -0.982015
vt -15.6668 -2.39215
f 784/2123/593 785/2124/595 780/2125/594

vt -15.6631 -2.38629
vt -18.4637 1.97133
v -0.101341 0.274039 0.475288
vt -16.4362 -2.39916
vn -0.0126025 -0.18893 -0.98191
f 780/2126/594 785/2127/595 786/2128/596

v 0.02594 0.274002 0.473595
vt -18.4572 -2.4049
vn -4.42393e-16 -0.188712 -0.982032
vt -16.4399 -2.40431
vt -18.4682 1.96577
vn -4.47595e-16 -0.188802 -0.982015
f 787/2129/597 786/2130/596 785/2131/598

vt -16.4437 2.59661
vn -0.00715876 -0.971411 -0.237297
vt -18.4611 2.59415
vn -6.63536e-17 -0.971726 -0.23611
vt -18.408 -1.17765
vn -3.31763e-17 -0.971508 -0.237005
f 786/2132/599 787/2133/600 708/2134/601

vt -18.3541 3.11247
v 0.153221 0.274039 0.475288
vt -20.3714 3.11493
vn 0.00715876 -0.971411 -0.237297
vt -18.4072 -0.659331
vn -3.31767e-17 -0.971508 -0.237005
f 787/2135/600 788/2136/602 708/2137/603

vt -18.3585 -2.3121
vt -18.3475 2.05858
vt -20.3759 -2.31151
vn 0.0126025 -0.18893 -0.98191
f 787/2138/597 785/2139/598 788/2140/604

v 0.202004 0.274836 0.475735
vt -21.1531 -2.30055
vn 0.0211768 -0.188695 -0.981807
vt -20.38 -2.31342
vt -18.3525 2.05707
vn -4.47884e-16 -0.188802 -0.982015
f 789/2141/605 788/2142/604 785/2143/606

vt -20.0906 4.30927
vt -20.862 4.36225
vn 0.0221738 -0.971128 -0.237527
vt -20.366 0.573168
vn 0.013859 -0.971286 -0.237511
f 788/2144/602 789/2145/607 709/2146/608

vt -24.4371 1.45653
vn 0.0354396 -0.970694 -0.237691
vt -20.3239 1.0358
vt -20.7342 4.83512
f 710/2147/609 709/2148/608 789/2149/607

usemtl Black_Flat_01
vt 0.0544773 40.6476
vn 0.0242083 -0.999707 -6.13396e-18
vt 0.0544773 48.9168
vt -0.0544773 48.9168
vt -0.0544773 40.6476
f 709/2150/610 710/2151/610 756/2152/610 755/2153/610 

vt 0.0544773 48.6629
vn 0.0505473 -0.998722 -6.12791e-18
vt 0.0544773 59.0758
vt -0.0544773 59.0758
vt -0.0544773 48.6629
f 710/2154/611 711/2155/611 724/2156/611 756/2157/611 

usemtl Black_Noise_01
vt -29.1358 5.00098
vt -24.0441 3.91405
v 0.596854 0.284833 0.494293
vt -26.2043 7.88803
vn 0.050569 -0.969775 -0.238703
f 711/2158/479 710/2159/609 790/2160/612

v 0.414039 0.278433 0.483708
vt -23.3867 7.30354
vn 0.0398088 -0.970377 -0.238294
vt -26.2604 7.721
vt -24.0757 3.76051
f 791/2161/613 790/2162/612 710/2163/609

vt -27.1833 -1.92645
vn 0.0727793 -0.186163 -0.97982
vt -24.2813 -2.0297
vn 0.0638875 -0.187371 -0.980209
v 0.399492 0.545152 0.431776
vt -23.9982 2.27349
vn 0.0582087 -0.187015 -0.980631
f 790/2164/614 791/2165/615 792/2166/616

v 0.399492 0.278178 0.4828
vt -24.0444 -2.02895
vn 0.0473914 -0.187778 -0.981068
vt -23.9913 2.27829
vt -24.2753 -2.02484
f 793/2167/617 792/2168/616 791/2169/615

vt -24.1352 2.16443
vt -24.1676 -2.14301
v 0.202004 0.544908 0.423892
vt -21.0029 2.1605
vn 0.0302847 -0.188167 -0.98167
f 792/2170/616 793/2171/617 794/2172/618

vt -21.041 -2.198
vt -21.0089 2.16011
vt -24.1727 -2.14407
f 789/2173/605 794/2174/618 793/2175/617

vt -21.1379 2.05894
vt -21.1489 -2.29928
vt -18.3474 2.05777
f 794/2176/618 789/2177/605 785/2178/606

vt -23.8272 5.1592
vn 0.0284056 -0.970807 -0.238173
vt -24.4234 1.57877
vt -20.7028 4.93784
f 793/2179/619 710/2180/609 789/2181/607

vt -23.8754 5.82607
vt -24.3399 2.2467
vt -23.645 5.8093
f 791/2182/613 710/2183/609 793/2184/619

v 0.596854 0.545558 0.444912
vt -27.119 2.28072
vn 0.0837768 -0.185079 -0.979146
vt -27.1712 -1.92438
vt -23.9842 2.27416
f 795/2185/620 790/2186/614 792/2187/616

vt -27.0375 -1.80466
vt -26.9664 2.40016
v 0.742143 0.290003 0.506582
vt -29.3482 -1.72129
vn 0.0888316 -0.185652 -0.978592
f 790/2188/614 795/2189/620 796/2190/621

vt -30.1795 -1.67977
vn 0.0980953 -0.18404 -0.978011
vt -29.3546 -1.72334
vt -26.9736 2.39859
f 723/2191/622 796/2192/621 795/2193/620

vt -27.7012 10.252
vn 0.062289 -0.9686 -0.240695
vt -28.5093 10.4229
vt -28.576 7.1341
f 796/2194/623 723/2195/478 711/2196/479

vt -28.3126 8.69403
vt -29.0106 5.53183
vt -26.0243 8.36227
f 796/2197/623 711/2198/479 790/2199/612

v 0.79403 0.546127 0.463296
vt -30.0885 2.40811
vn 0.107945 -0.182028 -0.97735
vt -30.1587 -1.67733
vt -26.9501 2.39894
f 797/2200/624 723/2201/622 795/2202/620

vt -30.0147 -1.55412
vt -29.9274 2.53099
vt -33.1533 -1.38703
vn 0.123992 -0.180735 -0.975685
f 723/2203/622 797/2204/624 722/2205/625

vt -33.0433 2.54157
vt -33.1285 -1.38607
vt -29.9 2.5298
f 718/2206/469 722/2207/625 797/2208/624

vt -32.9664 -1.25564
vt -32.8652 2.67162
vt -35.3558 -1.12753
f 722/2209/625 718/2210/469 721/2211/473

usemtl Black_Flat_01
vt -36.819 0.0544773
vn -9.21105e-15 -1 -6.13575e-18
vt -40.8533 0.0544773
vt -40.8533 -0.0544773
vt -36.819 -0.0544773
f 708/2212/626 709/2213/626 755/2214/626 754/2215/626 

usemtl Black_Noise_01
vt -20.4267 -0.925566
vt -18.4095 -0.925566
vn -3.31771e-17 -0.971508 -0.237005
vt -20.4267 2.82067
f 709/2216/608 708/2217/627 788/2218/602

usemtl Black_Flat_01
vt -32.7847 0.0544773
vn 9.21105e-15 -1 -6.13575e-18
vt -32.7847 -0.0544773
f 707/2219/628 708/2212/628 754/2215/628 753/2220/628 

usemtl Black_Noise_01
vt -16.3924 -0.925566
vt -16.3924 2.82067
f 708/2217/601 707/2221/586 786/2222/599

vt -15.8514 1.65599
vt -16.6228 1.60301
vt -16.3474 -2.1331
f 780/2223/587 786/2224/599 707/2225/586

usemtl Black_Flat_01
vt -0.0544773 7.5142
vn -0.99808 -0.061944 -3.80073e-19
vt -0.0544773 -6.22148
vt 0.0544773 -6.22148
vt 0.0544773 7.5142
f 702/2226/629 703/2227/629 749/2228/629 748/2229/629 

usemtl Black_Noise_01
vt -2.46826 -2.50106
vn -0.997844 -0.0654532 -0.0049039
vt -0.0378232 -3.11071
vn -0.99796 -0.0619366 -0.0155043
vt -0.0312147 3.75713
f 772/2230/630 703/2231/631 702/2232/556

vt -0.0275668 3.75434
vt -3.39807 3.81835
vt -2.45884 -2.5061
f 702/2233/556 767/2234/557 772/2235/630

vt -3.0867 1.19311
vn -0.997754 -0.06696 0.00207115
vt -2.45655 -2.5064
vt -3.3972 3.81784
f 770/2236/632 772/2237/630 767/2238/557

vt -3.67496 6.01449
vt -0.709131 6.02784
vt -0.621747 9.0912
vn -0.145215 -0.0667123 -0.987148
vt -0.611457 10.6233
vt -3.72005 10.6093
f 771/2239/562 768/2240/562 677/2241/633 673/2242/451 675/2243/451 

usemtl Black_Flat_01
vt -0.0544773 39.3117
vn -0.999774 0.0212374 1.30307e-19
vt -0.0544773 33.1545
vt 0.0544773 33.1545
vt 0.0544773 39.3117
f 700/2244/634 701/2245/634 744/2246/634 743/2247/634 

vt -0.0544773 47.0299
vn -0.998788 0.0492132 3.0196e-19
vt -0.0544773 39.2766
vt 0.0544773 39.2766
vt 0.0544773 47.0299
f 699/2248/635 700/2249/635 743/2250/635 742/2251/635 

vt -0.0544773 57.9555
vn -0.997001 0.0773829 4.74803e-19
vt -0.0544773 46.9602
vt 0.0544773 46.9602
vt 0.0544773 57.9555
f 698/2252/636 699/2253/636 742/2254/636 741/2255/636 

usemtl Black_Noise_01
vt 0.0627639 20.2843
vt 3.92747 20.3278
vt 3.26815 25.245
f 688/2256/495 628/2257/493 633/2258/499

vt 3.62272 22.3482
vn 0.996224 0.086792 -0.00206798
vt 3.15802 25.2285
vt 3.81604 20.3111
f 627/2259/637 633/2260/499 628/2261/493

usemtl Black_Flat_01
vt 0.0544773 31.5907
vn 0.999774 0.0212374 1.30307e-19
vt 0.0544773 37.7478
vt -0.0544773 37.7478
vt -0.0544773 31.5907
f 686/2262/638 687/2263/638 729/2264/638 728/2265/638 

usemtl Black_Noise_01
vt 0.0341701 15.7955
vn 0.999944 0.0106172 9.41127e-05
vt 4.11437 15.8313
vt 4.13768 17.7301
vn 0.999775 0.0212332 0.000188215
vt 4.10592 18.9111
vt 0.0341578 18.8741
f 686/2266/639 765/2267/639 764/2268/640 766/2269/494 687/2270/496 

vt 0.0272387 16.581
vt 0.0272387 14.9305
vn 1 3.50635e-15 6.1101e-15
vt 4.09241 14.9772
vt 4.10744 16.6168
f 686/2271/639 685/2272/641 761/2273/641 765/2274/639 

usemtl Black_Flat_01
vn 1 4.50291e-14 9.13484e-31
f 685/2008/642 686/2009/642 728/2006/642 727/2007/642 

vn 1 -3.4921e-14 4.2293e-31
f 684/2011/643 685/2008/643 727/2007/643 726/2010/643 

usemtl Black_Noise_01
vt 0.0272387 12.8023
vn 0.999966 -0.00818755 -0.000104632
vt 4.01311 12.8502
f 684/2275/644 762/2276/644 761/2273/641 685/2272/641 

vt 0.019533 13.4035
vt 0.0195467 9.4073
vt 3.81989 9.4596
vt 3.91951 10.9885
vn 0.999866 -0.0163745 -0.000209256
vt 4.00541 13.4514
f 684/2277/644 683/2278/483 757/2279/482 759/2280/645 762/2281/644 

usemtl Black_Flat_01
vt 0.0544773 18.8136
vn 0.999866 -0.016361 -1.00387e-19
vt 0.0544773 26.8059
vt -0.0544773 26.8059
vt -0.0544773 18.8136
f 683/2282/646 684/2283/646 726/2284/646 725/2285/646 

g Mesh5 Component_14_1 Television_Silver_CRT1 Model

usemtl Silver_Noise_01
v -1.09268 0.276319 0.708325
vt -2.82834 0.671554
vn -0.99781 -0.0619273 0.023235
v -1.09268 0.314713 0.810656
vt -1.5883 1.13784
vn -0.997826 -0.0647175 0.012467
v -1.11953 0.708845 0.708325
vt -2.83592 5.92438
vn -0.998404 -0.0558172 0.00858134
f 798/2286/647 799/2287/648 800/2288/649

vt -2.59347 -0.170242
vn -0.780151 -0.585721 0.219762
v -1.08852 0.270774 0.708325
vt -2.57979 -0.253167
vn -0.706255 -0.660488 0.254871
vt -1.39956 0.403948
f 798/2289/650 801/2290/651 799/2291/651

v -1.08852 0.311023 0.810353
vt -1.21885 -0.0895541
vn -0.623685 -0.727141 0.286851
vt -1.23659 -0.0243899
vt -2.3424 -0.800222
f 802/2292/652 799/2293/651 801/2294/651

usemtl Electronics_TV_RCA_from_2003___01
v -0.939077 0.546858 0.868841
vt -0.915267 0.123813
vn -0.115624 -0.149543 0.981971
vt -0.987513 0.0174719
vn -0.111115 -0.171815 0.978843
vt -0.985662 0.0157631
vn -0.109375 -0.173429 0.978754
f 803/2295/653 799/2296/654 802/2297/655

v -1.1084 0.547627 0.846449
vt -0.992479 0.124123
vn -0.13049 -0.136562 0.982
f 803/2295/653 804/2298/656 799/2296/654

v -0.990751 0.835837 0.895396
vt -0.936911 0.255297
vn -0.131 -0.0870963 0.987549
v -1.12424 0.836443 0.877743
vt -0.997781 0.255541
v -1.11953 0.712874 0.864079
vt -0.996457 0.199314
vn -0.130764 -0.113883 0.984851
v -0.939077 0.663521 0.882332
vt -0.914491 0.176898
vn -0.118981 -0.114054 0.986324
v -0.943861 0.665501 0.881926
vt -0.91666 0.177799
v -0.95968 0.677635 0.881228
vt -0.923793 0.183316
v -0.971818 0.693448 0.881445
vt -0.929224 0.190509
v -0.979449 0.711863 0.882561
vt -0.932581 0.198887
f 805/2299/657 806/2300/657 807/2301/658 804/2298/656 803/2295/653 808/2302/659 809/2303/658 810/2304/658 811/2305/658 812/2306/658 

usemtl Silver_Noise_01
v -1.01016 1.12521 0.910443
vt 1.45703 10.9435
vn -0.131174 -0.0467695 0.990255
v -1.13315 1.12577 0.894177
vt -0.0467412 10.9503
v -1.13157 1.02931 0.888514
vt -0.0367618 9.77894
vn -0.13114 -0.0602462 0.989532
vt 0.0341876 7.43691
vt 1.66626 7.42955
v -0.999627 0.933199 0.900148
vt 1.56717 8.61184
f 813/2307/660 814/2308/660 815/2309/661 806/2310/657 805/2311/657 816/2312/661 

vt 1.45711 10.9732
v -1.01154 1.15042 0.911107
vt 1.44155 11.279
vn -0.131185 -0.0332842 0.990799
v -1.01306 1.21461 0.913062
vt 1.42642 12.0575
v -1.01563 1.41482 0.919448
vt 1.40573 14.4856
vn -0.131171 -0.0207348 0.991143
v -1.13569 1.41537 0.903569
vt -0.0623029 14.4922
v -1.13569 1.28116 0.899061
vt -0.0694751 12.8645
vt -0.0466694 10.98
f 813/2313/660 817/2314/662 818/2315/662 819/2316/663 820/2317/663 821/2318/662 814/2319/660 

vt 1.45471 11.2987
vn 0.571897 -0.000881098 0.820325
vt 1.47306 10.9931
vn 0.570388 -0.00156123 0.821374
v -0.999761 1.12516 0.903224
vt 1.62647 10.9925
v -1.00127 1.15265 0.903948
vt 1.60647 11.3257
f 817/2320/664 813/2321/665 822/2322/665 823/2323/664 

v -0.989473 0.937495 0.893161
vt 1.79845 8.72944
vn 0.567067 -0.000844925 0.823671
vt 1.62646 11.0044
vt 1.47304 11.005
vt 1.64906 8.67736
f 824/2324/666 822/2325/665 813/2326/665 816/2327/666 

v -1.00127 1.15265 0.780513
vt 1.96625 11.2253
vn 0.999232 0.0391872 -1.92443e-15
vt 0.470067 11.2253
vt 0.478841 10.8916
vn 0.998501 0.0547379 2.48255e-15
vt 0.600811 8.61345
vn 0.997349 0.0727599 3.72034e-16
v -0.989473 0.937495 0.780513
vt 1.96625 8.61345
f 825/2328/667 823/2329/667 822/2330/668 824/2331/669 826/2332/669 

vt 0.470067 11.2898
vt 1.96625 11.2898
v -1.00277 1.21622 0.780513
vt 1.96625 12.0606
vn 0.999834 0.0182083 -7.89997e-15
v -1.00277 1.21622 0.905885
vt 0.44659 12.0606
f 823/2333/667 825/2334/667 827/2335/670 828/2336/670 

vt 0.44659 12.0805
vt 1.96625 12.0805
v -1.00531 1.41477 0.780513
vt 1.96625 14.4873
vn 1 8.95496e-08 -1.32035e-07
v -1.00531 1.41477 0.912218
vt 0.369819 14.4873
f 828/2337/670 827/2338/670 829/2339/671 830/2340/671 

vt 0.369819 14.5277
vt 1.96625 14.5278
v -1.00277 1.61332 0.780513
vt 1.96625 16.9346
vn 0.999834 -0.0182082 -1.32026e-07
v -1.00277 1.61332 0.914192
vt 0.345889 16.9346
f 830/2341/671 829/2342/671 831/2343/672 832/2344/672 

vt 0.345889 16.9487
vt 1.96625 16.9487
v -1.00127 1.6769 0.780513
vt 1.96625 17.7196
vn 0.999232 -0.0391872 -1.18343e-15
v -1.00127 1.6769 0.913549
vt 0.353693 17.7196
v -1.00218 1.63816 0.914475
vt 0.342465 17.2499
vn 0.999721 -0.023627 -1.91546e-16
f 832/2345/672 831/2346/672 833/2347/673 834/2348/673 835/2349/674 

v -0.991143 1.86159 0.909894
vt 0.397997 19.9907
vn 0.998501 -0.0547379 -2.17503e-15
vt 0.353693 17.7487
vt 1.96625 17.7487
v -0.989473 1.89205 0.780513
vt 1.96625 20.3605
vn 0.997349 -0.0727599 -8.80258e-17
v -0.989473 1.89205 0.907145
vt 0.431308 20.3605
f 836/2350/675 834/2351/673 833/2352/673 837/2353/676 838/2354/676 

vt 1.54104 17.6935
vn 0.571042 -0.00444021 0.820909
vt 1.66717 19.9325
vn 0.569213 0.0139914 0.822071
v -1.00156 1.86163 0.917109
vt 1.51353 19.9329
v -1.01154 1.67972 0.920709
vt 1.38927 17.7277
f 834/2355/677 836/2356/678 839/2357/678 840/2358/677 

v -0.999627 1.89694 0.913923
vt 1.55462 20.3065
vn 0.565319 0.031185 0.824283
vt 1.51334 19.878
vt 1.66697 19.8776
vt 1.70258 20.2471
f 841/2359/679 839/2360/678 836/2361/678 838/2362/679 

v -0.982442 2.08544 0.89782
vt 1.77044 22.6084
vn -0.129646 0.125273 0.983615
v -1.1084 2.08588 0.881163
vt 0.230406 22.6138
v -1.11953 1.95783 0.892173
vt 0.114103 21.0544
vn -0.130171 0.0961656 0.986817
v -1.12424 1.86205 0.900886
vt 0.0713576 19.8881
vn -0.130649 0.0615161 0.989518
vt 1.57123 19.8828
vt 1.58945 20.3129
f 842/2363/680 843/2364/680 844/2365/681 845/2366/682 839/2367/682 841/2368/681 

v -0.939077 2.16662 0.890748
vt 2.28055 23.4836
vn -0.11738 0.154497 0.980996
v -0.939077 2.27881 0.873079
vt 2.25258 24.8599
v -1.08852 2.27102 0.854623
vt 0.427429 24.7644
vn -0.129009 0.154272 0.97957
v -1.09268 2.26695 0.854716
vt 0.377547 24.7144
vt 0.230568 22.4931
vt 1.77061 22.4877
v -0.979449 2.11827 0.893044
vt 1.79902 22.8905
v -0.971818 2.13669 0.891149
vt 1.88772 23.1164
v -0.95968 2.1525 0.890257
vt 2.03218 23.3104
v -0.943861 2.16464 0.890429
vt 2.22256 23.4593
f 846/2369/683 847/2370/683 848/2371/684 849/2372/684 843/2373/680 842/2374/680 850/2375/684 851/2376/684 852/2377/684 853/2378/684 

v -0.74215 2.18531 0.909001
vt 4.69906 23.7033
vn -0.0940491 0.154883 0.983446
v -0.74215 2.28919 0.89264
vt 4.67784 24.9779
vt 2.27918 24.8504
vt 2.3021 23.474
v -0.925439 2.17226 0.891326
vt 2.46721 23.5433
vn -0.105734 0.1547 0.982287
v -0.905755 2.17515 0.892991
vt 2.70659 23.5786
f 854/2379/685 855/2380/685 847/2381/683 846/2382/683 856/2383/686 857/2384/686 

v -0.544974 2.19589 0.923828
vt 7.1162 23.8148
vn -0.0706218 0.155184 0.985358
v -0.544974 2.29706 0.907895
vt 7.10011 25.0561
v -0.690263 2.29196 0.896545
vt 5.33369 24.9936
vn -0.0823509 0.155044 0.984469
vt 4.703 24.9596
vt 4.71953 23.685
v -0.61744 2.19306 0.918213
vt 6.23522 23.7801
f 858/2385/687 859/2386/687 860/2387/688 855/2388/685 854/2389/685 861/2390/688 

v -0.347612 2.20361 0.934398
vt 9.52949 23.8824
vn -0.0471218 0.155399 0.986727
v -0.347612 2.30383 0.918615
vt 9.51809 25.1121
v -0.362159 2.30359 0.917783
vt 9.34148 25.1092
vn -0.058883 0.155302 0.986111
vt 7.12232 25.0291
vt 7.13384 23.7877
f 862/2391/689 863/2392/689 864/2393/690 859/2394/687 858/2395/687 

v -0.150124 2.20781 0.940809
vt 11.9378 23.8981
vn -0.0235731 0.155529 0.98755
v -0.150124 2.30716 0.925162
vt 11.931 25.1172
vt 9.53592 25.0762
vt 9.54276 23.8465
v -0.322697 2.20458 0.935137
vt 9.84489 23.8585
vn -0.0353542 0.155475 0.987207
f 865/2396/691 866/2397/691 863/2398/689 862/2399/689 867/2400/692 

v 0.02594 2.20896 0.942728
vt 14.0794 23.8676
vn -5.04168e-12 0.155572 0.987825
v 0.02594 2.30798 0.927135
vt 14.0771 25.0826
v -0.101341 2.30802 0.925609
vt 12.5342 25.083
vn -0.0117888 0.155561 0.987756
vt 11.9429 25.0726
vt 11.9452 23.8534
v -0.0883994 2.20896 0.941364
vt 12.6934 23.8676
f 868/2401/693 869/2402/693 870/2403/694 866/2404/691 865/2405/691 871/2406/694 

vt 14.0816 25.0303
vt 14.0794 23.8153
v 0.140279 2.20896 0.941364
vt 15.4654 23.8153
vn 0.0117888 0.155561 0.987756
v 0.202004 2.20781 0.940809
vt 16.2136 23.8012
vn 0.0235731 0.155529 0.98755
v 0.202004 2.30716 0.925162
vt 16.2159 25.0203
v 0.153221 2.30802 0.925609
vt 15.6246 25.0308
f 869/2407/693 868/2408/693 872/2409/695 873/2410/696 874/2411/696 875/2412/695 

v 0.02594 2.2011 0.935373
vt 14.0805 17.6109
vn -1.66069e-10 -0.683127 0.7303
v 0.139147 2.2011 0.934022
vt 15.4528 17.6109
vn 0.00126559 -0.682548 0.73084
vt 15.4654 17.7414
vt 14.0794 17.7414
f 876/2413/697 877/2414/698 872/2415/698 868/2416/697 

vt -15.4526 0.105533
vn -0.00935484 -0.999956 -3.93157e-15
vt -14.0804 0.0891559
vn -3.54319e-22 -1 -7.63701e-15
v 0.02594 2.2011 0.780513
vt -14.0804 1.96625
v 0.139147 2.2011 0.780513
vt -15.4526 1.96625
f 877/2417/699 876/2418/700 878/2419/700 879/2420/699 

v -0.0872673 2.2011 0.934022
vt -12.7082 0.105533
vn 0.00935484 -0.999956 -3.93157e-15
v -0.0872673 2.2011 0.780513
vt -12.7082 1.96625
f 876/2418/700 880/2421/701 881/2422/701 878/2419/700 

vt 12.706 17.3813
vn -0.00126559 -0.682548 0.73084
vt 14.0783 17.3813
vt 14.0794 17.5118
vt 12.6934 17.5118
f 880/2423/702 876/2424/697 868/2425/697 871/2426/702 

vt 12.6941 17.7143
vt 11.9461 17.6952
vn -0.00254792 -0.681945 0.731399
v -0.150124 2.19992 0.933457
vt 11.9468 17.5645
vt 12.7086 17.584
f 871/2427/702 865/2428/703 882/2429/703 880/2430/702 

v -0.319245 2.19676 0.927899
vt 9.89239 17.3192
vn -0.00328027 -0.680002 0.733203
vt 11.9431 17.3717
vt 11.9445 17.5023
vt 9.8519 17.4488
f 883/2431/704 882/2432/703 865/2433/703 867/2434/704 

v -0.319245 2.19676 0.780513
vt 1.96625 10.3434
vn 0.0288958 -0.999582 -7.41797e-16
vt 1.96625 13.1557
vt 0.105533 13.1557
vt 0.112381 12.3937
vn 0.0187089 -0.999825 -2.25786e-16
vt 0.179753 10.3434
f 884/2435/705 881/2436/701 880/2437/701 882/2438/706 883/2439/705 

v -0.347612 2.19565 0.927057
vt 0.189949 10.4821
vn 0.0390798 -0.999236 -1.25773e-15
v -0.544974 2.18793 0.916488
vt 0.318063 8.08799
v -0.61107 2.18535 0.911366
vt 0.380145 7.28622
vn 0.0505581 -0.998721 1.1666e-16
v -0.61107 2.18535 0.780513
vt 1.96625 7.28622
vt 1.96625 10.8262
vt 0.179753 10.8262
f 885/2440/707 886/2441/707 887/2442/708 888/2443/708 884/2444/705 883/2445/705 

vt 7.15512 17.3857
vn -0.0216519 -0.677783 0.734943
vt 7.15357 17.2544
vt 9.54772 17.3817
vn -0.00406698 -0.678032 0.735021
vt 9.54927 17.5129
f 858/2446/709 886/2447/709 885/2448/710 862/2449/710 

vt 6.33788 17.1041
vn -0.0218315 -0.673745 0.738641
vt 7.14091 17.1467
vt 7.1446 17.2779
vt 6.26416 17.2312
f 887/2450/711 886/2451/709 858/2452/709 861/2453/711 

vt 6.27557 17.5034
vt 4.76218 17.3769
vn -0.022126 -0.669652 0.742346
v -0.74215 2.1772 0.901684
vt 4.7606 17.2445
vt 6.3513 17.3775
f 861/2454/711 854/2455/712 889/2456/712 887/2457/711 

v -0.896531 2.16761 0.886578
vt 2.86797 17.0214
vn -0.00234598 -0.649548 0.760317
vt 4.74526 17.1779
vt 4.74897 17.3102
vt 2.7595 17.1444
f 890/2458/713 889/2459/712 854/2460/712 857/2461/713 

vt 0.680611 4.35936
vn 0.103578 -0.994621 1.55617e-15
v -0.896531 2.16761 0.780513
vt 1.96625 4.35936
vt 1.96625 7.82617
vt 0.380145 7.82617
vt 0.497501 6.23425
vn 0.0620296 -0.998074 1.49104e-15
f 890/2462/714 891/2463/714 888/2464/708 887/2465/708 889/2466/715 

v -0.916019 2.16475 0.88493
vt 0.700589 6.05523
vn 0.265844 -0.964016 1.12007e-15
v -0.916019 2.16475 0.780513
vt 1.96625 6.05523
vt 1.96625 6.29397
vt 0.680611 6.29397
f 892/2467/716 893/2468/716 891/2469/714 890/2470/714 

v -0.934259 2.1572 0.884156
vt 0.709964 11.2518
vn 0.5 -0.866025 -1.60036e-15
v -0.934259 2.1572 0.780513
vt 1.96625 11.2518
vt 1.96625 11.4911
vt 0.700589 11.4911
f 894/2471/717 895/2472/717 893/2473/716 892/2474/716 

v -0.949921 2.14518 0.884102
vt 0.71062 16.0084
vn 0.707107 -0.707107 -3.97115e-16
v -0.949921 2.14518 0.780513
vt 1.96625 16.0084
vt 1.96625 16.2477
vt 0.709964 16.2477
v -0.939077 2.1535 0.88422
vt 0.709193 16.1741
vn 0.608761 -0.793353 -3.77779e-15
f 896/2475/718 897/2476/718 895/2477/717 894/2478/717 898/2479/719 

v -0.961939 2.12951 0.884986
vt 0.699906 19.6659
vn 0.866025 -0.5 2.49895e-15
v -0.961939 2.12951 0.780513
vt 1.96625 19.6659
vt 1.96625 19.9052
vt 0.71062 19.9052
f 899/2480/720 900/2481/720 897/2482/718 896/2483/718 

v -0.969494 2.11128 0.886864
vt 0.677148 21.9751
vn 0.970911 -0.239442 2.00468e-15
v -0.969494 2.11128 0.780513
vt 1.96625 21.9751
vt 1.96625 22.2144
vt 0.699906 22.2144
f 901/2484/721 902/2485/721 900/2486/720 899/2487/720 

v -0.971852 2.08541 0.890627
vt 0.631529 22.7244
vn 0.995873 -0.0907582 1.99901e-15
vt 0.431308 20.371
vt 1.96625 20.371
vt 1.96625 23.0393
vt 0.677148 23.0393
f 903/2488/722 838/2489/676 837/2490/676 902/2491/721 901/2492/721 

vt 1.70854 20.2776
vt 1.99772 22.6218
vn 0.561383 0.0442076 0.826374
vt 1.84254 22.6222
vt 1.56056 20.3369
f 838/2493/679 903/2494/723 842/2495/723 841/2496/679 

vt 1.90489 22.9422
vn 0.518256 -0.0179907 0.855036
vt 1.84234 22.5433
vt 1.99752 22.5428
vt 2.04679 22.8572
f 850/2497/724 842/2498/723 903/2499/723 901/2500/724 

vt 2.0458 23.1721
vn 0.427178 -0.173984 0.88727
vt 1.95344 22.9476
vt 2.09519 22.8623
vt 2.18663 23.0846
f 851/2501/725 850/2502/724 901/2503/724 899/2504/725 

vt 2.21187 22.8147
vn 0.330356 -0.309194 0.891776
vt 2.07231 22.6171
vt 2.21177 22.5275
vt 2.34995 22.7232
f 852/2505/726 851/2506/725 899/2507/725 896/2508/726 

vt 2.4084 21.918
vn 0.201385 -0.409538 0.889788
vt 2.22605 21.7594
vt 2.36124 21.6637
vt 2.48624 21.7724
vn 0.246037 -0.413937 0.876426
f 853/2509/727 852/2510/726 896/2511/726 898/2512/728 

vt 2.45836 20.8812
vt 2.44743 21.0585
vn 0.211075 -0.457511 0.863789
vt 2.39053 21.0317
f 898/2513/728 846/2514/729 853/2515/727

vt 2.44803 21.5592
vt 2.4771 21.384
vt 2.53171 21.4334
vn 0.254139 -0.463821 0.848696
f 846/2516/729 898/2517/728 894/2518/730

vt 2.62165 20.4131
vn 0.100083 -0.569243 0.816055
vt 2.46108 20.3338
vt 2.53429 20.2016
vt 2.74903 20.3077
f 856/2519/731 846/2520/729 894/2521/730 892/2522/731 

vt 2.80595 18.1308
vt 2.56818 18.0858
vt 2.68491 17.9687
vt 2.92033 18.0132
f 857/2523/713 856/2524/731 892/2525/731 890/2526/713 

vt 9.85488 17.6808
vt 9.55295 17.6647
vt 9.55352 17.5335
vt 9.89729 17.5518
f 867/2527/704 862/2528/710 885/2529/710 883/2530/704 

vt -1.96625 -15.0001
v 0.371125 2.19676 0.780513
vt -1.96625 -17.8125
vn -0.0288958 -0.999582 -7.41797e-16
v 0.371125 2.19676 0.927899
vt -0.179753 -17.8125
v 0.202004 2.19992 0.933457
vt -0.112381 -15.7622
vn -0.0187089 -0.999825 -2.25786e-16
vt -0.105533 -15.0001
f 879/2531/699 904/2532/732 905/2533/732 906/2534/733 877/2535/699 

v 0.596854 2.18793 0.916488
vt -0.318063 -20.0513
vn -0.0390798 -0.999236 -1.25773e-15
v 0.399492 2.19565 0.927057
vt -0.189949 -17.6572
vt -0.179753 -17.3131
vt -1.96625 -17.3131
v 0.66295 2.18535 0.780513
vt -1.96625 -20.8531
vn -0.0505581 -0.998721 1.1666e-16
v 0.66295 2.18535 0.911366
vt -0.380145 -20.8531
f 907/2536/734 908/2537/734 905/2538/732 904/2539/732 909/2540/735 910/2541/735 

vt 21.0029 17.5882
vn 0.0216519 -0.677783 0.734943
v 0.596854 2.19589 0.923828
vt 21.0014 17.7195
v 0.399492 2.20361 0.934398
vt 18.6072 17.8467
vn 0.00406698 -0.678032 0.735021
vt 18.6088 17.7155
f 907/2542/736 911/2543/736 912/2544/737 908/2545/737 

vt 20.9957 17.9367
vt 21.7988 17.8941
vn 0.0218315 -0.673745 0.738641
v 0.66932 2.19306 0.918213
vt 21.8725 18.0212
vt 20.992 18.0679
f 907/2546/736 910/2547/738 913/2548/738 911/2549/736 

v 0.79403 2.18531 0.909001
vt 23.3942 17.7126
vn 0.022126 -0.669652 0.742346
vt 21.8808 17.8391
vt 21.805 17.7132
v 0.79403 2.1772 0.901684
vt 23.3957 17.5802
f 914/2550/739 913/2551/738 910/2552/738 915/2553/739 

v 0.596854 2.29706 0.907895
vt 20.9627 24.6922
vn 0.0706218 0.155184 0.985358
vt 20.9466 23.4509
vt 21.8276 23.4161
vn 0.0823509 0.155044 0.984469
vt 23.3432 23.3211
vn 0.0940491 0.154883 0.983446
v 0.79403 2.28919 0.89264
vt 23.3598 24.5957
v 0.742143 2.29196 0.896545
vt 22.7291 24.6296
f 916/2554/740 911/2555/740 913/2556/741 914/2557/742 917/2558/742 918/2559/741 

v 0.399492 2.30383 0.918615
vt 18.5926 24.8514
vn 0.0471218 0.155399 0.986727
vt 18.5812 23.6217
vt 20.9769 23.527
vt 20.9884 24.7684
v 0.414039 2.30359 0.917783
vt 18.7692 24.8485
vn 0.058883 0.155302 0.986111
f 919/2560/743 912/2561/743 911/2562/740 916/2563/740 920/2564/744 

vt 16.2117 24.9605
vt 16.205 23.7414
v 0.374577 2.20458 0.935137
vt 18.2979 23.7018
vn 0.0353542 0.155475 0.987207
vt 18.6 23.6898
vt 18.6068 24.9195
f 874/2565/696 873/2566/696 921/2567/745 912/2568/743 919/2569/743 

vt 16.2143 17.6678
vn 0.00254792 -0.681945 0.731399
vt 18.2651 17.6154
vn 0.00328027 -0.680002 0.733203
vt 18.3055 17.745
vt 16.2129 17.7985
f 906/2570/746 905/2571/747 921/2572/747 873/2573/746 

vt 18.6073 17.5421
vt 18.3053 17.5581
vt 18.2629 17.4291
vt 18.6067 17.4108
f 912/2574/737 921/2575/747 905/2576/747 908/2577/737 

vt 16.2137 17.5328
vt 15.4656 17.5519
vt 15.4512 17.4216
vt 16.213 17.4021
f 873/2578/746 872/2579/698 877/2580/698 906/2581/746 

vt 18.5484 4.95035
vn 0.0274525 0.967104 0.252896
v 0.414039 2.3584 0.708325
vt 18.972 7.55545
vn 0.0365491 0.967015 0.252084
vt 16.1582 5.10961
vn 0.0232575 0.966965 0.253844
f 919/2582/748 922/2583/749 874/2584/750

vt 18.6882 4.58197
vn 0.0391877 0.966679 0.252975
vt 18.9889 7.18907
vt 18.5119 4.59322
f 920/2585/751 922/2586/749 919/2587/748

vt 18.5092 3.39755
vt 20.7084 3.09013
vn 0.0517786 0.966998 0.249468
vt 18.9844 5.97855
f 920/2588/751 916/2589/752 922/2590/749

v 0.742143 2.34013 0.708325
vt 22.846 4.53903
vn 0.0643992 0.966915 0.246836
vt 18.9596 5.41196
vt 20.6115 2.4817
f 923/2591/753 922/2592/749 916/2593/752

vt 22.37 2.26328
vn 0.0617378 0.966935 0.247438
vt 22.85 4.56881
vt 20.6194 2.50722
f 918/2594/754 923/2595/753 916/2596/752

vt 22.0495 0.976967
vt 22.6674 0.846362
vn 0.0749291 0.967423 0.241824
vt 22.6724 3.24803
f 918/2597/754 917/2598/755 923/2599/753

v 1.1404 2.30706 0.708325
vt 27.0992 0.810263
vn 0.0781555 0.967902 0.238868
vt 22.5126 2.36814
vt 22.4134 -0.0314911
f 924/2600/756 923/2601/753 917/2602/755

v 0.990957 2.27881 0.873079
vt 24.8203 -0.669846
vn 0.0771142 0.968671 0.23607
vt 27.152 0.726652
vt 22.4738 -0.156455
f 925/2603/757 924/2604/756 917/2605/755

v 1.1404 2.27102 0.854623
vt 26.4993 -1.24376
vn 0.0798782 0.967867 0.238439
vt 27.0626 0.493535
vt 24.7106 -0.868399
f 926/2606/758 924/2607/756 925/2608/757

vt 7.80958 -1.06773
vn 0.686588 0.70594 0.173912
v 1.14456 2.26695 0.854716
vt 7.82088 -1.13742
vn 0.756731 0.635652 0.152658
vt 9.52861 -0.450928
f 926/2609/759 927/2610/760 924/2611/760

vt 25.6671 24.2927
vn 0.11738 0.154497 0.980996
v 0.990957 2.16662 0.890748
vt 25.6392 22.9163
v 0.995741 2.16464 0.890429
vt 25.6971 22.892
vn 0.129009 0.154272 0.97957
v 1.01156 2.1525 0.890257
vt 25.8875 22.7432
v 1.0237 2.13669 0.891149
vt 26.032 22.5492
v 1.03133 2.11827 0.893044
vt 26.1207 22.3232
v 1.03432 2.08544 0.89782
vt 26.1491 21.9205
vn 0.129646 0.125273 0.983615
v 1.16028 2.08588 0.881163
vt 27.6891 21.9259
vt 27.5422 24.1472
vt 27.4923 24.1971
f 925/2612/761 928/2613/761 929/2614/762 930/2615/762 931/2616/762 932/2617/762 933/2618/763 934/2619/763 927/2620/762 926/2621/762 

vt 23.3212 24.5116
vt 23.3 23.2371
v 0.957635 2.17515 0.892991
vt 25.2925 23.1124
vn 0.105734 0.1547 0.982287
v 0.977319 2.17226 0.891326
vt 25.5318 23.077
vt 25.697 23.0077
vt 25.7199 24.3842
f 917/2622/742 914/2623/742 935/2624/764 936/2625/764 928/2626/761 925/2627/761 

vt 23.3909 17.9655
v 0.948411 2.16761 0.886578
vt 25.2682 17.809
vn 0.00234598 -0.649548 0.760317
vt 25.3767 17.932
vt 23.3872 18.0978
f 915/2628/739 937/2629/765 935/2630/765 914/2631/739 

v 0.948411 2.16761 0.780513
vt -1.96625 -23.7472
vn -0.103578 -0.994621 1.55617e-15
vt -0.680611 -23.7472
vt -0.497501 -21.8723
vn -0.0620296 -0.998074 1.49104e-15
vt -0.380145 -20.2804
vt -1.96625 -20.2804
f 938/2632/766 937/2633/766 915/2634/767 910/2635/735 909/2636/735 

v 0.967899 2.16475 0.780513
vt -1.96625 -21.8082
vn -0.265844 -0.964016 1.12007e-15
v 0.967899 2.16475 0.88493
vt -0.700589 -21.8082
vt -0.680611 -21.5694
vt -1.96625 -21.5694
f 939/2637/768 940/2638/768 937/2639/766 938/2640/766 

v 0.986139 2.1572 0.780513
vt -1.96625 -14.7654
vn -0.5 -0.866025 -1.60036e-15
v 0.986139 2.1572 0.884156
vt -0.709964 -14.7654
vt -0.700589 -14.5261
vt -1.96625 -14.5261
f 941/2641/769 942/2642/769 940/2643/768 939/2644/768 

v 1.0018 2.14518 0.780513
vt -1.96625 -6.33305
vn -0.707107 -0.707107 -3.97115e-16
v 1.0018 2.14518 0.884102
vt -0.71062 -6.33305
v 0.990957 2.1535 0.88422
vt -0.709193 -6.16736
vn -0.608761 -0.793353 -3.77779e-15
vt -0.709964 -6.09375
vt -1.96625 -6.09375
f 943/2645/770 944/2646/770 945/2647/771 942/2648/769 941/2649/769 

v 1.01382 2.12951 0.780513
vt -1.96625 2.52271
vn -0.866025 -0.5 2.49895e-15
v 1.01382 2.12951 0.884986
vt -0.699906 2.52271
vt -0.71062 2.76201
vt -1.96625 2.76201
f 946/2650/772 947/2651/772 944/2652/770 943/2653/770 

v 1.02137 2.11128 0.780513
vt -1.96625 11.1984
vn -0.970911 -0.239442 2.00468e-15
v 1.02137 2.11128 0.886864
vt -0.677148 11.1984
vt -0.699906 11.4377
vt -1.96625 11.4377
f 948/2654/773 949/2655/773 947/2656/772 946/2657/772 

v 1.04135 1.89205 0.907145
vt -0.431308 17.8152
vn -0.997349 -0.0727599 -8.80258e-17
v 1.02373 2.08541 0.890627
vt -0.631529 20.1686
vn -0.995873 -0.0907582 1.99901e-15
vt -0.677148 20.4835
vt -1.96625 20.4835
v 1.04135 1.89205 0.780513
vt -1.96625 17.8152
f 950/2658/774 951/2659/775 949/2660/773 948/2661/773 952/2662/774 

vt 21.2991 22.9297
vn -0.561383 0.0442076 0.826374
vt 21.5883 20.5855
vn -0.565319 0.031185 0.824283
v 1.05151 1.89694 0.913923
vt 21.7362 20.6448
vt 21.4543 22.9301
f 951/2663/776 950/2664/777 953/2665/777 933/2666/776 

v 1.05344 1.86163 0.917109
vt 21.6368 20.566
vn -0.569213 0.0139914 0.822071
vt 21.5955 20.9944
vt 21.4476 20.9351
v 1.04302 1.86159 0.909894
vt 21.4832 20.5655
f 954/2667/778 953/2668/777 950/2669/777 955/2670/778 

vt 27.6885 22.2596
vt 26.1485 22.2543
vt 26.3295 19.9587
vn 0.130171 0.0961656 0.986817
vt 26.3477 19.5287
vn 0.130649 0.0615161 0.989518
v 1.17612 1.86205 0.900886
vt 27.8476 19.5339
v 1.17141 1.95783 0.892173
vt 27.8048 20.7003
f 934/2671/763 933/2672/763 953/2673/779 954/2674/780 956/2675/780 957/2676/779 

vt 27.8468 19.8383
vt 26.3469 19.8331
v 1.06342 1.67972 0.920709
vt 26.4611 17.6273
vn 0.13097 0.0267924 0.991024
v 1.0644 1.6382 0.921701
vt 26.4713 17.1239
vn 0.131074 0.00930658 0.991329
v 1.18503 1.63862 0.905748
vt 27.9462 17.129
v 1.18345 1.71312 0.903943
vt 27.9301 18.0324
f 956/2677/780 954/2678/780 958/2679/781 959/2680/782 960/2681/782 961/2682/781 

vt 21.4875 19.6931
v 1.05315 1.6769 0.913549
vt 21.6137 17.4542
vn -0.571042 -0.00444021 0.820909
vt 21.7654 17.4884
vt 21.6412 19.6936
f 955/2683/778 962/2684/783 958/2685/783 954/2686/778 

vt -0.353693 16.2072
vn -0.999232 -0.0391872 -1.18343e-15
vt -0.397997 18.4493
vn -0.998501 -0.0547379 -2.17503e-15
vt -0.431308 18.819
vt -1.96625 18.819
v 1.05315 1.6769 0.780513
vt -1.96625 16.2072
f 962/2687/784 955/2688/785 950/2689/774 952/2690/774 963/2691/784 

v 1.05465 1.61332 0.780513
vt -1.96625 16.2834
vn -0.999834 -0.0182082 -1.32026e-07
v 1.05465 1.61332 0.914192
vt -0.345889 16.2834
v 1.05406 1.63816 0.914475
vt -0.342465 16.5845
vn -0.999721 -0.023627 -1.91546e-16
vt -0.353693 17.0542
vt -1.96625 17.0542
f 964/2692/786 965/2693/786 966/2694/787 962/2695/784 963/2696/784 

v 1.05719 1.41477 0.780513
vt -1.96626 14.1676
vn -1 8.95496e-08 -1.32035e-07
v 1.05719 1.41477 0.912218
vt -0.369827 14.1676
vt -0.345896 16.5744
vt -1.96626 16.5744
f 967/2697/788 968/2698/788 965/2699/786 964/2700/786 

v 1.05465 1.21622 0.780513
vt -1.96625 12.4406
vn -0.999834 0.0182083 -7.89997e-15
v 1.05465 1.21622 0.905885
vt -0.44659 12.4406
vt -0.369819 14.8474
vt -1.96625 14.8475
f 969/2701/789 970/2702/789 968/2703/788 967/2704/788 

v 1.05315 1.15265 0.780513
vt -1.96625 11.9551
vn -0.999232 0.0391872 -1.92443e-15
v 1.05315 1.15265 0.903948
vt -0.470067 11.9551
vt -0.44659 12.726
vt -1.96625 12.726
f 971/2705/790 972/2706/790 970/2707/789 969/2708/789 

vt -0.470067 12.7667
vt -1.96625 12.7667
v 1.04135 0.937495 0.780513
vt -1.96625 10.1549
vn -0.997349 0.0727599 3.72034e-16
v 1.04135 0.937495 0.893161
vt -0.600811 10.1549
v 1.05164 1.12516 0.903224
vt -0.478841 12.4331
vn -0.998501 0.0547379 2.48255e-15
f 972/2709/790 971/2710/790 973/2711/791 974/2712/791 975/2713/792 

vt -0.600811 11.0825
vt -1.96625 11.0825
v 1.02137 0.71827 0.780513
vt -1.96625 8.41422
vn -0.970911 0.239442 3.73734e-15
v 1.02137 0.71827 0.87603
vt -0.808462 8.41422
v 1.03208 0.835789 0.888198
vt -0.660979 9.8446
vn -0.995873 0.0907582 -1.7386e-15
f 974/2714/791 973/2715/791 976/2716/793 977/2717/793 978/2718/794 

v 1.01382 0.70003 0.780513
vt -1.96625 15.3709
vn -0.866025 0.5 6.20155e-15
v 1.01382 0.70003 0.874924
vt -0.821867 15.3709
vt -0.808462 15.6102
vt -1.96625 15.6102
f 979/2719/795 980/2720/795 977/2721/793 976/2722/793 

v 1.0018 0.684368 0.780513
vt -1.96625 20.2591
vn -0.707107 0.707107 1.3441e-15
v 1.0018 0.684368 0.874709
vt -0.824478 20.2591
vt -0.821867 20.4984
vt -1.96625 20.4984
f 981/2723/796 982/2724/796 980/2725/795 979/2726/795 

vt -0.824478 23.9978
vt -1.96625 23.9978
v 0.986139 0.67235 0.780513
vt -1.96625 23.7585
vn -0.5 0.866025 6.9228e-16
v 0.986139 0.67235 0.875282
vt -0.817533 23.7585
v 0.990957 0.676047 0.875186
vt -0.818689 23.8321
vn -0.608761 0.793353 -5.0346e-16
f 982/2727/796 981/2728/796 983/2729/797 984/2730/797 985/2731/798 

vt -0.817533 25.8699
vt -1.96625 25.8699
v 0.967899 0.664795 0.780513
vt -1.96625 25.6306
vn -0.265844 0.964016 2.41008e-16
v 0.967899 0.664795 0.876388
vt -0.80413 25.6306
f 984/2732/797 983/2733/797 986/2734/799 987/2735/799 

vt -0.80413 26.0141
vt -1.96625 26.0141
v 0.948411 0.66194 0.780513
vt -1.96625 25.7754
vn -0.103578 0.994621 9.74045e-16
v 0.948411 0.66194 0.878172
vt -0.782496 25.7754
f 987/2736/799 986/2737/799 988/2738/800 989/2739/800 

v 0.66295 0.644198 0.903929
vt -0.470298 22.0803
vn -0.0505581 0.998721 1.65255e-15
v 0.79403 0.652345 0.893816
vt -0.592873 23.6723
vn -0.0620296 0.998074 3.34423e-15
vt -0.782496 25.5471
vt -1.96625 25.5471
v 0.66295 0.644198 0.780513
vt -1.96625 22.0803
f 990/2740/801 991/2741/802 989/2742/800 988/2743/800 992/2744/801 

vt 23.3964 3.87554
vn 0.017713 0.716493 0.69737
vt 21.806 3.73397
vn 0.0179789 0.720432 0.693293
v 0.66932 0.637079 0.911162
vt 21.8821 3.61022
v 0.79403 0.644827 0.901541
vt 23.3951 3.74489
f 991/2745/803 990/2746/804 993/2747/804 994/2748/803 

v 0.596854 0.634246 0.916946
vt 20.9969 3.11897
vn 0.018369 0.724313 0.689227
vt 21.8774 3.16877
vt 21.8036 3.29389
v 0.596854 0.641614 0.909204
vt 21.0006 3.24846
f 995/2749/805 993/2750/804 990/2751/804 996/2752/805 

usemtl Electronics_TV_RCA_from_2003___01
v 0.79403 0.546127 0.890127
vt -0.17287 0.123723
vn 0.096763 -0.144595 0.984748
vt -0.173903 0.168628
vn 0.0953386 -0.114346 0.988856
vt -0.230395 0.164349
vn 0.0834828 -0.114469 0.989913
vt -0.263238 0.162622
vn 0.071594 -0.114575 0.990831
v 0.596854 0.545558 0.90669
vt -0.262311 0.122272
vn 0.0732654 -0.146156 0.986545
f 997/2753/806 994/2754/807 993/2755/808 995/2756/809 998/2757/810 

v 0.990957 0.546858 0.868841
vt -0.0833334 0.124894
vn 0.115624 -0.149543 0.981971
v 0.990957 0.663521 0.882332
vt -0.0844886 0.177973
vn 0.118981 -0.114054 0.986324
v 0.977319 0.657874 0.883159
vt -0.090634 0.175346
vn 0.107181 -0.114208 0.987658
v 0.957635 0.654991 0.884962
vt -0.0995557 0.173951
vt -0.173848 0.16863
f 999/2758/811 1000/2759/812 1001/2760/813 1002/2761/813 994/2762/807 997/2753/806 

v 1.17612 0.836443 0.877743
vt -0.00161262 0.257117
vn 0.131 -0.0870963 0.987549
v 1.04263 0.835837 0.895396
vt -0.0624801 0.256507
v 1.03133 0.711863 0.882561
vt -0.066471 0.200071
vn 0.130764 -0.113883 0.984851
v 1.0237 0.693448 0.881445
vt -0.069778 0.191674
v 1.01156 0.677635 0.881228
vt -0.0751651 0.184448
v 0.995741 0.665501 0.881926
vt -0.0822653 0.178888
vt -0.0844282 0.177975
v 1.16028 0.547627 0.846449
vt -0.00612441 0.125669
vn 0.13049 -0.136562 0.982
v 1.17141 0.712874 0.864079
vt -0.00259926 0.200883
f 1003/2763/814 1004/2764/814 1005/2765/815 1006/2766/815 1007/2767/815 1008/2768/815 1000/2769/812 999/2758/811 1009/2770/816 1010/2771/815 

usemtl Silver_Noise_01
v 1.18503 1.12577 0.894177
vt 27.9634 11.1732
vn 0.131174 -0.0467695 0.990255
v 1.06204 1.12521 0.910443
vt 26.4597 11.1664
v 1.05151 0.933199 0.900148
vt 26.3495 8.83473
vn 0.13114 -0.0602462 0.989532
vt 26.2504 7.65244
vt 27.8825 7.6598
v 1.18345 1.02931 0.888514
vt 27.9535 10.0018
f 1011/2772/817 1012/2773/817 1013/2774/818 1004/2775/814 1003/2776/814 1014/2777/818 

v 1.06342 1.15042 0.911107
vt 26.4756 11.402
vn 0.131185 -0.0332842 0.990799
vt 26.46 11.0963
vt 27.9638 11.103
v 1.18757 1.28116 0.899061
vt 27.9866 12.9876
v 1.18757 1.41537 0.903569
vt 27.9795 14.6153
vn 0.131171 -0.0207348 0.991143
v 1.06751 1.41482 0.919448
vt 26.5114 14.6086
v 1.06494 1.21461 0.913062
vt 26.4907 12.1805
f 1015/2778/819 1012/2779/817 1011/2780/817 1016/2781/819 1017/2782/820 1018/2783/820 1019/2784/819 

vt 21.6578 11.148
vn -0.570388 -0.00156123 0.821374
vt 21.6761 11.4535
vn -0.571897 -0.000881098 0.820325
vt 21.5244 11.4805
vt 21.5044 11.1474
f 1012/2785/821 1015/2786/822 972/2787/822 975/2788/821 

vt 21.6184 11.1259
vt 21.6471 11.904
vn -0.573653 -0.015083 0.818959
vt 21.495 11.9235
vt 21.4666 11.1528
f 1015/2789/822 1019/2790/823 970/2791/823 972/2792/822 

vt 21.5529 14.2142
vn -0.57387 -0.0171231 0.818767
vt 21.4836 11.8071
vt 21.6356 11.7876
vt 21.7056 14.2147
f 968/2793/824 970/2794/823 1019/2795/823 1018/2796/824 

vt 21.708 14.2667
v 1.06494 1.61553 0.921444
vt 21.6964 16.6998
vn -0.573271 -0.0191697 0.819142
vt 21.5438 16.673
vt 21.5553 14.2661
f 1018/2797/824 1020/2798/825 965/2799/825 968/2800/824 

vt 27.9458 17.248
vt 26.4709 17.2429
vt 26.4778 16.9681
vn 0.131137 -0.00818208 0.99133
vt 26.5118 14.5351
vt 27.9798 14.5418
v 1.18757 1.51883 0.904423
vt 27.9785 15.7959
f 960/2801/782 959/2802/782 1020/2803/826 1018/2804/820 1017/2805/820 1021/2806/826 

vt 21.5594 16.858
vn -0.57288 -0.00840202 0.819596
vt 21.5633 16.5568
vt 21.7159 16.5836
vt 21.7123 16.8584
f 966/2807/827 965/2808/825 1020/2809/825 959/2810/827 

vt 21.7108 17.3103
vt 21.6942 17.8136
vt 21.5424 17.7795
vt 21.558 17.3099
f 959/2811/827 958/2812/783 962/2813/783 966/2814/827 

vt 0.529305 12.8891
vn 0.999966 -0.00818801 0.000138505
v 1.18757 1.27813 0.708325
vt 2.84125 12.8525
v 1.18757 1.51657 0.708325
vt 2.84125 15.7426
vn 0.999944 0.0106172 -0.000123531
vt 0.464308 15.77
vt 0.474662 14.5159
vn 1 -9.84266e-16 -1.07474e-14
f 1016/2815/828 1022/2816/828 1023/2817/829 1021/2818/829 1017/2819/830 

vt 0.596292 11.4648
vn 0.999866 -0.0163755 0.000277
vt 0.664933 10.2955
vn 0.99963 -0.0271903 0.000542609
v 1.18345 1.02601 0.708325
vt 2.84904 10.2555
vt 2.84905 13.3119
vt 0.537106 13.3485
f 1011/2820/831 1014/2821/832 1024/2822/832 1022/2823/828 1016/2824/828 

vt 0.810361 8.55812
vn 0.999277 -0.0380019 0.000808155
vt 0.975939 7.05922
vn 0.998607 -0.0527565 0.00125288
v 1.17141 0.708845 0.708325
vt 2.86387 7.01036
vn 0.998404 -0.0558172 0.00858134
vt 2.86398 10.8576
vt 0.679879 10.8976
f 1003/2825/833 1010/2826/834 1025/2827/835 1024/2828/832 1014/2829/832 

vt 1.0009 7.87469
vt 1.21437 5.86713
vn 0.997718 -0.0674997 0.00169734
v 1.14456 0.314713 0.810656
vt 1.64789 3.03746
vn 0.997826 -0.0647175 0.012467
vt 2.88882 7.82574
f 1010/2830/834 1009/2831/836 1026/2832/837 1025/2833/835 

usemtl Electronics_TV_RCA_from_2003___01
vt -0.0104491 0.0189903
vn 0.111115 -0.171815 0.978843
f 1009/2770/816 999/2758/811 1026/2834/838

v 1.1404 0.311023 0.810353
vt -0.0122893 0.0172704
vn 0.109375 -0.173429 0.978754
f 1026/2834/838 999/2758/811 1027/2835/839

v 0.990957 0.30307 0.828379
vt -0.0803133 0.0132175
vn 0.112216 -0.163566 0.980129
f 1028/2836/840 1027/2835/839 999/2758/811

usemtl Silver_Noise_01
v 1.1404 0.270774 0.708325
vt 27.4336 4.01854
vn 0.0825779 -0.933654 0.348528
vt 27.1274 5.31225
vn 0.0933604 -0.92617 0.365366
vt 25.3183 5.05662
vn 0.0882791 -0.928858 0.359763
f 1029/2837/841 1027/2838/842 1028/2839/843

vt 13.0036 18.5792
vn 0.706255 -0.660488 0.254871
vt 12.9859 18.514
vn 0.623685 -0.727141 0.286851
vt 14.1095 17.8033
f 1026/2840/844 1027/2841/845 1029/2842/844

vt 10.2153 15.6233
v 1.14456 0.276319 0.708325
vt 10.229 15.7063
vn 0.780151 -0.585721 0.219762
vt 9.03505 16.2804
f 1029/2843/844 1030/2844/846 1026/2845/844

vt 2.24388 2.88129
vt 3.48392 2.415
vn 0.99781 -0.0619273 0.023235
vt 3.49149 7.66783
f 1026/2846/837 1030/2847/847 1025/2848/835

vt 27.5077 3.53415
vt 25.4114 4.61026
v 0.79403 0.292704 0.847376
vt 23.035 4.26488
vn 0.0756587 -0.939121 0.335154
f 1029/2849/841 1028/2850/843 1031/2851/848

usemtl Electronics_TV_RCA_from_2003___01
vt -0.169697 0.00758202
vn 0.0889958 -0.166311 0.982049
f 1031/2852/849 1028/2836/840 997/2753/806

f 999/2758/811 997/2753/806 1028/2836/840

f 997/2753/806 998/2757/810 1031/2852/849

v 0.596854 0.284833 0.862202
vt -0.259027 0.00274649
vn 0.0657485 -0.168357 0.983531
v 0.742143 0.290003 0.851131
vt -0.193195 0.00601789
vn 0.080631 -0.167677 0.982539
f 1032/2853/850 1033/2854/851 1031/2852/849 998/2757/810 

usemtl Silver_Noise_01
v 0.742143 0.240724 0.708325
vt 22.9058 1.24411
vn 0.0625276 -0.944183 0.323431
vt 22.6002 3.04958
vn 0.065512 -0.943271 0.325497
vt 20.8431 2.86016
vn 0.0519844 -0.946273 0.319163
f 1034/2855/852 1033/2856/853 1032/2857/854

vt 23.0805 4.04379
vt 22.4567 3.94557
vt 22.8339 2.15369
f 1031/2858/848 1033/2859/853 1034/2860/852

vt 22.8439 2.05192
vt 27.5603 3.14394
vt 23.099 3.94091
f 1034/2861/852 1029/2862/841 1031/2863/848

v 0.414039 0.224118 0.708325
vt 18.9983 0.025973
vn 0.0362192 -0.948542 0.314572
vt 22.9305 0.654185
vt 20.9102 2.32282
f 1035/2864/855 1034/2865/852 1032/2866/854

vt 20.8967 2.44169
v 0.414039 0.278433 0.871738
vt 18.6898 2.19845
vn 0.0419683 -0.948119 0.315132
vt 18.9979 0.134003
f 1032/2867/854 1036/2868/856 1035/2869/855

usemtl Electronics_TV_RCA_from_2003___01
v 0.399492 0.545152 0.918525
vt -0.351677 0.120536
vn 0.0510292 -0.151027 0.987212
vt -0.341719 -0.00165329
vn 0.0577699 -0.16943 0.983848
f 1032/2853/850 1037/2870/857 1036/2871/858

f 998/2757/810 1037/2870/857 1032/2853/850

vt -0.26329 0.162621
v 0.399492 0.62653 0.927935
vt -0.352575 0.157559
vn 0.0477723 -0.114738 0.992246
f 998/2757/810 995/2872/809 1038/2873/859 1037/2870/857 

usemtl Silver_Noise_01
v 0.399492 0.633895 0.920193
vt 18.6103 3.478
vn 0.00174166 0.724527 0.689244
vt 18.6089 3.34849
vt 21.0029 3.48418
vt 21.0043 3.61372
f 1039/2874/860 1038/2875/860 995/2876/805 996/2877/805 

vt 18.6048 3.80245
v 0.371125 0.632785 0.921088
vt 18.2611 3.78294
vn 0.00153444 0.726421 0.687249
v 0.374577 0.625556 0.928722
vt 18.3038 3.6558
vt 18.6057 3.67293
f 1039/2878/860 1040/2879/861 1041/2880/861 1038/2881/860 

vt -1.96625 21.9871
v 0.371125 0.632785 0.780513
vt -1.96625 18.4471
vn -0.0288958 0.999582 9.60679e-17
vt -0.262301 18.4471
vt -0.273161 18.7912
vn -0.0390798 0.999236 -3.93485e-17
vt -0.406357 21.1853
vt -0.470298 21.9871
f 992/2882/801 1042/2883/862 1040/2884/862 1039/2885/863 996/2886/863 990/2887/801 

v 0.139147 0.628445 0.927449
vt -0.185205 15.543
vn -0.00935484 0.999956 -2.8672e-15
v 0.202004 0.629621 0.926829
vt -0.192724 16.3051
vn -0.0187089 0.999825 2.31474e-16
vt -0.262301 18.3554
vt -1.96625 18.3554
v 0.139147 0.628445 0.780513
vt -1.96625 15.543
f 1043/2888/864 1044/2889/865 1040/2890/862 1042/2891/862 1045/2892/864 

vt 16.2118 3.67928
vn 0.00138593 0.728288 0.68527
vt 15.45 3.65848
vn 0.000683937 0.728866 0.684656
v 0.140279 0.621174 0.935188
vt 15.4646 3.52987
v 0.202004 0.622328 0.934579
vt 16.2127 3.55029
f 1044/2893/866 1043/2894/867 1046/2895/867 1047/2896/866 

v 0.02594 0.621174 0.936564
vt 14.0803 3.27568
vn -6.40612e-11 0.729423 0.684063
vt 15.4663 3.27568
vt 15.4537 3.40451
v 0.02594 0.628445 0.928811
vt 14.0814 3.40451
f 1048/2897/868 1046/2898/867 1043/2899/867 1049/2900/868 

usemtl Electronics_TV_RCA_from_2003___01
v 0.202004 0.544908 0.925627
vt -0.44099 0.11851
vn 0.0259962 -0.148052 0.988638
vt -0.441938 0.15373
vn 0.0238991 -0.114837 0.993097
vt -0.469821 0.152493
vn 0.0119519 -0.114861 0.99331
vt -0.521498 0.151173
vn -7.17114e-11 -0.114869 0.993381
v 0.02594 0.544836 0.927737
vt -0.520563 0.116445
vn -1.79617e-11 -0.145205 0.989402
f 1050/2901/869 1047/2902/870 1046/2903/871 1048/2904/872 1051/2905/873 

vt -0.352624 0.157558
vt -0.363881 0.156873
vn 0.0358428 -0.114796 0.992742
vt -0.441891 0.153731
f 1037/2870/857 1038/2906/859 1041/2907/874 1047/2908/870 1050/2901/869 

usemtl Silver_Noise_01
vt 16.2143 3.26633
vt 18.3069 3.32343
vt 18.2663 3.45128
vt 16.2156 3.39531
f 1047/2909/866 1041/2910/861 1040/2911/861 1044/2912/866 

usemtl Electronics_TV_RCA_from_2003___01
v 0.399492 0.278178 0.872556
vt -0.348302 -0.00188544
vn 0.0428477 -0.16977 0.984552
f 1037/2870/857 1050/2901/869 1052/2913/875

v 0.202004 0.274836 0.878921
vt -0.437573 -0.00534723
vn 0.0191438 -0.170576 0.985159
f 1053/2914/876 1052/2913/875 1050/2901/869

usemtl Silver_Noise_01
vt 18.9556 -1.18347
vt 18.6147 0.891882
vn 0.0302614 -0.948629 0.314941
vt 16.2228 0.763575
vn 0.0224374 -0.949589 0.312692
f 1035/2915/855 1052/2916/877 1053/2917/878

vt 18.9818 -0.726131
vt 18.7674 1.35014
vt 18.591 1.34041
f 1035/2918/855 1036/2919/856 1052/2920/877

usemtl Electronics_TV_RCA_from_2003___01
f 1052/2913/875 1036/2871/858 1037/2870/857

usemtl Silver_Noise_01
v 0.153221 0.217803 0.708325
vt 15.7902 -1.59724
vn 0.0137047 -0.949997 0.311957
vt 18.943 -1.3518
vt 16.2274 0.619156
f 1054/2921/879 1035/2922/855 1053/2923/878

vt 16.2321 0.374088
v 0.153221 0.274039 0.879324
vt 15.6415 0.343193
vn 0.0293675 -0.954562 0.296561
vt 15.7614 -1.83543
f 1053/2924/878 1055/2925/880 1054/2926/879

usemtl Electronics_TV_RCA_from_2003___01
vt -0.400355 -0.00727841
vt -0.477994 0.117993
vt -0.422412 -0.00725575
vn 0.0617813 -0.14744 0.98714
f 1053/2927/876 1051/2928/873 1055/2929/881

f 1050/2901/869 1051/2905/873 1053/2914/876

v 0.02594 0.471769 0.91859
vt -0.478615 0.0847093
vn 1.3268e-15 -0.124206 0.992256
v 0.0344937 0.470662 0.917476
vt -0.474735 0.0840779
vn 0.112442 -0.123418 0.985964
v 0.0424644 0.467418 0.916161
vt -0.471137 0.0824814
v 0.049309 0.462257 0.914735
vt -0.468069 0.0800285
v 0.0545611 0.455531 0.913294
vt -0.465737 0.0768865
v 0.0578627 0.447698 0.911937
vt -0.464302 0.0732694
v 0.0589888 0.439293 0.910756
vt -0.463862 0.0694238
v 0.0589888 0.313136 0.894965
vt -0.464933 0.0119568
v 0.0578627 0.304721 0.89404
vt -0.465517 0.0081404
v 0.0545611 0.29688 0.893435
vt -0.467085 0.00461758
v 0.049309 0.290146 0.893191
vt -0.469531 0.00162844
v 0.0424644 0.284979 0.893325
vt -0.472687 -0.000623301
v 0.0344937 0.281731 0.893827
vt -0.47634 -0.00198421
v 0.02594 0.280624 0.894664
vt -0.480239 -0.00236153
v 0.02594 0.268585 0.893157
vt -0.480341 -0.00784518
f 1051/2928/873 1056/2930/882 1057/2931/883 1058/2932/883 1059/2933/883 1060/2934/883 1061/2935/883 1062/2936/883 1063/2937/883 1064/2938/883 1065/2939/883 1066/2940/883 1067/2941/883 1068/2942/883 1069/2943/882 1070/2944/882 1055/2929/881 

v 0.0173864 0.281731 0.893827
vt -0.484121 -0.00183908
vn -0.112442 -0.123418 0.985964
v 0.00941564 0.284979 0.893325
vt -0.48772 -0.000342934
v 0.00257102 0.290146 0.893191
vt -0.490791 0.00202494
v -0.00268105 0.29688 0.893435
vt -0.493123 0.00510319
v -0.00598263 0.304721 0.89404
vt -0.494559 0.00868202
v -0.00710874 0.313136 0.894965
vt -0.495 0.0125176
v -0.00710874 0.439293 0.910756
vt -0.493928 0.0699846
v -0.00598263 0.447698 0.911937
vt -0.493344 0.0738111
v -0.00268105 0.455531 0.913294
vt -0.491775 0.0773721
v 0.00257102 0.462257 0.914735
vt -0.489329 0.080425
v 0.00941564 0.467418 0.916161
vt -0.486171 0.0827617
v 0.0173864 0.470662 0.917476
vt -0.482516 0.084223
v -0.101341 0.274039 0.879324
vt -0.538208 -0.00509618
vn -0.0617813 -0.14744 0.98714
f 1070/2944/882 1069/2943/882 1071/2945/884 1072/2946/884 1073/2947/884 1074/2948/884 1075/2949/884 1076/2950/884 1077/2951/884 1078/2952/884 1079/2953/884 1080/2954/884 1081/2955/884 1082/2956/884 1056/2930/882 1051/2928/873 1083/2957/885 

usemtl Silver_Noise_01
vt 14.0924 0.53617
vn 1.88791e-14 0.72866 0.684876
v 0.02594 0.28496 0.89005
vt 14.0947 0.612882
vn 6.66657e-15 0.727856 0.68573
vt 13.9892 0.555768
vn 0.0965893 0.714524 0.692911
f 1069/2958/886 1084/2959/887 1071/2960/888

vt 14.0459 1.35533
vt 14.1491 1.37493
vn -0.0965893 0.714524 0.692911
vt 14.0437 1.43204
vn 6.6657e-15 0.727856 0.68573
f 1069/2961/886 1068/2962/889 1084/2963/890

v 0.033239 0.285921 0.889338
vt 14.1294 1.46763
vn -0.166085 0.695761 0.698808
vt 14.0414 1.45067
vt 14.1469 1.3937
f 1085/2964/891 1084/2965/890 1068/2966/889

vt -0.63852 14.0662
vn -3.46159e-14 1 -1.09423e-14
vt -0.647152 14.1554
vn -0.258819 0.965926 -8.32598e-14
v 0.033239 0.285921 0.883701
vt -0.715484 14.1554
v 0.02594 0.28496 0.883701
vt -0.715484 14.0662
f 1084/2967/892 1085/2968/893 1086/2969/893 1087/2970/892 

vt -0.647152 13.4063
v 0.0400406 0.288738 0.888915
vt -0.652279 13.4955
vn -0.5 0.866025 -6.27883e-14
v 0.0400406 0.288738 0.883701
vt -0.715484 13.4955
vt -0.715484 13.4063
f 1085/2971/893 1088/2972/894 1089/2973/894 1086/2974/893 

vt 13.3087 4.09084
vn -0.356814 0.602501 0.713916
vt 13.2322 4.04471
vt 13.3535 4.0293
vn -0.295292 0.642366 0.707226
f 1088/2975/895 1085/2976/891 1067/2977/896

vt 13.2705 3.98825
vt 13.3602 4.0418
vt 13.2389 4.05732
f 1068/2978/889 1067/2979/896 1085/2980/891

vt 12.0385 5.04274
vt 12.1094 5.1188
vn -0.46486 0.514139 0.72081
vt 11.9862 5.09807
f 1067/2981/896 1066/2982/897 1088/2983/895

v 0.0458812 0.29322 0.88881
vt 12.0632 5.08767
vn -0.512461 0.457917 0.726427
vt 12.0026 5.02216
vt 12.1258 5.04275
f 1090/2984/898 1088/2985/895 1066/2986/897

vt -0.652279 11.8298
vt -0.653553 11.919
vn -0.707107 0.707107 -5.78002e-14
v 0.0458812 0.29322 0.883701
vt -0.715484 11.919
vt -0.715484 11.8298
f 1088/2987/894 1090/2988/899 1091/2989/899 1089/2990/894 

v 0.0503629 0.29906 0.88903
vt -0.650886 9.53322
vn -0.866025 0.5 -5.56541e-14
v 0.0503629 0.29906 0.883701
vt -0.715484 9.53322
vt -0.715484 9.44399
vt -0.653553 9.44399
f 1092/2991/900 1093/2992/900 1091/2993/899 1090/2994/899 

v 0.0531802 0.305862 0.88956
vt -0.644461 6.50083
vn -0.965926 0.258819 -8.70619e-14
v 0.0531802 0.305862 0.883701
vt -0.715484 6.50083
vt -0.715484 6.41159
vt -0.650886 6.41159
f 1094/2995/901 1095/2996/901 1093/2997/900 1092/2998/900 

v 0.0541412 0.313161 0.890364
vt -0.634714 3.02845
vn -0.997859 0.0654031 -7.57146e-14
v 0.0541412 0.313161 0.883701
vt -0.715484 3.02845
vt -0.715484 2.93921
vt -0.644461 2.93921
f 1096/2999/902 1097/3000/902 1095/3001/901 1094/3002/901 

v 0.0541412 0.439317 0.906156
vt -0.4433 2.68503
vn -0.997859 -0.0654031 -9.51322e-15
v 0.0541412 0.439317 0.883701
vt -0.715484 2.68503
vt -0.715484 1.15586
vt -0.634714 1.15586
f 1098/3003/903 1099/3004/903 1097/3005/902 1096/3006/902 

v 0.0531802 0.446616 0.907179
vt -0.430897 0.868815
vn -0.965926 -0.258819 -7.74465e-15
v 0.0531802 0.446616 0.883701
vt -0.715484 0.868815
vt -0.715484 0.779579
vt -0.4433 0.779579
f 1100/3007/904 1101/3008/904 1099/3009/903 1098/3010/903 

v 0.0503629 0.453418 0.908352
vt -0.416683 -2.86307
vn -0.866025 -0.5 -1.33001e-14
v 0.0503629 0.453418 0.883701
vt -0.715484 -2.86307
vt -0.715484 -2.95231
vt -0.430897 -2.95231
f 1102/3011/905 1103/3012/905 1101/3013/904 1100/3014/904 

v 0.0458812 0.459259 0.909594
vt -0.401626 -6.39681
vn -0.707107 -0.707107 -5.76126e-15
v 0.0458812 0.459259 0.883701
vt -0.715484 -6.39681
vt -0.715484 -6.48604
vt -0.416683 -6.48604
f 1104/3015/906 1105/3016/906 1103/3017/905 1102/3018/905 

v 0.0400406 0.46374 0.910821
vt -0.386752 -9.49157
vn -0.5 -0.866025 -2.92788e-15
v 0.0400406 0.46374 0.883701
vt -0.715484 -9.49157
vt -0.715484 -9.58081
vt -0.401626 -9.58081
f 1106/3019/907 1107/3020/907 1105/3021/906 1104/3022/906 

v 0.033239 0.466558 0.91195
vt -0.373076 -11.9365
vn -0.258819 -0.965926 -3.16252e-15
v 0.033239 0.466558 0.883701
vt -0.715484 -11.9365
vt -0.715484 -12.0257
vt -0.386752 -12.0257
f 1108/3023/908 1109/3024/908 1107/3025/907 1106/3026/907 

v 0.02594 0.467519 0.883701
vt -0.715484 -13.5649
vn -3.66875e-14 -1 1.00309e-14
vt -0.715484 -13.6541
vt -0.373076 -13.6541
v 0.02594 0.467519 0.912902
vt -0.361528 -13.5649
f 1110/3027/909 1109/3028/908 1108/3029/908 1111/3030/909 

vt 14.0804 3.02686
vn 0 0 1
v 0.018641 0.466558 0.883701
vt 13.9919 3.01521
v 0.0118394 0.46374 0.883701
vt 13.9095 2.98106
v 0.00599879 0.459259 0.883701
vt 13.8387 2.92674
v 0.0015171 0.453418 0.883701
vt 13.7844 2.85594
v -0.00130021 0.446616 0.883701
vt 13.7502 2.7735
v -0.00226114 0.439317 0.883701
vt 13.7386 2.68503
v -0.00226114 0.313161 0.883701
vt 13.7386 1.15586
v -0.00130021 0.305862 0.883701
vt 13.7502 1.06739
v 0.0015171 0.29906 0.883701
vt 13.7844 0.984944
v 0.00599879 0.29322 0.883701
vt 13.8387 0.914148
v 0.0118394 0.288738 0.883701
vt 13.9095 0.859824
v 0.018641 0.285921 0.883701
vt 13.9919 0.825675
vt 14.0804 0.814027
vt 14.1689 0.825675
vt 14.2513 0.859824
vt 14.3221 0.914148
vt 14.3764 0.984944
vt 14.4106 1.06739
vt 14.4222 1.15586
vt 14.4222 2.68503
vt 14.4106 2.7735
vt 14.3764 2.85594
vt 14.3221 2.92674
vt 14.2513 2.98106
vt 14.1689 3.01521
f 1110/3031/910 1112/3032/910 1113/3033/910 1114/3034/910 1115/3035/910 1116/3036/910 1117/3037/910 1118/3038/910 1119/3039/910 1120/3040/910 1121/3041/910 1122/3042/910 1123/3043/910 1087/3044/910 1086/3045/910 1089/3046/910 1091/3047/910 1093/3048/910 1095/3049/910 1097/3050/910 1099/3051/910 1101/3052/910 1103/3053/910 1105/3054/910 1107/3055/910 1109/3056/910 

v 0.018641 0.466558 0.91195
vt 0.373076 14.2658
vn 0.258819 -0.965926 5.21466e-14
vt 0.715484 14.2658
vt 0.715484 14.355
vt 0.361528 14.355
f 1124/3057/911 1112/3058/911 1110/3059/909 1111/3060/909 

v 0.0118394 0.46374 0.910821
vt 0.386752 13.9915
vn 0.5 -0.866025 1.16e-13
vt 0.715484 13.9915
vt 0.715484 14.0807
vt 0.373076 14.0807
f 1125/3061/912 1113/3062/912 1112/3063/911 1124/3064/911 

v 0.00599879 0.459259 0.909594
vt 0.401626 12.7607
vn 0.707107 -0.707107 1.25626e-13
vt 0.715484 12.7607
vt 0.715484 12.8499
vt 0.386752 12.8499
f 1126/3065/913 1114/3066/913 1113/3067/912 1125/3068/912 

vt 0.401626 10.7464
v 0.0015171 0.453418 0.908352
vt 0.416683 10.6572
vn 0.866025 -0.5 8.22923e-14
vt 0.715484 10.6572
vt 0.715484 10.7464
f 1126/3069/913 1127/3070/914 1115/3071/914 1114/3072/913 

vt 11.1658 6.75811
vn 0.585924 -0.432465 0.685323
vt 11.1996 6.84206
vn 0.471485 -0.585563 0.659407
vt 11.0889 6.78848
vn 0.552166 -0.489275 0.675073
f 1127/3073/915 1126/3074/916 1079/3075/917

vt 11.089 6.9589
vn 0.424925 -0.631457 0.648614
vt 11.0495 6.8617
vt 11.1601 6.91557
f 1080/3076/918 1079/3077/917 1126/3078/916

vt 12.1283 6.63718
vt 12.1817 6.71017
vn 0.323015 -0.702733 0.633899
vt 12.0609 6.68601
f 1126/3079/916 1125/3080/919 1080/3081/918

vt 12.1071 6.81737
vn 0.266526 -0.734173 0.624463
vt 12.0445 6.73263
vt 12.1653 6.75699
f 1081/3082/920 1080/3083/918 1125/3084/919

vt 13.2856 5.08017
vt 13.3591 5.13248
vn 0.149661 -0.776049 0.612658
vt 13.2368 5.14845
f 1125/3085/919 1124/3086/921 1081/3087/920

vt 13.3286 5.19863
vn 0.0875252 -0.79049 0.606189
vt 13.2423 5.13793
vt 13.3646 5.12183
f 1082/3088/922 1081/3089/920 1124/3090/921

vt 13.9946 2.01508
vt 14.0824 2.03447
vn -2.35692e-14 -0.800483 0.599356
vt 13.9764 2.09792
f 1124/3091/921 1111/3092/923 1082/3093/922

vt 14.08 2.09295
vn 2.34785e-15 -0.801079 0.598558
vt 13.977 2.07056
vt 14.0829 2.00693
f 1056/3094/924 1082/3095/922 1111/3096/923

vt 14.0549 1.12623
vt 14.052 1.04021
vt 14.1579 1.10383
vn -0.0875252 -0.79049 0.606189
f 1056/3097/924 1111/3098/923 1057/3099/925

vt 14.1378 1.00407
vn -0.149661 -0.776049 0.612658
vt 14.156 1.08691
vt 14.05 1.02346
f 1108/3100/926 1057/3101/925 1111/3102/923

vt 13.3275 -1.72008
vt 13.2915 -1.79689
vt 13.4138 -1.78079
vn -0.266526 -0.734173 0.624463
f 1057/3103/925 1108/3104/926 1058/3105/927

vt 13.3586 -1.82653
vn -0.323015 -0.702733 0.633899
vt 13.4073 -1.75824
vt 13.285 -1.77422
f 1106/3106/928 1058/3107/927 1108/3108/926

vt 12.1236 -2.86133
vt 12.0653 -2.92171
vt 12.1862 -2.94606
vn -0.424925 -0.631457 0.648614
f 1058/3109/927 1106/3110/928 1059/3111/929

vt 12.1372 -2.90646
vn -0.471485 -0.585563 0.659407
vt 12.2046 -2.85763
vt 12.0838 -2.83347
f 1104/3112/930 1059/3113/929 1106/3114/928

vt 11.1185 -2.46914
vt 11.0474 -2.51247
vt 11.1579 -2.56634
vn -0.552166 -0.489275 0.675073
f 1059/3115/929 1104/3116/930 1060/3117/931

vt 11.1252 -2.49011
vn -0.585924 -0.432465 0.685323
vt 11.2021 -2.45974
vt 11.0914 -2.40616
f 1102/3118/932 1060/3119/931 1104/3120/930

vt 10.4893 -1.0999
vt 10.4114 -1.12758
vt 10.5081 -1.20253
vn -0.6506 -0.284922 0.703945
f 1060/3121/931 1102/3122/932 1061/3123/933

vt 10.4728 -1.14231
vn -0.650566 -0.283201 0.704671
vt 10.5536 -1.12817
vt 10.4568 -1.05338
f 1100/3124/934 1061/3125/933 1102/3126/932

vt 10.1259 0.785555
vt 10.1258 0.695461
vn -0.680808 -0.156773 0.715487
vt 10.2068 0.798908
f 1100/3127/934 1098/3128/935 1061/3129/933

vt 10.2299 0.681163
vn -0.681898 -0.140653 0.717797
vt 10.2299 0.784948
vt 10.1489 0.681467
f 1062/3130/936 1061/3131/933 1098/3132/935

vt 10.102 0.211464
vn -0.688696 -0.0223554 0.724705
vt 10.2338 1.74692
vt 10.1528 1.74722
vt 10.021 0.211763
vn -0.687924 -0.0398944 0.724685
f 1063/3133/937 1062/3134/936 1098/3135/935 1096/3136/938 

vt 10.0249 1.26705
vt 10.0097 1.17858
vn -0.678528 0.0786692 0.730349
vt 10.1059 1.26676
f 1096/3137/938 1094/3138/939 1063/3139/937

vt 10.0693 1.1856
vn -0.665905 0.148002 0.731208
vt 10.0869 1.28761
vt 9.99074 1.19943
f 1064/3140/940 1063/3141/937 1094/3142/939

vt 10.3574 3.16678
vt 10.3276 3.08243
vn -0.621386 0.277612 0.732674
vt 10.4359 3.15263
f 1094/3143/939 1092/3144/941 1064/3145/940

vt 10.3587 3.1256
vn -0.590996 0.343638 0.729819
vt 10.3935 3.22298
vt 10.2852 3.15268
f 1065/3146/942 1064/3147/940 1092/3148/941

vt 11.0277 4.59817
vt 10.9829 4.52094
vt 11.1006 4.56934
f 1092/3149/941 1090/3150/898 1065/3151/942

vt 11.0077 4.57829
vt 11.0599 4.66772
vt 10.9424 4.61911
f 1066/3152/897 1065/3153/942 1090/3154/898

vt 10.4505 6.05316
vt 10.4317 5.95053
vn 0.6506 -0.284922 0.703945
vt 10.5284 6.02548
f 1079/3155/917 1078/3156/943 1127/3157/915

v -0.00130021 0.446616 0.907179
vt 10.5531 5.87913
vn 0.650566 -0.283201 0.704671
vt 10.5691 5.96805
vt 10.4723 5.89327
f 1128/3158/944 1127/3159/915 1078/3160/943

vt 0.416683 7.91359
vt 0.430897 7.82436
vn 0.965926 -0.258819 8.37884e-14
vt 0.715484 7.82436
vt 0.715484 7.91359
f 1127/3161/914 1128/3162/945 1116/3163/945 1115/3164/914 

vt 0.430897 4.54454
v -0.00226114 0.439317 0.906156
vt 0.4433 4.4553
vn 0.997859 -0.0654031 1.41858e-13
vt 0.715484 4.4553
vt 0.715484 4.54454
f 1128/3165/945 1129/3166/946 1117/3167/946 1116/3168/945 

vt 10.2433 4.4578
vt 10.1625 4.47115
vt 10.2435 4.36771
vn 0.680808 -0.156773 0.715487
f 1128/3169/944 1078/3170/943 1129/3171/947

vt 10.1831 4.37769
vn 0.681898 -0.140653 0.717797
vt 10.2641 4.378
vt 10.1831 4.48148
f 1077/3172/948 1129/3173/947 1078/3174/943

vt 10.3184 1.96442
vn 0.688696 -0.0223554 0.724705
v -0.00226114 0.313161 0.890364
vt 10.3994 1.96472
vn 0.687924 -0.0398944 0.724685
vt 10.2676 3.50018
vt 10.1866 3.49988
f 1076/3175/949 1130/3176/950 1129/3177/947 1077/3178/948 

vt 10.4027 1.05944
vt 10.3217 1.05914
v -0.00130021 0.305862 0.88956
vt 10.4179 0.970959
vn 0.678528 0.0786692 0.730349
f 1130/3179/950 1076/3180/949 1131/3181/951

vt 10.3229 0.938983
vn 0.665905 0.148002 0.731208
vt 10.4015 0.952809
vt 10.3053 1.04099
f 1075/3182/952 1131/3183/951 1076/3184/949

vt 10.718 -0.783639
vt 10.6396 -0.797783
v 0.0015171 0.29906 0.88903
vt 10.7479 -0.86799
vn 0.621386 0.277612 0.732674
f 1131/3185/951 1075/3186/952 1132/3187/953

vt 10.6377 -0.959919
vn 0.590996 0.343638 0.729819
vt 10.7113 -0.93284
vt 10.603 -0.862535
f 1074/3188/954 1132/3189/953 1075/3190/952

vt 11.3477 -2.23539
vt 11.2748 -2.26423
v 0.00599879 0.29322 0.88881
vt 11.3925 -2.31262
vn 0.512461 0.457917 0.726427
f 1132/3191/953 1074/3192/954 1133/3193/955

vt 11.2924 -2.44768
vn 0.46486 0.514139 0.72081
vt 11.3577 -2.40686
vt 11.2402 -2.35825
f 1073/3194/956 1133/3195/955 1074/3196/954

vt 12.3005 -2.80406
vt 12.2379 -2.84898
v 0.0118394 0.288738 0.888915
vt 12.3611 -2.86957
vn 0.356814 0.602501 0.713916
f 1133/3197/955 1073/3198/956 1134/3199/957

vt 12.2952 -3.00013
vn 0.295292 0.642366 0.707226
vt 12.3475 -2.9448
vt 12.2243 -2.92407
f 1072/3200/958 1134/3201/957 1073/3202/956

vt 13.3983 -1.91315
vt 13.3535 -1.97469
v 0.018641 0.285921 0.889338
vt 13.4748 -1.95928
vn 0.166085 0.695761 0.698808
f 1134/3203/957 1072/3204/958 1135/3205/959

vt 13.4482 -2.04201
vt 13.4798 -1.97294
vt 13.3585 -1.98846
f 1071/3206/888 1135/3207/959 1072/3208/958

vt 14.0067 0.611879
vt 13.9893 0.537953
vt 14.0948 0.594922
f 1135/3209/959 1071/3210/888 1084/3211/887

vt 0.647152 -13.7644
vn 0.258819 0.965926 2.86696e-13
vt 0.63852 -13.8537
vt 0.715484 -13.8537
vt 0.715484 -13.7644
f 1135/3212/960 1084/3213/892 1087/3214/892 1123/3215/960 

vt 0.652279 -12.5216
vn 0.5 0.866025 5.81061e-13
vt 0.647152 -12.6109
vt 0.715484 -12.6109
vt 0.715484 -12.5216
f 1134/3216/961 1135/3217/960 1123/3218/960 1122/3219/961 

vt 0.653553 -10.4225
vn 0.707107 0.707107 1.17843e-12
vt 0.652279 -10.5117
vt 0.715484 -10.5117
vt 0.715484 -10.4225
f 1133/3220/962 1134/3221/961 1122/3222/961 1121/3223/962 

vt 0.650886 -7.60998
vn 0.866025 0.5 1.66352e-12
vt 0.653553 -7.69921
vt 0.715484 -7.69921
vt 0.715484 -7.60998
f 1132/3224/963 1133/3225/962 1121/3226/962 1120/3227/963 

vt 0.644461 -4.27584
vn 0.965926 0.258819 1.16631e-12
vt 0.650886 -4.36508
vt 0.715484 -4.36508
vt 0.715484 -4.27584
f 1131/3228/964 1132/3229/963 1120/3230/963 1119/3231/964 

vt 0.634714 -0.647271
vn 0.997859 0.0654031 4.4187e-13
vt 0.644461 -0.736507
vt 0.715484 -0.736507
vt 0.715484 -0.647271
f 1130/3232/965 1131/3233/964 1119/3234/964 1118/3235/965 

vt 0.4433 2.68503
vt 0.634714 1.15586
vt 0.715484 1.15586
vt 0.715484 2.68503
f 1129/3236/946 1130/3237/965 1118/3238/965 1117/3239/946 

usemtl Electronics_TV_RCA_from_2003___01
v -0.150124 0.274836 0.878921
vt -0.56025 -0.00429638
vn -0.0191438 -0.170576 0.985159
f 1051/2928/873 1136/3240/966 1083/2957/885

v -0.150124 0.544908 0.925627
vt -0.557578 0.119579
vn -0.0259962 -0.148052 0.988638
f 1051/2928/873 1137/3241/967 1136/3240/966

v -0.150124 0.622328 0.934579
vt -0.556842 0.154804
vn -0.0238991 -0.114837 0.993097
vt -0.477268 0.152726
v -0.0883994 0.621174 0.935188
vt -0.528952 0.153734
vn -0.0119519 -0.114861 0.99331
f 1138/3242/968 1137/3241/967 1051/2928/873 1048/3243/872 1139/3244/969 

v -0.347612 0.62653 0.927935
vt -0.646178 0.158095
vn -0.0477723 -0.114738 0.992246
v -0.347612 0.545152 0.918525
vt -0.646902 0.121068
vn -0.0510292 -0.151027 0.987212
vt -0.556889 0.154805
v -0.322697 0.625556 0.928722
vt -0.634917 0.157478
vn -0.0358428 -0.114796 0.992742
f 1140/3245/970 1141/3246/971 1137/3241/967 1138/3247/968 1142/3248/972 

v -0.544974 0.634246 0.916946
vt -0.735541 0.16262
vn -0.071594 -0.114575 0.990831
v -0.544974 0.545558 0.90669
vt -0.736277 0.122266
vn -0.0732654 -0.146156 0.986545
vt -0.646226 0.158096
f 1143/3249/973 1144/3250/974 1141/3246/971 1140/3251/970 

v -0.74215 0.644827 0.901541
vt -0.824962 0.16809
vn -0.0953386 -0.114346 0.988856
v -0.74215 0.546127 0.890127
vt -0.825725 0.12318
vn -0.096763 -0.144595 0.984748
vt -0.735592 0.162621
v -0.61744 0.637079 0.911162
vt -0.768445 0.164151
vn -0.0834828 -0.114469 0.989913
f 1145/3252/975 1146/3253/976 1144/3250/974 1143/3254/973 1147/3255/977 

vt -0.914431 0.176897
vt -0.825017 0.168091
v -0.905755 0.654991 0.884962
vt -0.89934 0.172966
vn -0.107181 -0.114208 0.987658
v -0.925439 0.657874 0.883159
vt -0.90827 0.174307
f 808/3256/659 803/2295/653 1146/3253/976 1145/3257/975 1148/3258/978 1149/3259/978 

v -0.939077 0.30307 0.828379
vt -0.917615 0.0121194
vn -0.112216 -0.163566 0.980129
f 1146/3253/976 803/2295/653 1150/3260/979

f 802/2297/655 1150/3260/979 803/2295/653

usemtl Silver_Noise_01
vt 0.156726 -1.14482
vn -0.0933604 -0.92617 0.365366
vt -0.149444 -2.43854
vn -0.0825779 -0.933654 0.348528
vt 1.96588 -1.40046
vn -0.0882791 -0.928858 0.359763
f 802/3261/980 801/3262/981 1150/3263/982

vt 2.00309 -1.38857
vt -0.093148 -2.46467
v -0.74215 0.292704 0.847376
vt 4.37948 -1.73395
vn -0.0756587 -0.939121 0.335154
f 1150/3264/982 801/3265/981 1151/3266/983

vt -0.0473109 -2.51772
v -0.690263 0.240724 0.708325
vt 4.66902 -3.60974
vn -0.0625276 -0.944183 0.323431
vt 4.41399 -1.72076
f 801/3267/981 1152/3268/984 1151/3269/983

v -0.690263 0.290003 0.851131
vt 5.02755 -1.83893
vn -0.065512 -0.943271 0.325497
vt 4.40381 -1.74071
vt 4.65042 -3.63082
f 1153/3270/985 1151/3271/983 1152/3272/984

usemtl Electronics_TV_RCA_from_2003___01
vt -0.804692 0.00559879
vn -0.080631 -0.167677 0.982539
v -0.544974 0.284833 0.862202
vt -0.738842 0.00272338
vn -0.0657485 -0.168357 0.983531
vt -0.828199 0.00702157
vn -0.0889958 -0.166311 0.982049
f 1153/3273/986 1154/3274/987 1144/3250/974 1151/3275/988 

usemtl Silver_Noise_01
vt 5.11841 -1.64109
vt 4.81288 -3.44656
vt 6.87552 -1.83051
vn -0.0519844 -0.946273 0.319163
f 1153/3276/985 1152/3277/984 1154/3278/989

vt 4.91322 -3.33743
v -0.362159 0.224118 0.708325
vt 8.84547 -3.96564
vn -0.0362192 -0.948542 0.314572
vt 6.93356 -1.66879
f 1152/3279/984 1155/3280/990 1154/3281/989

v -0.362159 0.278433 0.871738
vt 9.12815 -1.95373
vn -0.0419683 -0.948119 0.315132
vt 6.9212 -1.71048
vt 8.82001 -4.01817
f 1156/3282/991 1154/3283/989 1155/3284/990

usemtl Electronics_TV_RCA_from_2003___01
vt -0.656125 -0.00117899
vn -0.0577699 -0.16943 0.983848
v -0.3574 0.365681 0.887043
vt -0.653108 0.0388097
v -0.407378 0.365681 0.884134
vt -0.675738 0.0390741
vn -0.0572542 -0.169462 0.983872
v -0.417372 0.367091 0.883796
vt -0.68025 0.0397738
v -0.426685 0.371226 0.883966
vt -0.684426 0.0417192
v -0.434682 0.377803 0.884633
vt -0.687982 0.044778
v -0.440818 0.386374 0.885753
vt -0.690676 0.0487415
v -0.444676 0.396356 0.887247
vt -0.692324 0.0533397
v -0.445991 0.407067 0.889016
vt -0.692814 0.0582593
v -0.444771 0.416999 0.890798
vt -0.692163 0.0628079
vn -0.0583018 -0.168683 0.983945
f 1156/3285/992 1157/3286/992 1158/3287/993 1159/3288/993 1160/3289/993 1161/3290/993 1162/3291/993 1163/3292/993 1164/3293/993 1165/3294/994 1154/3274/987 

v -0.347612 0.278178 0.872556
vt -0.64954 -0.00137155
vn -0.0428477 -0.16977 0.984552
v -0.347612 0.365681 0.887623
vt -0.648676 0.0387587
vn -0.0469596 -0.169498 0.984411
f 1166/3295/995 1167/3296/996 1157/3286/992 1156/3285/992 

v -0.282825 0.365681 0.889966
vt -0.619372 0.0383071
vn -0.035125 -0.169941 0.984828
f 1166/3295/995 1168/3297/997 1167/3296/996

v -0.223094 0.446354 0.906018
vt -0.591557 0.074889
v -0.215336 0.442909 0.905695
vt -0.588082 0.0732544
vn -0.0346225 -0.170304 0.984783
v -0.207339 0.436332 0.904838
vt -0.58453 0.0701813
v -0.201202 0.427761 0.903572
vt -0.58184 0.0662065
v -0.197345 0.417779 0.901981
vt -0.580194 0.0616009
v -0.196029 0.407067 0.900175
vt -0.579705 0.0566785
v -0.197345 0.396356 0.898276
vt -0.580406 0.0517746
v -0.201202 0.386374 0.896415
vt -0.582249 0.0472234
v -0.207339 0.377803 0.894717
vt -0.585109 0.0433351
v -0.215336 0.371226 0.893298
vt -0.588792 0.0403747
v -0.224649 0.367091 0.892256
vt -0.593045 0.038544
v -0.234643 0.365681 0.89166
vt -0.597579 0.0379676
f 1137/3241/967 1169/3298/997 1170/3299/998 1171/3300/998 1172/3301/998 1173/3302/998 1174/3303/998 1175/3304/998 1176/3305/998 1177/3306/998 1178/3307/998 1179/3308/998 1180/3309/998 1168/3297/997 1166/3295/995 1136/3240/966 

v -0.347612 0.448454 0.901875
vt -0.647858 0.0767201
v -0.234643 0.448454 0.905961
vt -0.59676 0.0759327
vn -0.0356275 -0.169578 0.984873
v -0.224649 0.447044 0.90608
vt -0.592254 0.0752163
f 1141/3246/971 1181/3310/996 1182/3311/999 1183/3312/999 1169/3298/997 1137/3241/967 

v -0.352886 0.448454 0.901562
vt -0.650246 0.0767475
f 1141/3246/971 1184/3313/992 1181/3310/996

v -0.424338 0.443951 0.896629
vt -0.682644 0.0750605
v -0.417372 0.447044 0.897567
vt -0.67946 0.076442
v -0.407378 0.448454 0.898391
vt -0.67492 0.0770359
f 1141/3246/971 1185/3314/994 1186/3315/993 1187/3316/993 1184/3313/992 

v -0.444676 0.417779 0.890936
vt -0.692112 0.0631649
vn -0.0593493 -0.167905 0.984015
v -0.440818 0.427761 0.892872
vt -0.690267 0.0677217
v -0.434682 0.436332 0.894705
vt -0.687404 0.0716202
v -0.426685 0.442909 0.896309
vt -0.683718 0.0745948
f 1154/3274/987 1165/3294/994 1188/3317/1000 1189/3318/1000 1190/3319/1000 1191/3320/1000 1185/3314/994 1141/3246/971 1144/3250/974 

usemtl Silver_Noise_01
v -0.439875 0.417105 0.887663
vt 7.44776 3.20943
vn 0.518155 -0.263246 0.813767
vt 7.37735 3.2178
vn 0.500311 -0.304657 0.810477
vt 7.37729 3.20813
vn 0.532292 -0.213657 0.819156
f 1192/3321/1001 1188/3322/1002 1165/3323/1003

v -0.436168 0.426054 0.88942
vt 7.55194 3.75976
vn 0.457998 -0.394047 0.796847
vt 7.45456 3.65228
vt 7.52492 3.64353
f 1193/3324/1004 1188/3325/1002 1192/3326/1001

vt 7.53922 3.54199
vt 7.63744 3.6487
vt 7.56764 3.67071
vn 0.424853 -0.424972 0.799312
f 1188/3327/1002 1193/3328/1004 1189/3329/1005

v -0.430271 0.433739 0.891087
vt 7.88282 3.91166
vn 0.363533 -0.502009 0.784749
vt 7.75932 3.82913
vt 7.82861 3.80557
f 1194/3330/1006 1189/3331/1005 1193/3332/1004

vt 7.95694 3.77739
vt 7.88965 3.81262
vn 0.325255 -0.523641 0.787407
vt 7.83258 3.69616
f 1194/3333/1006 1190/3334/1007 1189/3335/1005

v -0.422586 0.439636 0.89255
vt 8.29209 3.64389
vn 0.233108 -0.599459 0.765709
vt 8.14579 3.59508
vt 8.21139 3.55678
f 1195/3336/1008 1190/3337/1007 1194/3338/1006

vt 8.17847 3.51559
vt 8.32513 3.5633
vt 8.2628 3.61057
vn 0.235206 -0.591374 0.771333
f 1190/3339/1007 1195/3340/1008 1191/3341/1009

vt 8.48767 3.03456
vt 8.54663 2.98315
vt 8.51443 3.05093
vn 0.173837 -0.632668 0.75466
f 1191/3342/1009 1195/3343/1008 1185/3344/1010

vt 8.56731 2.89662
v -0.413636 0.443343 0.893709
vt 8.67009 2.95511
vn 0.125867 -0.657168 0.743161
vt 8.53577 2.96471
f 1195/3345/1008 1196/3346/1011 1185/3347/1010

v -0.422586 0.439636 0.849519
vt 1.12981 9.01475
vn 0.5 -0.866025 -3.60904e-15
v -0.413636 0.443343 0.849519
vt 1.12981 9.13217
vn 0.258819 -0.965926 1.21898e-15
vt 0.594169 9.13217
vt 0.608221 9.01475
f 1197/3348/1012 1198/3349/1013 1196/3350/1013 1195/3351/1012 

v -0.441139 0.407501 0.849519
vt 8.41883 2.29937
v -0.439875 0.397897 0.849519
vt 8.43416 2.18296
v -0.436168 0.388947 0.849519
vt 8.47909 2.07448
v -0.430271 0.381262 0.849519
vt 8.55057 1.98133
v -0.422586 0.375365 0.849519
vt 8.64372 1.90985
v -0.413636 0.371658 0.849519
vt 8.7522 1.86492
v -0.404032 0.370394 0.849519
vt 8.86861 1.84959
v -0.238037 0.370394 0.849519
vt 10.8807 1.84959
v -0.228433 0.371658 0.849519
vt 10.9971 1.86492
v -0.219483 0.375365 0.849519
vt 11.1056 1.90985
v -0.211798 0.381262 0.849519
vt 11.1987 1.98133
v -0.205901 0.388947 0.849519
vt 11.2702 2.07448
v -0.202194 0.397897 0.849519
vt 11.3151 2.18296
v -0.20093 0.407501 0.849519
vt 11.3305 2.29937
v -0.202194 0.417105 0.849519
vt 11.3151 2.41578
v -0.205901 0.426054 0.849519
vt 11.2702 2.52426
v -0.211798 0.433739 0.849519
vt 11.1987 2.61741
v -0.219483 0.439636 0.849519
vt 11.1056 2.68889
v -0.228433 0.443343 0.849519
vt 10.9971 2.73383
v -0.238037 0.444608 0.849519
vt 10.8807 2.74915
v -0.404032 0.444608 0.849519
vt 8.86861 2.74915
vt 8.7522 2.73383
vt 8.64372 2.68889
v -0.430271 0.433739 0.849519
vt 8.55057 2.61741
v -0.436168 0.426054 0.849519
vt 8.47909 2.52426
v -0.439875 0.417105 0.849519
vt 8.43416 2.41578
f 1199/3352/910 1200/3353/910 1201/3354/910 1202/3355/910 1203/3356/910 1204/3357/910 1205/3358/910 1206/3359/910 1207/3360/910 1208/3361/910 1209/3362/910 1210/3363/910 1211/3364/910 1212/3365/910 1213/3366/910 1214/3367/910 1215/3368/910 1216/3369/910 1217/3370/910 1218/3371/910 1219/3372/910 1198/3373/910 1197/3374/910 1220/3375/910 1221/3376/910 1222/3377/910 

v -0.441139 0.407501 0.885935
vt 0.688399 1.18082
vn 1 3.66736e-15 -1.60078e-14
v -0.439875 0.397897 0.884355
vt 0.707558 1.06341
vn 0.965926 0.258819 -1.20926e-14
vt 1.12981 1.06341
vt 1.12981 1.18082
f 1223/3378/1014 1224/3379/1015 1200/3380/1015 1199/3381/1014 

vt 7.45647 2.56096
vn 0.536575 -0.166035 0.827357
vt 7.3868 2.55569
vn 0.537294 -0.118125 0.835082
vt 7.47971 2.44428
vn 0.523784 -0.0212973 0.851585
f 1223/3382/1016 1164/3383/1017 1224/3384/1018

vt 7.34144 3.10242
vt 7.4111 3.1078
vt 7.34192 3.22562
f 1164/3385/1017 1223/3386/1016 1165/3387/1003

vt 7.4473 3.23023
vt 7.37682 3.22893
vt 7.44578 3.11098
f 1192/3388/1001 1165/3389/1003 1223/3390/1016

vt 0.667456 3.49599
vn 0.965926 -0.258819 -8.76823e-15
vt 0.688399 3.37858
vt 1.12981 3.37858
vt 1.12981 3.49599
f 1192/3391/1019 1223/3392/1014 1199/3393/1014 1222/3394/1019 

vt 0.646157 5.57692
vn 0.866025 -0.5 -4.13318e-15
vt 0.667456 5.45951
vt 1.12981 5.45951
vt 1.12981 5.57692
f 1193/3395/1020 1192/3396/1019 1222/3397/1019 1221/3398/1020 

vt 0.625953 7.28179
vn 0.707107 -0.707107 -6.62676e-15
vt 0.646157 7.16438
vt 1.12981 7.16438
vt 1.12981 7.28179
f 1194/3399/1021 1193/3400/1020 1221/3401/1020 1220/3402/1021 

vt 1.12981 8.377
vt 1.12981 8.49442
vt 0.608221 8.49442
vt 0.625953 8.377
f 1220/3403/1021 1197/3404/1012 1195/3405/1012 1194/3406/1021 

vt 7.44354 2.44658
vn 0.504552 0.019609 0.863158
vt 7.51147 2.46531
vt 7.41862 2.57677
f 1163/3407/1022 1224/3408/1018 1164/3409/1017

vt 7.66765 1.89896
vt 7.59972 1.88023
v -0.436168 0.388947 0.883029
vt 7.71462 1.79016
vn 0.463886 0.111509 0.878849
f 1224/3410/1018 1163/3411/1022 1225/3412/1023

vt 7.71096 1.84935
vn 0.430925 0.141416 0.891238
vt 7.77626 1.88059
vt 7.66126 1.97052
f 1162/3413/1024 1225/3414/1023 1163/3415/1022

vt 8.004 1.45122
vt 7.93898 1.41938
v -0.430271 0.381262 0.882049
vt 8.07389 1.35612
vn 0.369174 0.22304 0.902199
f 1225/3416/1023 1162/3417/1024 1226/3418/1025

vt 8.05911 1.44751
vn 0.329929 0.243558 0.912045
vt 8.12067 1.49004
vt 7.98557 1.55288
f 1161/3419/1026 1226/3420/1025 1162/3421/1024

vt 8.35537 1.30402
vt 8.29481 1.26007
v -0.422586 0.375365 0.88148
vt 8.44604 1.22911
vn 0.253508 0.314513 0.914776
f 1226/3422/1025 1161/3423/1026 1227/3424/1027

vt 8.4054 1.2887
vn 0.211848 0.3314 0.919399
vt 8.46189 1.3407
vt 8.31058 1.37132
f 1160/3425/1028 1227/3426/1027 1161/3427/1026

vt 8.63397 1.44578
vt 8.57961 1.39155
v -0.413636 0.371658 0.881362
vt 8.74088 1.39722
vn 0.123395 0.394975 0.910367
f 1227/3428/1027 1160/3429/1028 1228/3430/1029

vt 8.68992 1.38117
vn 0.0775053 0.415509 0.906281
vt 8.73986 1.44026
vt 8.57858 1.43466
f 1159/3431/1030 1228/3432/1029 1160/3433/1028

vt 8.77117 1.8759
vt 8.72499 1.81383
v -0.404032 0.370394 0.881703
vt 8.88739 1.85871
vn 0.00294245 0.459954 0.887938
f 1228/3434/1029 1159/3435/1030 1229/3436/1031

vt 8.84764 1.78456
vn -0.00953599 0.463723 0.885929
vt 8.88921 1.84818
vt 8.72672 1.80359
f 1158/3437/1032 1229/3438/1031 1159/3439/1030

vt 9.3787 2.16039
vn -0.0512274 0.486054 0.872426
v -0.357143 0.370394 0.884432
vt 9.37998 2.22576
vt 8.81066 2.22576
vt 8.77189 2.16039
f 1157/3440/1033 1230/3441/1033 1229/3442/1031 1158/3443/1032 

vt 9.49627 2.16517
vn -0.0416367 0.48629 0.872805
v -0.347612 0.370394 0.884997
vt 9.49439 2.23054
vt 9.37866 2.23054
vt 9.37742 2.16517
f 1167/3444/1034 1231/3445/1034 1230/3446/1033 1157/3447/1033 

vt 10.3079 2.05879
vn -0.0311463 0.486225 0.873278
v -0.279335 0.370394 0.887467
vt 10.3491 2.12418
vt 9.52096 2.12418
vt 9.52211 2.05879
f 1168/3448/1035 1232/3449/1035 1231/3450/1034 1167/3451/1034 

vt 10.3089 2.05369
vt 10.8933 2.05369
vn -0.0728136 0.4618 0.88399
v -0.238037 0.370394 0.888919
vt 10.851 2.11906
vn -0.0853751 0.457443 0.885131
vt 10.3501 2.11906
f 1168/3452/1035 1180/3453/1036 1233/3454/1037 1232/3455/1035 

vt 10.7537 2.48863
vt 10.8748 2.50763
vn -0.159908 0.410216 0.89786
vt 10.7087 2.55213
f 1180/3456/1036 1179/3457/1038 1233/3458/1037

v -0.228433 0.371658 0.889475
vt 10.8331 2.56346
vn -0.204783 0.388064 0.898594
vt 10.7167 2.54631
vt 10.8828 2.50152
f 1234/3459/1039 1233/3460/1037 1179/3461/1038

vt -1.12981 11.029
vn -0.0654031 0.997859 -4.49558e-15
vt -0.652239 11.029
vt -0.645496 11.1464
vn -0.258819 0.965926 -1.25597e-15
vt -1.12981 11.1464
f 1206/3462/1040 1233/3463/1040 1234/3464/1041 1207/3465/1041 

vt 8.86861 0.739695
vn 0.0654031 0.997859 -7.32129e-15
vt 9.43697 0.706621
vn 1.26458e-16 1 -5.37431e-15
vt 9.5525 0.699776
vt 10.3801 0.669838
vt 10.8807 0.652239
vt 10.8807 1.12981
vt 8.86861 1.12981
f 1229/3466/1042 1230/3467/1043 1231/3468/1043 1232/3469/1043 1233/3470/1040 1206/3471/1040 1205/3472/1042 

vt 1.12981 -8.4339
vn 0.258819 0.965926 -1.22411e-14
vt 0.74383 -8.4339
vt 0.739695 -8.55132
vt 1.12981 -8.55132
f 1204/3473/1044 1228/3474/1044 1229/3475/1042 1205/3476/1042 

vt 1.12981 -7.25489
vn 0.5 0.866025 -1.74493e-14
vt 0.742403 -7.25489
vt 0.74383 -7.37231
vt 1.12981 -7.37231
f 1203/3477/1045 1227/3478/1045 1228/3479/1044 1204/3480/1044 

vt 1.12981 -5.57747
vn 0.707107 0.707107 -1.63446e-14
vt 0.735512 -5.57747
vt 0.742403 -5.69488
vt 1.12981 -5.69488
f 1202/3481/1046 1226/3482/1046 1227/3483/1045 1203/3484/1045 

vt 0.723627 -3.51595
vn 0.866025 0.5 -1.00148e-14
vt 0.735512 -3.63336
vt 1.12981 -3.63336
vt 1.12981 -3.51595
f 1225/3485/1047 1226/3486/1046 1202/3487/1046 1201/3488/1047 

vt 0.707558 -1.21082
vt 0.723627 -1.32824
vt 1.12981 -1.32824
vt 1.12981 -1.21082
f 1224/3489/1015 1225/3490/1047 1201/3491/1047 1200/3492/1015 

vt -1.12981 10.8737
vt -0.645496 10.8737
v -0.219483 0.375365 0.890431
vt -0.633912 10.9911
vn -0.5 0.866025 2.98456e-15
vt -1.12981 10.9911
f 1207/3493/1041 1234/3494/1041 1235/3495/1048 1208/3496/1048 

vt 10.5292 3.10279
vn -0.329356 0.304725 0.893682
vt 10.4216 3.05441
vt 10.587 3.04877
vn -0.290344 0.322446 0.90096
f 1235/3497/1049 1234/3498/1039 1178/3499/1050

vt 10.4709 2.91699
vt 10.583 2.97031
vt 10.4176 2.97589
f 1179/3500/1038 1178/3501/1050 1234/3502/1039

vt 10.0965 3.00814
vt 10.1927 3.09054
vn -0.400743 0.233868 0.885839
vt 10.0368 3.06001
f 1178/3503/1050 1177/3504/1051 1235/3505/1049

v -0.211798 0.381262 0.891721
vt 10.0921 3.30862
vn -0.436379 0.213309 0.874113
vt 10.0001 3.23396
vt 10.1559 3.26482
f 1236/3506/1052 1235/3507/1049 1177/3508/1051

vt -1.12981 9.97328
vt -0.633912 9.97328
vt -0.618275 10.0907
vn -0.707107 0.707107 8.36963e-15
vt -1.12981 10.0907
f 1208/3509/1048 1235/3510/1048 1236/3511/1053 1209/3512/1053 

v -0.205901 0.388947 0.893257
vt -0.599653 8.50666
vn -0.866025 0.5 1.54813e-14
vt -1.12981 8.50666
vt -1.12981 8.38924
vt -0.618275 8.38924
f 1237/3513/1054 1210/3514/1054 1209/3515/1053 1236/3516/1053 

v -0.202194 0.397897 0.894935
vt -0.579314 6.3469
vn -0.965926 0.258819 1.77708e-14
vt -1.12981 6.3469
vt -1.12981 6.22949
vt -0.599653 6.22949
f 1238/3517/1055 1211/3518/1055 1210/3519/1054 1237/3520/1054 

v -0.20093 0.407501 0.89664
vt -0.558643 3.75862
vn -1 8.81845e-16 1.66526e-14
vt -1.12981 3.75862
vt -1.12981 3.64121
vt -0.579314 3.64121
f 1239/3521/1056 1212/3522/1056 1211/3523/1055 1238/3524/1055 

v -0.202194 0.417105 0.898257
vt -0.53905 0.918195
vn -0.965926 -0.258819 1.84152e-14
vt -1.12981 0.918195
vt -1.12981 0.800779
vt -0.558643 0.800779
f 1240/3525/1057 1213/3526/1057 1212/3527/1056 1239/3528/1056 

v -0.205901 0.426054 0.899674
vt -0.52187 -1.9808
vn -0.866025 -0.5 1.70093e-14
vt -1.12981 -1.9808
vt -1.12981 -2.09822
vt -0.53905 -2.09822
f 1241/3529/1058 1214/3530/1058 1213/3531/1057 1240/3532/1057 

v -0.211798 0.433739 0.900796
vt -0.508274 -4.74081
vn -0.707107 -0.707107 1.20239e-14
vt -1.12981 -4.74081
vt -1.12981 -4.85823
vt -0.52187 -4.85823
f 1242/3533/1059 1215/3534/1059 1214/3535/1058 1241/3536/1058 

vt -1.12981 -7.17374
vn -0.5 -0.866025 9.39867e-15
vt -1.12981 -7.29116
vt -0.508274 -7.29116
v -0.219483 0.439636 0.901545
vt -0.499188 -7.17374
f 1216/3537/1060 1215/3538/1059 1242/3539/1059 1243/3540/1060 

vt 9.90315 -0.7607
vn -0.423035 -0.487684 0.763679
vt 9.97299 -0.722819
vn -0.387332 -0.509816 0.768155
vt 9.82286 -0.674551
vn -0.315597 -0.575648 0.754339
f 1242/3541/1061 1171/3542/1062 1243/3543/1063

vt 9.50625 -0.261329
vt 9.43491 -0.296284
vt 9.56291 -0.37688
vn -0.481101 -0.411063 0.774318
f 1171/3544/1062 1242/3545/1061 1172/3546/1064

vt 9.36228 -0.681132
vn -0.511279 -0.380311 0.770687
vt 9.43549 -0.657788
vt 9.30825 -0.576008
f 1241/3547/1065 1172/3548/1064 1242/3549/1061

vt 9.11536 0.184513
vt 9.0417 0.162607
vt 9.14328 0.0563849
vn -0.55933 -0.272597 0.782841
f 1172/3550/1064 1241/3551/1065 1173/3552/1066

vt 8.93562 -0.138543
vn -0.560513 -0.277892 0.780129
vt 9.00968 -0.129832
vt 8.90881 -0.022946
f 1240/3553/1067 1173/3554/1066 1241/3555/1065

vt 8.81555 0.876687
vt 8.81636 0.75765
vn -0.584395 -0.160002 0.795539
vt 8.88965 0.885045
f 1240/3556/1067 1239/3557/1068 1173/3558/1066

vt 8.8291 0.772632
vn -0.58568 -0.114343 0.802437
vt 8.82938 0.905265
vt 8.75586 0.777998
f 1174/3559/1069 1173/3560/1066 1239/3561/1068

vt 8.82917 1.82527
vt 8.80461 1.7086
vn -0.574448 -0.0220978 0.818243
vt 8.90241 1.82
f 1239/3562/1068 1238/3563/1070 1174/3564/1069

vt 8.92787 1.64805
vn -0.557725 0.016888 0.829854
vt 8.95425 1.77823
vt 8.8565 1.66678
f 1175/3565/1071 1174/3566/1069 1238/3567/1070

vt 9.11745 2.66137
vt 9.06876 2.55261
vn -0.521729 0.104923 0.846635
vt 9.18883 2.64264
f 1238/3568/1070 1237/3569/1072 1175/3570/1071

vt 9.24302 2.37464
vn -0.492448 0.133856 0.859987
vt 9.29458 2.49579
vt 9.17442 2.40587
f 1176/3571/1073 1175/3572/1071 1237/3573/1072

vt 9.58503 3.17533
vt 9.51343 3.08043
vt 9.65338 3.14356
f 1237/3574/1072 1236/3575/1052 1176/3576/1073

vt 9.66684 2.833
vt 9.74219 2.93823
vt 9.60207 2.87547
f 1177/3577/1051 1176/3578/1073 1236/3579/1052

vt 9.95529 -0.364018
vn -0.277752 -0.594732 0.754419
vt 9.88863 -0.410799
vt 10.0391 -0.458021
f 1170/3580/1074 1243/3581/1063 1171/3582/1062

vt 10.4235 -0.372599
vt 10.4868 -0.321278
v -0.226053 0.442357 0.901785
vt 10.3486 -0.329931
vn -0.236361 -0.623801 0.744987
f 1243/3583/1063 1170/3584/1074 1244/3585/1075

vt 10.3911 -0.166667
vn -0.238071 -0.616109 0.75082
vt 10.3412 -0.228121
vt 10.4793 -0.219634
f 1169/3586/1076 1244/3587/1075 1170/3588/1074

vt 10.3885 -0.18496
vt 10.4379 -0.123124
v -0.228433 0.443343 0.901869
vt 10.3612 -0.169708
vn -0.191896 -0.646328 0.738536
f 1244/3589/1075 1169/3590/1076 1245/3591/1077

vt 10.3829 -0.116047
vn -0.150068 -0.669654 0.727353
vt 10.3236 -0.172728
vt 10.4006 -0.126617
f 1183/3592/1078 1245/3593/1077 1169/3594/1076

vt 10.8143 0.511387
vt 10.867 0.574216
v -0.238037 0.444608 0.901739
vt 10.6989 0.532853
vn -0.0775691 -0.707461 0.702483
f 1245/3595/1077 1183/3596/1078 1246/3597/1079

vt 10.7383 0.608207
vn -0.0654572 -0.710922 0.700219
vt 10.69 0.543691
vt 10.8583 0.584554
f 1182/3598/1080 1246/3599/1079 1183/3600/1078

vt 10.8556 1.23291
vt 10.8986 1.30103
vt 9.52835 1.30103
vn -0.0326242 -0.728889 0.683854
v -0.347612 0.444608 0.897775
vt 9.52655 1.23291
f 1246/3601/1079 1182/3602/1080 1181/3603/1081 1247/3604/1081 

vt 9.50355 1.07476
vt 9.50649 1.14284
vt 9.44245 1.14284
vn -0.0401432 -0.728699 0.683657
v -0.353095 0.444608 0.89745
vt 9.43697 1.07476
f 1247/3605/1081 1181/3606/1081 1184/3607/1082 1248/3608/1082 

vt 9.43812 1.08181
vt 9.44356 1.14989
vt 8.78193 1.14989
vn -0.000464416 -0.712651 0.701518
v -0.404032 0.444608 0.894486
vt 8.81966 1.08181
vn 0.011466 -0.709838 0.704272
f 1248/3609/1082 1184/3610/1082 1187/3611/1083 1249/3612/1084 

vt 8.8442 1.96863
vt 8.72378 1.94486
vn 0.0826659 -0.675566 0.73265
vt 8.88725 1.90378
f 1187/3613/1083 1186/3614/1085 1249/3615/1084

vt 8.77091 1.8303
vt 8.88671 1.85187
vt 8.72336 1.89345
f 1196/3616/1011 1249/3617/1084 1186/3618/1085

vt 1.12981 9.03416
vt 1.12981 9.15158
vn 0.0654031 -0.997859 1.01162e-15
vt 0.584755 9.15158
vt 0.594169 9.03416
f 1198/3619/1013 1219/3620/1086 1249/3621/1086 1196/3622/1013 

vt -8.86861 1.12981
vt -10.8807 1.12981
vn -0.0654031 -0.997859 2.34738e-15
vt -10.8807 0.496842
vt -9.5525 0.544888
vt -9.48603 0.548826
vt -8.86861 0.584755
f 1219/3623/1086 1218/3624/1087 1246/3625/1087 1247/3626/172 1248/3627/172 1249/3628/1086 

vt -1.12981 -10.4288
vt -1.12981 -10.5462
vn -0.258819 -0.965926 6.75108e-15
vt -0.495269 -10.5462
vt -0.496842 -10.4288
f 1218/3629/1087 1217/3630/1088 1245/3631/1088 1246/3632/1087 

vt -1.12981 -9.11379
vt -1.12981 -9.23121
vt -0.499188 -9.23121
vt -0.496283 -9.14502
vn -0.382683 -0.92388 8.70194e-15
vt -0.495269 -9.11379
f 1217/3633/1088 1216/3634/1060 1243/3635/1060 1244/3636/1089 1245/3637/1088 

vt 8.61265 3.04073
vt 8.53281 2.99287
vt 8.66714 2.98346
f 1186/3638/1085 1185/3639/1010 1196/3640/1011

vt 9.44898 -1.3253
vn -0.0302614 -0.948629 0.314941
vt 9.10807 -3.40065
vt 11.8409 -1.45361
vn -0.0224374 -0.949589 0.312692
f 1166/3641/1090 1155/3642/990 1136/3643/1091

vt 9.22794 -1.54079
vt 9.01353 -3.61706
vt 9.4043 -1.55052
f 1156/3644/991 1155/3645/990 1166/3646/1090

vt 9.14105 -3.32538
v -0.101341 0.217803 0.708325
vt 12.2939 -3.57082
vn -0.0137047 -0.949997 0.311957
vt 11.8567 -1.35443
f 1155/3647/990 1250/3648/1092 1136/3649/1091

vt 12.4721 -1.20451
vn -0.0293675 -0.954562 0.296561
vt 11.8815 -1.17361
vt 12.3522 -3.38314
f 1083/3650/1093 1136/3651/1091 1250/3652/1092

vt 12.5376 -2.69904
v 0.02594 0.217803 0.708325
vt 14.0804 -2.69904
vn -5.80858e-16 -0.957393 0.288789
vt 12.5376 -0.517115
f 1250/3653/1092 1251/3654/1094 1083/3655/1093

vt 13.4582 -3.85521
vn -4.24311e-16 -0.964267 0.264934
vt 11.9238 -3.61342
vt 12.8851 -6.10683
vn -5.80286e-16 -0.957393 0.288789
f 1070/3656/1095 1083/3657/1093 1251/3658/1096

vt 15.3 3.31608
vt 13.7656 3.07429
vt 14.3387 0.822672
vn -5.78656e-16 -0.957393 0.288789
f 1055/3659/880 1070/3660/1095 1251/3661/1097

vt 15.6232 -2.69904
vt 15.6232 -0.517115
f 1251/3654/1097 1054/3662/879 1055/3663/880

usemtl Electronics_TV_RCA_from_2003___01
f 1144/3250/974 1146/3253/976 1151/3275/988

f 1150/3260/979 1151/3275/988 1146/3253/976

usemtl Silver_Noise_01
vt 2.75891 4.27394
vn 0.00278697 0.697 0.717066
vt 4.74815 4.09736
vn -0.017713 0.716493 0.69737
v -0.74215 0.652345 0.893816
vt 4.74464 4.22797
v -0.896531 0.66194 0.878172
vt 2.86756 4.39461
f 1148/3664/1098 1145/3665/1099 1252/3666/1099 1253/3667/1098 

v -0.61107 0.644198 0.903929
vt 6.35226 4.00216
vn -0.0179789 0.720432 0.693293
vt 4.76191 4.14373
vt 4.76316 4.01308
vt 6.27621 3.87841
f 1254/3668/1100 1252/3669/1099 1145/3670/1099 1147/3671/1100 

vt 0.592873 -4.4343
vn 0.0620296 0.998074 3.34423e-15
vt 0.470298 -6.02622
vn 0.0505581 0.998721 1.65255e-15
v -0.61107 0.644198 0.780513
vt 1.96625 -6.02622
v -0.896531 0.66194 0.780513
vt 1.96625 -2.55941
vn 0.103578 0.994621 9.74045e-16
vt 0.782496 -2.55941
f 1252/3672/1101 1254/3673/1102 1255/3674/1102 1256/3675/1103 1253/3676/1103 

v -0.319245 0.632785 0.780513
vt 1.96625 -9.6922
vn 0.0288958 0.999582 9.60679e-17
vt 1.96625 -6.15223
vt 0.470298 -6.15223
v -0.544974 0.641614 0.909204
vt 0.406357 -6.95399
vn 0.0390798 0.999236 -3.93485e-17
v -0.347612 0.633895 0.920193
vt 0.273161 -9.3481
v -0.319245 0.632785 0.921088
vt 0.262301 -9.6922
f 1257/3677/1104 1255/3678/1102 1254/3679/1102 1258/3680/1105 1259/3681/1105 1260/3682/1104 

vt 6.26234 3.95787
vt 7.14276 3.90807
vn -0.018369 0.724313 0.689227
vt 7.13913 4.03756
vt 6.3361 4.08299
f 1147/3683/1100 1143/3684/1106 1258/3685/1106 1254/3686/1100 

vt 9.54887 3.6459
vn -0.00174166 0.724527 0.689244
vt 9.5475 3.77541
vt 7.15354 3.91112
vt 7.1549 3.78159
f 1140/3687/1107 1259/3688/1107 1258/3689/1106 1143/3690/1106 

vt 9.89838 3.58856
vn -0.00153444 0.726421 0.687249
vt 9.55467 3.60807
vt 9.55377 3.47856
vt 9.85566 3.46142
f 1260/3691/1108 1259/3692/1107 1140/3693/1107 1142/3694/1108 

vt 9.85113 3.61173
vt 11.9437 3.55463
vn -0.00138593 0.728288 0.68527
v -0.150124 0.629621 0.926829
vt 11.9424 3.68362
vt 9.89167 3.73958
f 1142/3695/1108 1138/3696/1109 1261/3697/1109 1260/3698/1108 

v -0.0872673 0.628445 0.927449
vt 12.7094 3.45308
vn -0.000683937 0.728866 0.684656
vt 11.9476 3.47389
vt 11.9467 3.3449
vt 12.6947 3.32447
f 1262/3699/1110 1261/3700/1109 1138/3701/1109 1139/3702/1110 

vt 0.192724 -11.8508
vn 0.0187089 0.999825 2.31474e-16
vt 0.185205 -12.6128
vn 0.00935484 0.999956 -2.8672e-15
v -0.0872673 0.628445 0.780513
vt 1.96625 -12.6128
vt 1.96625 -9.8005
vt 0.262301 -9.8005
f 1261/3703/1111 1262/3704/1112 1263/3705/1112 1257/3706/1104 1260/3707/1104 

v 0.02594 0.628445 0.780513
vt 14.0804 1.96625
vn 8.63015e-16 1 -5.96563e-15
vt 12.7082 1.96625
vt 12.7082 0.185205
vt 14.0804 0.168694
f 1264/3708/1113 1263/3709/1112 1262/3710/1112 1049/3711/1113 

vt 12.6924 3.52281
vt 14.0785 3.52281
vt 14.0773 3.65164
vt 12.705 3.65164
f 1139/3712/1110 1048/3713/868 1049/3714/868 1262/3715/1110 

vt 15.4526 1.96625
vt 15.4526 0.185205
f 1045/3716/864 1264/3708/1113 1049/3711/1113 1043/3717/864 

v -0.916019 0.664795 0.780513
vt 1.96625 -1.84925
vn 0.265844 0.964016 2.41008e-16
v -0.916019 0.664795 0.876388
vt 0.80413 -1.84925
vt 0.782496 -2.088
vt 1.96625 -2.088
f 1265/3718/1114 1266/3719/1114 1253/3720/1103 1256/3721/1103 

v -0.934259 0.67235 0.780513
vt 1.96625 -0.147309
vn 0.5 0.866025 6.9228e-16
v -0.934259 0.67235 0.875282
vt 0.817533 -0.147309
vt 0.80413 -0.386607
vt 1.96625 -0.386607
f 1267/3722/1115 1268/3723/1115 1266/3724/1114 1265/3725/1114 

v -0.949921 0.684368 0.780513
vt 1.96625 1.6563
vn 0.707107 0.707107 1.3441e-15
v -0.949921 0.684368 0.874709
vt 0.824478 1.6563
v -0.939077 0.676047 0.875186
vt 0.818689 1.49062
vn 0.608761 0.793353 -5.0346e-16
vt 0.817533 1.417
vt 1.96625 1.417
f 1269/3726/1116 1270/3727/1116 1271/3728/1117 1268/3729/1115 1267/3730/1115 

vt 0.824478 3.11589
vt 1.96625 3.11589
v -0.961939 0.70003 0.780513
vt 1.96625 3.35518
vn 0.866025 0.5 6.20155e-15
v -0.961939 0.70003 0.874924
vt 0.821867 3.35518
f 1270/3731/1116 1269/3732/1116 1272/3733/1118 1273/3734/1118 

vt 0.821867 4.59428
vt 1.96625 4.59428
v -0.969494 0.71827 0.780513
vt 1.96625 4.83358
vn 0.970911 0.239442 3.73734e-15
v -0.969494 0.71827 0.87603
vt 0.808462 4.83358
f 1273/3735/1118 1272/3736/1118 1274/3737/1119 1275/3738/1119 

vt 1.96625 8.52669
vt 0.600811 8.52669
v -0.980204 0.835789 0.888198
vt 0.660979 7.28878
vn 0.995873 0.0907582 -1.7386e-15
vt 0.808462 5.8584
vt 1.96625 5.8584
f 826/3739/669 824/3740/669 1276/3741/1120 1275/3742/1119 1274/3743/1119 

vt 1.65319 8.66536
vt 1.77453 7.48515
vn 0.563697 -0.0115193 0.825902
vt 1.92931 7.48457
vt 1.80259 8.71745
f 816/3744/666 805/3745/1121 1276/3746/1121 824/3747/666 

vt 2.11966 6.0787
vn 0.522469 0.0555645 0.850846
vt 1.92929 7.50401
vt 1.77451 7.50459
vt 1.97537 6.001
f 1275/3748/1122 1276/3749/1121 805/3750/1121 812/3751/1122 

vt 2.01113 5.88628
vt 2.09872 5.6607
vn 0.433595 0.21598 0.874841
vt 2.24172 5.74133
vt 2.15499 5.96476
f 812/3752/1122 811/3753/1123 1273/3754/1123 1275/3755/1122 

vt 2.11701 5.48914
vt 2.2526 5.28912
vn 0.337757 0.354673 0.871853
vt 2.39276 5.37428
vt 2.2585 5.57239
f 811/3756/1123 810/3757/1124 1270/3758/1124 1273/3759/1123 

vt 2.25966 5.07157
vt 2.43904 4.90942
vn 0.208392 0.457762 0.864307
vt 2.51976 5.05035
vn 0.253338 0.461457 0.850222
vt 2.39679 5.16153
f 810/3760/1124 809/3761/1125 1271/3762/1126 1270/3763/1124 

vt 2.40932 4.9138
vt 2.46592 4.88624
vn 0.218044 0.505603 0.834759
vt 2.47887 5.06056
f 809/3764/1125 808/3765/1127 1271/3766/1126

vt 2.56804 4.78844
vn 0.261397 0.511167 0.818767
vt 2.5146 4.83908
vt 2.48121 4.6675
f 1268/3767/1128 1271/3768/1126 808/3769/1127

vt 2.48492 4.61562
vt 2.6442 4.53351
vn 0.106125 0.617806 0.779136
vt 2.77336 4.63414
vt 2.56034 4.74399
f 808/3770/1127 1149/3771/1129 1266/3772/1129 1268/3773/1128 

vt 2.57727 4.34159
vt 2.8147 4.29413
vt 2.92996 4.40852
vt 2.69488 4.45551
f 1149/3774/1129 1148/3775/1098 1253/3776/1098 1266/3777/1129 

vt 0.457349 15.1685
vt 2.83429 15.1411
v 1.18345 1.71078 0.708325
vt 2.8343 17.4958
vn 0.99938 0.0352 -0.00044521
vt 0.463175 17.5241
vt 0.441289 16.6208
vn 0.999775 0.0212332 -0.000247048
f 1021/3778/829 1023/3779/829 1277/3780/1130 961/3781/1130 960/3782/1131 

vt 0.452017 16.7212
vt 2.82314 16.6928
v 1.17141 1.9551 0.708325
vt 2.82324 19.6579
vn 0.997464 0.070975 0.00536249
vt 0.594782 19.691
vn 0.9977 0.0677714 -0.000945561
vt 0.489134 18.5287
vn 0.998791 0.0491599 -0.000643285
f 961/3783/1130 1277/3784/1130 1278/3785/1132 957/3786/1133 956/3787/1134 

vt 0.577775 18.5974
vt 2.80623 18.5642
vt 1.0322 22.3583
vn 0.996608 0.0818695 0.00836451
vt 0.711403 20.1554
vn 0.996263 0.0863594 -0.00124751
f 957/3788/1133 1278/3789/1132 927/3790/1135 934/3791/1136 

v 1.14456 2.30096 0.708325
vt 3.33912 23.0405
vn 0.99684 0.0773704 0.0179756
vt 1.56497 22.627
vt 3.34498 18.8357
f 1279/3792/1137 927/3793/1135 1278/3794/1132

vt 7.13325 5.93389
vn 0.819071 0.558808 0.129829
vt 7.12535 6.02308
vt 5.38069 5.43677
f 1279/3795/1138 924/3796/760 927/3797/760

vt 21.5038 10.7994
vt 21.3318 8.52444
vn -0.567067 -0.000844925 0.823671
vt 21.4812 8.47235
vt 21.6572 10.8
f 975/3798/821 974/3799/1139 1013/3800/1139 1012/3801/821 

vt 21.4853 7.66093
vn -0.563697 -0.0115193 0.825902
vt 21.6066 8.84114
vt 21.4572 8.89323
vt 21.3305 7.66035
f 1004/3802/1140 1013/3803/1139 974/3804/1139 978/3805/1140 

vt 21.3301 6.96256
vt 21.1397 5.53725
vn -0.522469 0.0555645 0.850846
vt 21.284 5.45955
vt 21.4849 6.96314
f 978/3806/1140 977/3807/1141 1005/3808/1141 1004/3809/1140 

vt 22.5878 7.62084
vn -0.433595 0.21598 0.874841
vt 22.6754 7.84642
vt 22.5315 7.9249
vt 22.4448 7.70147
f 1006/3810/1142 1005/3811/1141 977/3812/1141 980/3813/1142 

vt 23.4958 8.54839
vn -0.337757 0.354673 0.871853
vt 23.6314 8.74841
vt 23.4899 8.83166
vt 23.3556 8.63356
f 1007/3814/1143 1006/3815/1142 980/3816/1142 982/3817/1143 

vt 24.2958 8.63381
vn -0.208392 0.457762 0.864307
vt 24.4752 8.79595
vt 24.3381 8.88592
vt 24.2151 8.77473
vn -0.253338 0.461457 0.850222
f 1008/3818/1144 1007/3819/1143 982/3820/1143 985/3821/1145 

vt 25.378 6.9557
vn -0.218044 0.505603 0.834759
vt 25.4346 6.98326
vt 25.3651 7.13001
f 1000/3822/1146 1008/3823/1144 985/3824/1145

vt 23.4685 9.89641
vt 23.415 9.84576
vn -0.261397 0.511167 0.818767
vt 23.5019 9.72483
f 985/3825/1145 984/3826/1147 1000/3827/1146

vt 24.857 7.87978
vn -0.106125 0.617806 0.779136
vt 25.0163 7.96189
vt 24.9409 8.09026
vt 24.7279 7.98042
f 1001/3828/1148 1000/3829/1146 984/3830/1147 987/3831/1148 

vt 25.3199 5.11509
vn -0.00278697 0.697 0.717066
vt 25.5574 5.16254
vt 25.4398 5.27647
vt 25.2047 5.22948
f 1002/3832/1149 1001/3833/1148 987/3834/1148 989/3835/1149 

vt 23.3929 3.34129
vt 25.3821 3.51786
vt 25.2734 3.63854
vt 23.3964 3.4719
f 994/3836/803 1002/3837/1149 989/3838/1149 991/3839/803 

vt 21.4491 23.6343
vt 21.3865 24.0332
vn -0.518256 -0.0179907 0.855036
vt 21.2446 23.9482
vt 21.2939 23.6339
f 933/3840/776 932/3841/1150 949/3842/1150 951/3843/776 

vt 22.857 21.5525
vt 22.7647 21.7769
vn -0.427178 -0.173984 0.88727
vt 22.6238 21.6895
vt 22.7153 21.4672
f 932/3844/1150 931/3845/1151 947/3846/1151 949/3847/1150 

vt 23.8266 19.9405
vt 23.687 20.138
vn -0.330356 -0.309194 0.891776
vt 23.5489 20.0465
vt 23.6871 19.8508
f 931/3848/1151 930/3849/1152 944/3850/1152 947/3851/1151 

vt 24.6455 18.608
vt 24.4632 18.7666
vn -0.201385 -0.409538 0.889788
vt 24.3853 18.621
vn -0.246037 -0.413937 0.876426
vt 24.5103 18.5123
f 930/3852/1152 929/3853/1153 945/3854/1154 944/3855/1152 

vt 25.4431 19.3381
vn -0.211075 -0.457511 0.863789
vt 25.4322 19.1608
vt 25.5 19.3113
f 928/3856/1155 945/3857/1154 929/3858/1153

vt 23.7143 17.0387
vt 23.7434 17.214
vt 23.6597 17.0881
vn -0.254139 -0.463821 0.848696
f 945/3859/1154 928/3860/1155 942/3861/1156

vt 25.1307 17.4961
vt 24.9701 17.5753
vn -0.100083 -0.569243 0.816055
vt 24.8427 17.4699
vt 25.0575 17.3639
f 928/3862/1155 936/3863/1157 940/3864/1157 942/3865/1156 

vt 25.5764 17.4859
vt 25.3387 17.5309
vt 25.2243 17.4133
vt 25.4597 17.3688
f 936/3866/1157 935/3867/765 937/3868/765 940/3869/1157 

vt 18.9756 7.51432
v 0.153221 2.36535 0.708325
vt 15.8303 7.84469
vn 0.0150185 0.966914 0.25466
vt 16.153 5.07863
f 922/3870/749 1280/3871/1158 874/3872/750

vt 15.5944 5.54296
vn 0.00733996 0.967009 0.254637
vt 16.1844 5.50245
vt 15.7929 8.25962
f 875/3873/1159 874/3874/750 1280/3875/1158

vt 15.6232 9.38883
v 0.02594 2.36535 0.708325
vt 14.0804 9.38883
vn 8.76115e-17 0.9671 0.254395
vt 15.6232 6.66492
f 1280/3876/1158 1281/3877/1160 875/3878/1159

vt 14.0816 6.46264
vn 1.75208e-16 0.967297 0.253646
vt 15.6245 6.46457
vt 14.1102 9.2044
f 869/3879/1161 875/3880/1159 1281/3881/1160

vt 12.5346 6.75809
vn -0.00733996 0.967009 0.254637
vt 14.0775 6.75616
vt 14.049 9.49792
vn 8.76037e-17 0.9671 0.254395
f 870/3882/1162 869/3883/1161 1281/3884/1163

vn 8.7596e-17 0.9671 0.254395
v -0.101341 2.36535 0.708325
vt 12.5376 9.38883
vn -0.0150185 0.966914 0.25466
vt 12.5376 6.66492
f 1281/3877/1164 1282/3885/1165 870/3886/1162

vt 11.8962 7.55476
vn -0.0232575 0.966965 0.253844
vt 12.4863 7.59528
vt 12.2877 10.3119
f 866/3887/1166 870/3888/1162 1282/3889/1165

vt 12.1863 10.5962
v -0.362159 2.3584 0.708325
vt 9.04108 10.2658
vn -0.0365491 0.967015 0.252084
vt 11.8636 7.8301
f 1282/3890/1165 1283/3891/1167 866/3892/1166

vt 9.05507 10.2068
vt 9.47868 7.60173
vn -0.0274525 0.967104 0.252896
vt 11.8688 7.76099
f 1283/3893/1167 863/3894/1168 866/3895/1166

vt 8.97364 10.4144
vt 9.27435 7.80733
vn -0.0391877 0.966679 0.252975
vt 9.45063 7.81858
f 1283/3896/1167 864/3897/1169 863/3898/1168

vt 6.95462 8.18383
vn -0.0517786 0.966998 0.249468
vt 9.15384 8.49125
vt 8.67859 11.0722
f 859/3899/1170 864/3900/1169 1283/3901/1167

vt 8.5592 11.195
v -0.690263 2.34013 0.708325
vt 4.67284 10.3221
vn -0.0643992 0.966915 0.246836
vt 6.90735 8.26479
f 1283/3902/1167 1284/3903/1171 859/3904/1170

vt 4.68055 10.3003
vt 5.16053 7.99475
vn -0.0617378 0.966935 0.247438
vt 6.91114 8.2387
f 1284/3905/1171 860/3906/1172 859/3907/1170

vt 4.42314 8.27765
vn -0.0749291 0.967423 0.241824
vt 5.04109 8.40825
vt 4.41811 10.6793
f 855/3908/1173 860/3909/1172 1284/3910/1171

vt 4.24384 10.8545
v -1.08852 2.30706 0.708325
vt -0.342797 9.29662
vn -0.0781555 0.967902 0.238868
vt 4.34299 8.45487
f 1284/3911/1171 1285/3912/1174 855/3913/1173

vt -0.316523 9.00343
vt 2.01511 7.60693
vn -0.0771142 0.968671 0.23607
vt 4.36165 8.12033
f 1285/3914/1174 847/3915/1175 855/3916/1173

vt -0.360379 9.15146
vt 0.20292 7.41417
vn -0.0798782 0.967867 0.238439
vt 1.99161 7.78953
f 1285/3917/1174 848/3918/1176 847/3919/1175

vt -0.906146 18.1338
vn -0.756731 0.635652 0.152658
vt -0.894849 18.2035
vn -0.686588 0.70594 0.173912
vt -2.61387 18.8203
f 849/3920/1177 848/3921/1178 1285/3922/1177

vt -2.71671 21.5655
v -1.09268 2.30096 0.708325
vt -2.7246 21.4763
vn -0.819071 0.558808 0.129829
vt -0.972044 20.9792
f 1285/3923/1177 1286/3924/1179 849/3925/1177

vt -1.05724 24.8055
vn -0.996608 0.0818695 0.00836451
vt -2.83139 25.219
vn -0.99684 0.0773704 0.0179756
v -1.11953 1.9551 0.708325
vt -2.83726 21.0142
vn -0.997464 0.070975 0.00536249
f 849/3926/1180 1286/3927/1181 1287/3928/1182

vt -2.84149 20.9961
vt -0.613038 21.0293
vn -0.9977 0.0677714 -0.000945561
vt -0.746665 22.5873
vn -0.996263 0.0863594 -0.00124751
vt -1.06746 24.7902
f 1287/3929/1182 844/3930/1183 843/3931/1184 849/3932/1180 

v -1.13157 1.71078 0.708325
vt -2.84128 18.0772
vn -0.99938 0.0352 -0.00044521
v -1.13157 1.71312 0.903943
vt -0.470154 18.1056
vt -0.507272 19.913
vn -0.998791 0.0491599 -0.000643285
vt -0.612919 21.0754
vt -2.84138 21.0422
f 1288/3933/1185 1289/3934/1185 845/3935/1186 844/3936/1183 1287/3937/1182 

v -1.13569 1.51657 0.708325
vt -2.84125 15.7391
vn -0.999944 0.0106172 -0.000123531
v -1.13569 1.51883 0.904423
vt -0.464308 15.7664
v -1.13315 1.63862 0.905748
vt -0.448248 17.2188
vn -0.999775 0.0212332 -0.000247048
vt -0.470134 18.122
vt -2.84126 18.0937
f 1290/3938/1187 1291/3939/1187 1292/3940/1188 1289/3941/1185 1288/3942/1185 

v -1.13569 1.27813 0.708325
vt -2.84125 12.8525
vn -0.999966 -0.00818801 0.000138505
vt -0.529305 12.8891
vt -0.474662 14.5159
vn -1 -9.84266e-16 -1.07474e-14
vt -0.464308 15.77
vt -2.84125 15.7426
f 1293/3943/1189 821/3944/1189 820/3945/1190 1291/3946/1187 1290/3947/1187 

vt -0.657131 9.83431
vn -0.99963 -0.0271903 0.000542609
vt -0.58849 11.0037
vn -0.999866 -0.0163755 0.000277
vt -0.529305 12.8874
vt -2.84125 12.8507
v -1.13157 1.02601 0.708325
vt -2.84124 9.79432
f 815/3948/1191 814/3949/1192 821/3950/1189 1293/3951/1189 1294/3952/1191 

vt -0.953165 5.98906
vn -0.998607 -0.0527565 0.00125288
vt -0.787586 7.48796
vn -0.999277 -0.0380019 0.000808155
vt -0.657104 9.82743
vt -2.84121 9.7874
vt -2.84109 5.94019
f 807/3953/1193 806/3954/1194 815/3955/1191 1294/3956/1191 800/3957/649 

vt -1.16646 3.96628
vn -0.997718 -0.0674997 0.00169734
vt -0.952989 5.97385
vt -2.84091 5.9249
vt -1.59998 1.13662
f 804/3958/1195 807/3959/1193 800/3960/649 799/3961/648 

v -1.01252 1.6382 0.921701
vt 1.44666 17.2126
vn -0.131074 0.00930658 0.991329
vt -0.0282071 17.2178
vt -0.0608902 15.7657
vn -0.131137 -0.00818208 0.99133
vt -0.062248 14.5116
vt 1.40578 14.5049
v -1.01306 1.61553 0.921444
vt 1.43981 16.9379
f 1295/3962/1196 1292/3963/1196 1291/3964/1197 820/3965/663 819/3966/663 1296/3967/1197 

vt 1.5711 19.9319
vt 0.0712315 19.9371
vt -0.0120187 18.1312
vn -0.13097 0.0267924 0.991024
vt -0.0281507 17.2278
vt 1.44672 17.2227
vt 1.45694 17.7262
f 839/3968/682 845/3969/682 1289/3970/1198 1292/3971/1196 1295/3972/1196 840/3973/1198 

vt 1.38632 17.716
vt 1.36967 17.2127
vn 0.57288 -0.00840202 0.819596
vt 1.52256 17.2122
vt 1.53809 17.6818
f 840/3974/677 1295/3975/1199 835/3976/1199 834/3977/677 

vt 1.51875 16.9256
vn 0.573271 -0.0191697 0.819142
vt 1.52262 17.2267
vt 1.36973 17.2272
vt 1.3662 16.9523
f 832/3978/1200 835/3979/1199 1295/3980/1199 1296/3981/1200 

vt 1.36539 16.95
vt 1.35378 14.5169
vn 0.57387 -0.0171231 0.818767
vt 1.50647 14.5163
vt 1.51795 16.9233
f 1296/3982/1200 819/3983/1201 830/3984/1201 832/3985/1200 

vt 1.57565 12.1104
vn 0.573653 -0.015083 0.818959
vt 1.50638 14.5175
vt 1.35369 14.5181
vt 1.42361 12.0909
f 828/3986/1202 830/3987/1201 819/3988/1201 818/3989/1202 

vt 1.42402 12.0881
vt 1.45268 11.31
vt 1.60444 11.337
vt 1.57606 12.1077
f 818/3990/1202 817/3991/664 823/3992/664 828/3993/1202 

g Mesh6 Component_23_1 Television_Silver_CRT1 Model

usemtl Black_SemiGloss_01
v 0.0173737 0.445027 0.901219
vt 0.703664 1.5625
vn -0.431481 0.249116 0.867044
v 0.0210757 0.448729 0.901219
vt -0.703664 1.5625
vn -0.249116 0.431481 0.867044
v 0.0173737 0.455141 0.893815
vt -1.21878 -1.20462
vn -0.432517 0.749141 0.501714
v 0.0109615 0.448729 0.893815
vt 1.21878 -1.20462
vn -0.749141 0.432517 0.501714
f 1297/3994/1203 1298/3995/1204 1299/3996/1205 1300/3997/1206 

vt -0.703664 -1.2718
vt 0.703664 -1.2718
v 0.0261328 0.43997 0.903929
vt -1.82873e-12 1.45348
vn 1.0361e-13 0.13271 0.991155
f 1298/3998/1204 1297/3999/1203 1301/4000/1207

v 0.0160186 0.43997 0.901219
vn -0.498023 0.0662711 0.864628
vt -1.29242e-12 1.45348
vn 1.03599e-13 0.13271 0.991155
f 1297/3998/1203 1302/3999/1208 1301/4001/1209

v 0.00861452 0.43997 0.893815
vn -0.859923 0.113702 0.497599
f 1302/3994/1208 1297/3995/1203 1300/3996/1206 1303/3997/1210 

v 0.00861452 0.450084 0.883701
vt -1.40733 -1.31601
vn -0.836516 0.482963 0.258819
v 0.00590443 0.43997 0.883701
vt 1.40733 -1.31601
vn -0.958192 0.126293 0.256747
vt 1.21878 1.49232
vt -1.21878 1.49232
f 1304/4002/1211 1305/4003/1212 1303/4004/1210 1300/4005/1206 

vt -5.63429e-13 1.40733
vt 8.22508e-14 -1.40733
v 0.00590443 0.318034 0.883701
vt 32.777 -1.40733
vn -0.958192 -0.126293 0.256747
v 0.00861452 0.318034 0.893815
vt 32.777 1.40733
vn -0.859923 -0.113702 0.497599
f 1303/4006/1210 1305/4007/1212 1306/4008/1213 1307/4009/1214 

vt 30.2528 -3.44161
v 0.00861452 0.30792 0.883701
vt 33.0674 -3.44161
vn -0.836516 -0.482963 0.258819
v 0.0109615 0.309275 0.893815
vt 32.8789 -0.633276
vn -0.749141 -0.432517 0.501714
vt 30.4413 -0.633276
f 1306/4010/1213 1308/4011/1215 1309/4012/1216 1307/4013/1214 

vt 21.7695 -7.12326
v 0.0160186 0.300516 0.883701
vt 24.5841 -7.12326
vn -0.482963 -0.836516 0.258819
v 0.0173737 0.302863 0.893815
vt 24.3956 -4.31492
vn -0.432517 -0.749141 0.501714
vt 21.958 -4.31492
f 1308/4014/1215 1310/4015/1217 1311/4016/1218 1309/4017/1216 

vt 7.07597 -9.24886
v 0.0261328 0.297806 0.883701
vt 9.89063 -9.24886
vn -1.19354e-13 -0.965926 0.258819
v 0.0261328 0.300516 0.893815
vt 9.70208 -6.44052
vn -7.36846e-14 -0.865033 0.501714
vt 7.26452 -6.44052
f 1310/4018/1217 1312/4019/1219 1313/4020/1220 1311/4021/1218 

vt -9.89063 -9.24886
v 0.036247 0.300516 0.883701
vt -7.07597 -9.24886
vn 0.482963 -0.836516 0.258819
v 0.0348919 0.302863 0.893815
vt -7.26452 -6.44052
vn 0.432517 -0.749141 0.501714
vt -9.70208 -6.44052
f 1312/4022/1219 1314/4023/1221 1315/4024/1222 1313/4025/1220 

vt -24.5841 -7.12326
v 0.0436511 0.30792 0.883701
vt -21.7695 -7.12326
vn 0.836516 -0.482963 0.258819
v 0.0413041 0.309275 0.893815
vt -21.958 -4.31492
vn 0.749141 -0.432517 0.501714
vt -24.3956 -4.31492
f 1314/4026/1221 1316/4027/1223 1317/4028/1224 1315/4029/1222 

vt -33.0674 -3.44161
v 0.0463612 0.318034 0.883701
vt -30.2528 -3.44161
vn 0.958192 -0.126293 0.256747
v 0.0436511 0.318034 0.893815
vt -30.4413 -0.633276
vn 0.859923 -0.113702 0.497599
vt -32.8789 -0.633276
f 1316/4030/1223 1318/4031/1225 1319/4032/1226 1317/4033/1224 

v 0.0463612 0.43997 0.883701
vt 8.66307e-13 -1.40733
vn 0.958192 0.126293 0.256747
v 0.0436511 0.43997 0.893815
vt 4.07963e-13 1.40733
vn 0.859923 0.113702 0.497599
vt -32.777 1.40733
vt -32.777 -1.40733
f 1320/4034/1227 1321/4035/1228 1319/4036/1226 1318/4037/1225 

v 0.0436511 0.450084 0.883701
vn 0.836516 0.482963 0.258819
v 0.0413041 0.448729 0.893815
vn 0.749141 0.432517 0.501714
f 1320/4002/1227 1322/4003/1229 1323/4004/1230 1321/4005/1228 

v 0.036247 0.457488 0.883701
vn 0.482963 0.836516 0.258819
v 0.0348919 0.455141 0.893815
vn 0.432517 0.749141 0.501714
f 1322/4002/1229 1324/4003/1231 1325/4004/1232 1323/4005/1230 

v 0.0261328 0.460198 0.883701
vn -1.12559e-13 0.965926 0.258819
v 0.0261328 0.457488 0.893815
vn -7.83838e-14 0.865033 0.501714
f 1324/4002/1231 1326/4003/1233 1327/4004/1234 1325/4005/1232 

v 0.0160186 0.457488 0.883701
vn -0.482963 0.836516 0.258819
f 1326/4002/1233 1328/4003/1235 1299/4004/1205 1327/4005/1234 

f 1328/4002/1235 1304/4003/1211 1300/4004/1206 1299/4005/1205 

v 0.0261328 0.450084 0.901219
vn -4.52179e-14 0.498231 0.867044
f 1298/3994/1204 1329/3995/1236 1327/3996/1234 1299/3997/1205 

vt -1.87518e-12 1.45348
vn 1.03603e-13 0.13271 0.991155
f 1329/3998/1236 1298/3999/1204 1301/4038/1237

v 0.0311899 0.448729 0.901219
vn 0.249116 0.431481 0.867044
vt -1.4191e-12 1.45348
vn 1.03592e-13 0.13271 0.991155
f 1330/3998/1238 1329/3999/1236 1301/4039/1239

f 1329/3994/1236 1330/3995/1238 1325/3996/1232 1327/3997/1234 

v 0.0348919 0.445027 0.901219
vn 0.431481 0.249116 0.867044
f 1330/3994/1238 1331/3995/1240 1323/3996/1230 1325/3997/1232 

vt -5.82707e-13 1.45348
f 1331/3998/1240 1330/3999/1238 1301/4040/1239

v 0.036247 0.43997 0.901219
vn 0.498023 0.0662711 0.864628
vt 4.09742e-13 1.45348
f 1332/3998/1241 1331/3999/1240 1301/4041/1239

f 1331/3994/1240 1332/3995/1241 1321/3996/1228 1323/3997/1230 

vt 3.03178e-13 -1.40733
vt -1.10371e-14 1.40733
v 0.036247 0.318034 0.901219
vn 0.498023 -0.0662711 0.864628
f 1321/4042/1228 1332/4043/1241 1333/4036/1242 1319/4037/1226 

vt -2.38986e-13 -1.40733
vt 8.81073e-13 1.40733
vn 1.03606e-13 0.13271 0.991155
v 0.0261328 0.318034 0.903929
vn 1.0897e-13 -0.13271 0.991155
f 1332/4044/1241 1301/4045/1243 1334/4036/1244 1333/4037/1242 

vt -8.81073e-13 1.40733
vn 1.03613e-13 0.13271 0.991155
vt -6.26922e-13 -1.40733
v 0.0160186 0.318034 0.901219
vn -0.498023 -0.0662711 0.864628
f 1301/4046/1245 1302/4047/1208 1335/4008/1246 1334/4009/1244 

vt -8.521e-13 1.40733
vt -4.61408e-13 -1.40733
f 1302/4048/1208 1303/4049/1210 1307/4008/1214 1335/4009/1246 

v 0.0173737 0.312977 0.901219
vt 32.3638 -4.33125
vn -0.431481 -0.249116 0.867044
vt 30.9564 -4.33125
vt 30.4413 -7.09837
vt 32.8789 -7.09837
f 1336/4050/1247 1335/4051/1246 1307/4052/1214 1309/4053/1216 

vt 30.9564 -9.4464
vt 32.3638 -9.4464
vt 31.6601 -6.72112
f 1335/4054/1246 1336/4055/1247 1334/4056/1244

vt 22.4731 -23.6052
v 0.0210757 0.309275 0.901219
vt 23.8805 -23.6052
vn -0.249116 -0.431481 0.867044
vt 23.1768 -20.88
vn 1.08974e-13 -0.13271 0.991155
f 1336/4057/1247 1337/4058/1248 1334/4059/1249

vt 23.8805 -14.5395
vt 22.4731 -14.5395
vt 21.958 -17.3066
vt 24.3956 -17.3066
f 1337/4060/1248 1336/4061/1247 1309/4062/1216 1311/4063/1218 

v 0.0261328 0.30792 0.901219
vt 9.18697 -20.4333
vn -2.48437e-14 -0.498231 0.867044
vt 7.77964 -20.4333
vt 7.26452 -23.2004
vt 9.70208 -23.2004
f 1338/4064/1250 1337/4065/1248 1311/4066/1218 1313/4067/1220 

vt 7.77964 -31.7798
vt 9.18697 -31.7798
vn -2.48401e-14 -0.498231 0.867044
vt 8.4833 -29.0546
vn 1.08972e-13 -0.13271 0.991155
f 1337/4068/1248 1338/4069/1251 1334/4070/1252

vt -9.18697 -31.7798
v 0.0311899 0.309275 0.901219
vt -7.77964 -31.7798
vn 0.249116 -0.431481 0.867044
vt -8.4833 -29.0546
vn 1.08956e-13 -0.13271 0.991155
f 1338/4071/1250 1339/4072/1253 1334/4073/1254

vt -7.77964 -20.4333
vt -9.18697 -20.4333
vt -9.70208 -23.2004
vt -7.26452 -23.2004
f 1339/4074/1253 1338/4075/1250 1313/4076/1220 1315/4077/1222 

v 0.0348919 0.312977 0.901219
vt -22.4731 -14.5395
vn 0.431481 -0.249116 0.867044
vt -23.8805 -14.5395
vt -24.3956 -17.3066
vt -21.958 -17.3066
f 1340/4078/1255 1339/4079/1253 1315/4080/1222 1317/4081/1224 

vt -23.8805 -23.6052
vt -22.4731 -23.6052
vt -23.1768 -20.88
vn 1.08963e-13 -0.13271 0.991155
f 1339/4082/1253 1340/4083/1255 1334/4084/1256

vt -32.3638 -9.4464
vt -30.9564 -9.4464
vt -31.6601 -6.72112
f 1340/4085/1255 1333/4086/1242 1334/4087/1244

vt -30.9564 -4.33125
vt -32.3638 -4.33125
vt -32.8789 -7.09837
vt -30.4413 -7.09837
f 1333/4088/1242 1340/4089/1255 1317/4090/1224 1319/4091/1226 

g Mesh7 Component_19_1 Television_Silver_CRT1 Model

usemtl Chrome_01
v -0.298075 0.403317 0.886798
vt 0.073008 0.091969
vn 0.727837 -0.195023 0.657434
v -0.299943 0.398808 0.886798
vt 0.083632 0.140114
vn 0.65256 -0.376756 0.657434
v -0.299183 0.398369 0.885415
vt 0.0677633 0.144801
vn 0.798774 -0.461173 0.386367
v -0.297227 0.40309 0.885415
vt 0.0566404 0.0943953
vn 0.890917 -0.23872 0.386367
f 1341/4092/1257 1342/4093/1258 1343/4094/1259 1344/4095/1260 

v -0.299566 0.403717 0.888104
vt -0.0791042 0.137717
vn 0.516697 -0.138449 0.8449
v -0.30128 0.39958 0.888104
vt -0.0655098 0.180858
vn 0.463258 -0.267462 0.8449
vt -0.0842797 0.188907
vt -0.0990975 0.141883
f 1345/4096/1261 1346/4097/1262 1342/4098/1258 1341/4099/1257 

v -0.301043 0.404113 0.8888
vt -0.206926 0.194998
vn 0.400071 -0.107199 0.910193
v -0.302604 0.400344 0.8888
vt -0.19241 0.233557
vn 0.358694 -0.207092 0.910193
vt -0.207468 0.24138
vt -0.223404 0.199048
f 1347/4100/1263 1348/4101/1264 1346/4102/1262 1345/4103/1261 

usemtl Yellow_Plastic_01
vt -0.39301 0.281411
vn -3.42602e-13 1.16213e-14 1
v -0.30684 0.40279 0.8888
vt -0.33446 0.294775
vt -0.377243 0.319475
f 1347/4104/1265 1349/4105/1265 1348/4106/1265

v -0.305767 0.405379 0.8888
vt -0.345292 0.268625
f 1347/4104/1265 1350/4107/1265 1349/4105/1265

v -0.300511 0.408157 0.8888
vt -0.398388 0.240563
f 1351/4108/1265 1350/4107/1265 1347/4104/1265

v -0.305402 0.408157 0.8888
vt -0.348986 0.240563
f 1351/4108/1265 1352/4109/1265 1350/4107/1265

v -0.305767 0.410935 0.8888
vt -0.345292 0.212501
f 1351/4108/1265 1353/4110/1265 1352/4109/1265

v -0.301043 0.412201 0.8888
vt -0.39301 0.199715
f 1354/4111/1265 1353/4110/1265 1351/4108/1265

v -0.30684 0.413524 0.8888
vt -0.33446 0.186352
f 1354/4111/1265 1355/4112/1265 1353/4110/1265

v -0.308545 0.415747 0.8888
vt -0.31723 0.163897
f 1354/4111/1265 1356/4113/1265 1355/4112/1265

v -0.302604 0.415969 0.8888
vt -0.377243 0.161651
f 1357/4114/1265 1356/4113/1265 1354/4111/1265

v -0.310768 0.417452 0.8888
vt -0.294775 0.146666
f 1357/4114/1265 1358/4115/1265 1356/4113/1265

v -0.313357 0.418525 0.8888
vt -0.268625 0.135835
f 1357/4114/1265 1359/4116/1265 1358/4115/1265

v -0.305087 0.419205 0.8888
vt -0.352162 0.128965
f 1360/4117/1265 1359/4116/1265 1357/4114/1265

v -0.316135 0.418891 0.8888
vt -0.240563 0.13214
f 1359/4116/1265 1360/4117/1265 1361/4118/1265

v -0.327184 0.419205 0.8888
vt -0.128965 0.128965
f 1360/4117/1265 1362/4119/1265 1361/4118/1265

v -0.308323 0.421688 0.8888
vt -0.319475 0.103883
f 1363/4120/1265 1362/4119/1265 1360/4117/1265

v -0.323948 0.421688 0.8888
vt -0.161651 0.103883
f 1363/4120/1265 1364/4121/1265 1362/4119/1265

v -0.312091 0.423249 0.8888
vt -0.281411 0.0881166
f 1365/4122/1265 1364/4121/1265 1363/4120/1265

v -0.320179 0.423249 0.8888
vt -0.199715 0.0881166
f 1365/4122/1265 1366/4123/1265 1364/4121/1265

v -0.316135 0.423781 0.8888
vt -0.240563 0.0827388
f 1366/4123/1265 1365/4122/1265 1367/4124/1265

usemtl Chrome_01
vt -0.216405 0.245083
vn -3.37356e-13 0.414184 0.910193
vt -0.25718 0.250989
vn 0.107199 0.400071 0.910193
v -0.311696 0.424726 0.888104
vt -0.26159 0.234604
vn 0.138449 0.516697 0.8449
v -0.316135 0.42531 0.888104
vt -0.216825 0.228119
vn -2.97142e-13 0.534924 0.8449
f 1367/4125/1266 1365/4126/1267 1368/4127/1268 1369/4128/1269 

vt -0.208528 0.250678
vt -0.246018 0.267765
vn 0.207092 0.358694 0.910193
v -0.307559 0.423012 0.888104
vt -0.25484 0.25327
vn 0.267462 0.463258 0.8449
vt -0.213681 0.234511
f 1365/4129/1267 1363/4130/1270 1370/4131/1271 1368/4132/1268 

vt -0.200918 0.252946
vt -0.232398 0.279525
vn 0.292872 0.292872 0.910193
v -0.304006 0.420286 0.888104
vt -0.244808 0.267952
vn 0.378248 0.378248 0.8449
vt -0.210246 0.238772
f 1363/4133/1270 1360/4134/1272 1371/4135/1273 1370/4136/1271 

vt -0.195148 0.25001
vt -0.218715 0.283805
vn 0.358694 0.207092 0.910193
v -0.30128 0.416733 0.888104
vt -0.233688 0.275821
vn 0.463258 0.267462 0.8449
vt -0.207815 0.238719
f 1360/4137/1272 1357/4138/1274 1372/4139/1275 1371/4140/1273 

vt -0.19241 0.2414
vt -0.206926 0.279959
vn 0.400071 0.107199 0.910193
v -0.299566 0.412596 0.888104
vt -0.223404 0.275909
vn 0.516697 0.138449 0.8449
vt -0.207468 0.233577
f 1357/4141/1274 1354/4142/1276 1373/4143/1277 1372/4144/1275 

vt -0.193376 0.227945
vt -0.198271 0.268854
vn 0.414184 5.17193e-14 0.910193
v -0.298982 0.408157 0.888104
vt -0.215239 0.268854
vn 0.534924 7.59083e-14 0.8449
vt -0.209866 0.223942
f 1354/4145/1276 1351/4146/1278 1374/4147/1279 1373/4148/1277 

vt -0.198271 0.211559
vt -0.193376 0.252468
vt -0.209866 0.256471
vt -0.215239 0.211559
f 1351/4149/1278 1347/4150/1263 1345/4151/1261 1374/4152/1279 

vt -0.0642562 0.191848
vt -0.0597486 0.236855
vt -0.0797657 0.240905
v -0.297438 0.408157 0.886798
vt -0.084679 0.191848
vn 0.753512 7.44262e-14 0.657434
f 1374/4153/1279 1345/4154/1261 1341/4155/1257 1375/4156/1280 

vt 0.0877131 0.17675
vt 0.0911626 0.225932
vt 0.0747781 0.228242
v -0.29656 0.408157 0.885415
vt 0.0711667 0.17675
vn 0.922345 2.69479e-14 0.386367
f 1375/4157/1280 1341/4158/1257 1344/4159/1260 1376/4160/1281 

vt 0.254488 0.173886
vt 0.256007 0.225481
v -0.296812 0.402979 0.883557
vt 0.236774 0.226614
vn 0.959691 -0.257148 0.113438
v -0.29613 0.408157 0.883557
vt 0.235222 0.173886
vn 0.993545 3.92933e-14 0.113438
f 1376/4161/1281 1344/4162/1260 1377/4163/1282 1378/4164/1283 

vt 0.247941 0.0818723
vt 0.2527 0.133271
v -0.29881 0.398154 0.883557
vt 0.233576 0.135611
vn 0.860435 -0.496773 0.113438
vt 0.228713 0.0830835
f 1344/4165/1260 1343/4166/1259 1379/4167/1284 1377/4168/1282 

vt 0.233972 -0.021263
v -0.302294 0.394315 0.885415
vt 0.242698 0.0296123
vn 0.652196 -0.652196 0.386367
v -0.30199 0.394011 0.883557
vt 0.223813 0.0334265
vn 0.702542 -0.702542 0.113438
vt 0.214895 -0.0185659
f 1343/4169/1259 1380/4170/1285 1381/4171/1286 1379/4172/1284 

vt 0.0437873 0.00344175
v -0.302914 0.394936 0.886798
vt 0.0624431 0.0490787
vn 0.532813 -0.532813 0.657434
vt 0.0476026 0.056396
vt 0.0280707 0.00861586
f 1342/4173/1258 1382/4174/1287 1380/4175/1285 1343/4176/1259 

vt -0.10502 0.0865361
v -0.304006 0.396027 0.888104
vt -0.0822171 0.1256
vn 0.378248 -0.378248 0.8449
vt -0.0987409 0.137602
vt -0.123596 0.0950231
f 1346/4177/1262 1383/4178/1288 1382/4179/1287 1342/4180/1258 

vt -0.218715 0.181551
v -0.305087 0.397108 0.8888
vt -0.195148 0.215345
vn 0.292872 -0.292872 0.910193
vt -0.207815 0.226636
vt -0.233688 0.189535
f 1348/4181/1264 1384/4182/1289 1383/4183/1288 1346/4184/1262 

usemtl Yellow_Plastic_01
v -0.310768 0.398861 0.8888
vt -0.294775 0.33446
vt -0.352162 0.352162
f 1348/4106/1265 1385/4185/1265 1384/4186/1265

v -0.308545 0.400567 0.8888
vt -0.31723 0.31723
f 1348/4106/1265 1386/4187/1265 1385/4185/1265

f 1348/4106/1265 1349/4105/1265 1386/4187/1265

v -0.309535 0.404346 0.885368
vt -0.469949 0.279746
vn -0.641453 0.370343 0.671852
v -0.310747 0.402768 0.885368
vt -0.460775 0.297625
vn -0.523744 0.523744 0.671852
vt -0.500379 0.322559
vt -0.513301 0.297377
f 1387/4188/1290 1388/4189/1291 1386/4190/1291 1349/4191/1290 

vt -0.362114 0.0343581
vn -0.866025 0.5 -2.83792e-13
v -0.309535 0.404346 0.850372
vt -0.00861266 0.0343581
v -0.310747 0.402768 0.850372
vt -0.00861266 0.054454
vn -0.707107 0.707107 -2.19077e-13
vt -0.362114 0.054454
f 1387/4192/1292 1389/4193/1292 1390/4194/1293 1388/4195/1293 

v -0.308774 0.406184 0.885368
vt -0.362114 0.120144
vn -0.965926 0.258819 -3.1964e-13
v -0.308774 0.406184 0.850372
vt -0.00861266 0.120144
vt -0.00861266 0.14024
vt -0.362114 0.14024
f 1391/4196/1294 1392/4197/1294 1389/4198/1292 1387/4199/1292 

vt -0.362114 0.217153
v -0.308514 0.408157 0.885368
vt -0.362114 0.197057
vn -1 -2.07556e-13 -3.41137e-13
v -0.308514 0.408157 0.850372
vt -0.00861266 0.197057
vt -0.00861266 0.217153
f 1391/4200/1294 1393/4201/1295 1394/4202/1295 1392/4203/1294 

vt -0.481555 0.240212
vn -0.740686 -8.7871e-14 0.671852
vt -0.479792 0.260231
vn -0.715448 0.191704 0.671852
vt -0.525873 0.268407
vt -0.528355 0.240212
f 1393/4204/1296 1391/4205/1297 1350/4206/1297 1352/4207/1296 

vt -0.479142 0.257378
vt -0.473778 0.276745
vt -0.51761 0.293144
vt -0.525166 0.265867
f 1391/4208/1297 1387/4209/1290 1349/4210/1290 1350/4211/1297 

v -0.308774 0.410129 0.885368
vt -0.479792 0.218624
vn -0.715448 -0.191704 0.671852
vt -0.481555 0.238643
vt -0.528355 0.238643
vt -0.525873 0.210448
f 1395/4212/1298 1393/4213/1296 1352/4214/1296 1353/4215/1298 

vt -0.362114 0.259857
vn -0.965926 -0.258819 -3.39412e-13
v -0.308774 0.410129 0.850372
vt -0.00861266 0.259857
vt -0.00861266 0.279953
vt -0.362114 0.279953
f 1395/4216/1299 1396/4217/1299 1394/4218/1295 1393/4219/1295 

vt -0.362114 0.324359
v -0.309535 0.411967 0.885368
vt -0.362114 0.304263
vn -0.866025 -0.5 -2.99803e-13
v -0.309535 0.411967 0.850372
vt -0.00861266 0.304263
vt -0.00861266 0.324359
f 1395/4220/1299 1397/4221/1300 1398/4222/1300 1396/4223/1299 

vt -0.473778 0.184493
vn -0.641453 -0.370343 0.671852
vt -0.479142 0.20386
vt -0.525166 0.195371
vt -0.51761 0.168094
f 1397/4224/1301 1395/4225/1298 1353/4226/1298 1355/4227/1301 

v -0.310747 0.413546 0.885368
vt -0.460775 0.131391
vn -0.523744 -0.523744 0.671852
vt -0.469949 0.149271
vt -0.513301 0.13164
vt -0.500379 0.106457
f 1399/4228/1302 1397/4229/1301 1355/4230/1301 1356/4231/1302 

vt -0.362114 0.327249
vn -0.707107 -0.707107 -2.41687e-13
v -0.310747 0.413546 0.850372
vt -0.00861266 0.327249
vt -0.00861266 0.347345
vt -0.362114 0.347345
f 1399/4232/1303 1400/4233/1303 1398/4234/1300 1397/4235/1300 

v -0.312325 0.414757 0.885368
vn -0.5 -0.866025 -1.75724e-13
v -0.312325 0.414757 0.850372
f 1401/4232/1304 1402/4233/1304 1400/4234/1303 1399/4235/1303 

v -0.314163 0.415518 0.885368
vn -0.258819 -0.965926 -9.71316e-14
v -0.314163 0.415518 0.850372
f 1403/4221/1305 1404/4222/1305 1402/4223/1304 1401/4220/1304 

v -0.316135 0.415778 0.885368
vn 4.48761e-14 -1 -6.61176e-15
v -0.316135 0.415778 0.850372
f 1405/4216/1306 1406/4217/1306 1404/4218/1305 1403/4219/1305 

v -0.318108 0.415518 0.885368
vt 0.362114 -0.197057
vn 0.258819 -0.965926 8.53165e-14
v -0.318108 0.415518 0.850372
vt 0.00861266 -0.197057
vt 0.00861266 -0.217153
vt 0.362114 -0.217153
f 1407/4236/1307 1408/4237/1307 1406/4238/1306 1405/4239/1306 

v -0.319946 0.414757 0.885368
vt 0.362114 -0.120144
vn 0.5 -0.866025 1.72677e-13
v -0.319946 0.414757 0.850372
vt 0.00861266 -0.120144
vt 0.00861266 -0.14024
vt 0.362114 -0.14024
f 1409/4240/1308 1410/4241/1308 1408/4242/1307 1407/4243/1307 

v -0.321524 0.413546 0.885368
vt 0.362114 -0.0343581
vn 0.707107 -0.707107 2.38337e-13
v -0.321524 0.413546 0.850372
vt 0.00861266 -0.0343581
vt 0.00861266 -0.054454
vt 0.362114 -0.054454
f 1411/4244/1309 1412/4245/1309 1410/4246/1308 1409/4247/1308 

v -0.322735 0.411967 0.885368
vt 0.362114 0.054454
vn 0.866025 -0.5 2.85953e-13
v -0.322735 0.411967 0.850372
vt 0.00861266 0.054454
vt 0.00861266 0.0343581
vt 0.362114 0.0343581
f 1413/4248/1310 1414/4249/1310 1412/4250/1309 1411/4251/1309 

v -0.323497 0.410129 0.885368
vt 0.362114 0.14024
vn 0.965926 -0.258819 3.30335e-13
v -0.323497 0.410129 0.850372
vt 0.00861266 0.14024
vt 0.00861266 0.120144
vt 0.362114 0.120144
f 1415/4252/1311 1416/4253/1311 1414/4254/1310 1413/4255/1310 

vt 0.362114 0.197057
v -0.323756 0.408157 0.885368
vt 0.362114 0.217153
vn 1 -6.45287e-15 3.51569e-13
v -0.323756 0.408157 0.850372
vt 0.00861266 0.217153
vt 0.00861266 0.197057
f 1415/4256/1311 1417/4257/1312 1418/4258/1312 1416/4259/1311 

vt 0.158309 0.204057
vn 0.740686 -6.11899e-14 0.671852
vt 0.156547 0.184038
vn 0.715448 -0.191704 0.671852
v -0.326504 0.410935 0.8888
vt 0.202627 0.175862
v -0.326869 0.408157 0.8888
vt 0.205109 0.204057
f 1417/4260/1313 1415/4261/1314 1419/4262/1314 1420/4263/1313 

vt 0.14355 0.10576
vt 0.138186 0.0863932
vn 0.641453 -0.370343 0.671852
v -0.325431 0.413524 0.8888
vt 0.182018 0.0699939
vt 0.189574 0.097271
f 1415/4264/1314 1413/4265/1315 1421/4266/1315 1419/4267/1314 

vt 0.109151 0.00519854
vt 0.0999773 -0.0126811
vn 0.523744 -0.523744 0.671852
v -0.323725 0.415747 0.8888
vt 0.139582 -0.0376151
vt 0.152503 -0.0124324
f 1413/4268/1315 1411/4269/1316 1422/4270/1316 1421/4271/1315 

vt 0.0488527 -0.0881458
vt 0.0356501 -0.103296
vn 0.370343 -0.641453 0.671852
v -0.321502 0.417452 0.8888
vt 0.0681007 -0.137019
vt 0.086696 -0.11568
f 1411/4272/1316 1409/4273/1317 1423/4274/1317 1422/4275/1316 

vt -0.0441511 -0.156875
vt -0.0612349 -0.167457
vn 0.191704 -0.715448 0.671852
v -0.318914 0.418525 0.8888
vt -0.0401737 -0.209251
vt -0.0161121 -0.194346
f 1409/4276/1317 1407/4277/1318 1424/4278/1318 1423/4279/1317 

vt -0.166339 -0.175238
vt -0.186056 -0.17912
vn -3.00534e-13 -0.740686 0.671852
vt -0.181077 -0.225654
vt -0.153306 -0.220187
f 1407/4280/1318 1405/4281/1319 1361/4282/1319 1424/4283/1318 

vt -0.290081 -0.128175
vt -0.309799 -0.124293
vn -0.191704 -0.715448 0.671852
vt -0.322831 -0.169242
vt -0.29506 -0.17471
f 1405/4284/1319 1403/4285/1320 1359/4286/1320 1361/4287/1319 

vt -0.381476 -0.0380444
vt -0.39856 -0.0274619
vn -0.370343 -0.641453 0.671852
vt -0.426599 -0.0649327
vt -0.402537 -0.0798377
f 1403/4288/1320 1401/4289/1321 1358/4290/1321 1359/4291/1320 

vt -0.434076 0.0558013
vt -0.447278 0.0709517
vt -0.485121 0.0434174
vt -0.466526 0.0220788
f 1401/4292/1321 1399/4293/1302 1356/4294/1302 1358/4295/1321 

vt -0.212501 0.135835
f 1361/4118/1265 1362/4119/1265 1424/4296/1265

v -0.329667 0.415969 0.8888
vt -0.103883 0.161651
f 1424/4296/1265 1362/4119/1265 1425/4297/1265

usemtl Chrome_01
vt -0.233372 0.242002
vn -0.358694 0.207092 0.910193
vt -0.25694 0.208208
vn -0.292872 0.292872 0.910193
v -0.328265 0.420286 0.888104
vt -0.244273 0.196916
vn -0.378248 0.378248 0.8449
v -0.330991 0.416733 0.888104
vt -0.218399 0.234018
vn -0.463258 0.267462 0.8449
f 1425/4298/1322 1362/4299/1323 1426/4300/1324 1427/4301/1325 

vt -0.23098 0.236678
vt -0.262461 0.210099
vn -0.207092 0.358694 0.910193
v -0.324712 0.423012 0.888104
vt -0.253132 0.195925
vn -0.267462 0.463258 0.8449
vt -0.218571 0.225105
f 1362/4302/1323 1364/4303/1326 1428/4304/1327 1426/4305/1324 

vt -0.227854 0.235689
vt -0.265345 0.218602
vn -0.107199 0.400071 0.910193
v -0.320575 0.424726 0.888104
vt -0.260192 0.202435
vn -0.138449 0.516697 0.8449
vt -0.219032 0.221193
f 1364/4306/1326 1366/4307/1328 1429/4308/1329 1428/4309/1327 

vt -0.223086 0.23909
vt -0.263861 0.233183
vt -0.26344 0.21622
vn -2.97141e-13 0.534924 0.8449
vt -0.218675 0.222704
f 1366/4310/1328 1367/4311/1266 1369/4312/1330 1429/4313/1329 

vt -0.237651 0.29135
vt -0.282221 0.283637
v -0.316135 0.426854 0.886798
vt -0.280761 0.263266
vn -2.2231e-13 0.753512 0.657434
v -0.320975 0.426217 0.886798
vt -0.23218 0.271673
vn -0.195023 0.727837 0.657434
f 1429/4314/1329 1369/4315/1330 1430/4316/1331 1431/4317/1332 

vt -0.19595 0.317902
vt -0.24052 0.325615
v -0.311296 0.426217 0.886798
vt -0.24599 0.305938
vn 0.195023 0.727837 0.657434
vt -0.19741 0.297531
f 1369/4318/1330 1368/4319/1268 1432/4320/1333 1430/4321/1331 

vt -0.15035 0.333861
vt -0.190075 0.355491
v -0.306787 0.424349 0.886798
vt -0.20158 0.338617
vn 0.376756 0.65256 0.657434
vt -0.158279 0.315041
f 1368/4322/1268 1370/4323/1271 1433/4324/1334 1432/4325/1333 

vt -0.110731 0.333342
vt -0.142577 0.365464
v -0.302914 0.421378 0.886798
vt -0.158441 0.352602
vn 0.532813 0.532813 0.657434
vt -0.123729 0.31759
f 1370/4326/1271 1371/4327/1273 1434/4328/1335 1433/4329/1334 

vt -0.0822171 0.316379
vt -0.10502 0.355443
v -0.299943 0.417505 0.886798
vt -0.123596 0.346956
vn 0.65256 0.376756 0.657434
vt -0.0987409 0.304377
f 1371/4330/1273 1372/4331/1275 1435/4332/1336 1434/4333/1335 

vt -0.0655098 0.285191
vt -0.0791042 0.328332
v -0.298075 0.412996 0.886798
vt -0.0990975 0.324166
vn 0.727837 0.195023 0.657434
vt -0.0842797 0.277143
f 1372/4334/1275 1373/4335/1277 1436/4336/1337 1435/4337/1336 

vt -0.0597486 0.242542
vt -0.0642562 0.287549
vt -0.084679 0.287549
vn 0.753512 7.44297e-14 0.657434
vt -0.0797657 0.238492
f 1373/4338/1277 1374/4339/1279 1375/4340/1338 1436/4341/1337 

vt 0.0911626 0.25225
vt 0.0877131 0.301432
vt 0.0711667 0.301432
v -0.297227 0.413223 0.885415
vt 0.0747781 0.24994
vn 0.890917 0.23872 0.386367
f 1436/4342/1337 1375/4343/1338 1376/4344/1281 1437/4345/1339 

vt 0.256007 0.251736
vt 0.254488 0.303331
vt 0.235222 0.303331
vn 0.993545 3.92862e-14 0.113438
v -0.296812 0.413334 0.883557
vt 0.236774 0.250603
vn 0.959691 0.257148 0.113438
f 1437/4346/1339 1376/4347/1281 1378/4348/1340 1438/4349/1341 

vt 0.343821 0.243529
vt 0.343821 0.296281
v -0.29613 0.408157 0.855135
vt 0.0567253 0.296281
vn 1 7.33751e-14 3.08145e-13
v -0.296812 0.413334 0.855135
vt 0.0567253 0.243529
vn 0.965926 0.258819 2.82788e-13
f 1438/4350/1341 1378/4351/1340 1439/4352/1342 1440/4353/1343 

vt 0.343821 0.18073
vt 0.343821 0.233481
v -0.296812 0.402979 0.855135
vt 0.0567253 0.233481
vn 0.965926 -0.258819 3.06477e-13
vt 0.0567253 0.18073
f 1378/4354/1340 1377/4355/1282 1441/4356/1344 1439/4357/1342 

vt 0.343821 0.103816
vt 0.343821 0.156568
v -0.29881 0.398154 0.855135
vt 0.0567253 0.156568
vn 0.866025 -0.5 2.60425e-13
vt 0.0567253 0.103816
f 1377/4358/1282 1379/4359/1284 1442/4360/1345 1441/4361/1344 

vt 0.343821 0.0180302
vt 0.343821 0.0707819
v -0.30199 0.394011 0.855135
vt 0.0567253 0.0707819
vn 0.707107 -0.707107 1.93301e-13
vt 0.0567253 0.0180302
f 1379/4362/1284 1381/4363/1286 1443/4364/1346 1442/4365/1345 

v -0.306133 0.390832 0.855135
vt 0.0567253 -0.0180302
vn 0.5 -0.866025 1.20503e-13
vt 0.0567253 -0.0707819
vt 0.343821 -0.0707819
v -0.306133 0.390832 0.883557
vt 0.343821 -0.0180302
vn 0.496773 -0.860435 0.113438
f 1444/4366/1347 1443/4367/1346 1381/4368/1286 1445/4369/1348 

v -0.299295 0.391316 0.855135
vt -0.410667 0.410667
vn -3.39236e-13 -2.50485e-15 1
vt -0.383451 0.383451
vt -0.3416 0.415564
f 1446/4370/1349 1443/4371/1349 1444/4372/1349

v -0.29551 0.396249 0.855135
vt -0.448897 0.360845
f 1447/4373/1349 1443/4371/1349 1446/4370/1349

vt -0.415564 0.3416
f 1447/4373/1349 1442/4374/1349 1443/4371/1349

v -0.293131 0.401993 0.855135
vt -0.47293 0.302826
f 1448/4375/1349 1442/4374/1349 1447/4373/1349

vt -0.435751 0.292864
f 1448/4375/1349 1441/4376/1349 1442/4374/1349

v -0.29232 0.408157 0.855135
vt -0.481127 0.240563
f 1449/4377/1349 1441/4376/1349 1448/4375/1349

vt -0.442636 0.240563
f 1449/4377/1349 1439/4378/1349 1441/4376/1349

vt -0.435751 0.188263
f 1449/4377/1349 1440/4379/1349 1439/4378/1349

v -0.293131 0.414321 0.855135
vt -0.47293 0.178301
f 1450/4380/1349 1440/4379/1349 1449/4377/1349

v -0.29881 0.418159 0.855135
vt -0.415564 0.139527
f 1450/4380/1349 1451/4381/1349 1440/4379/1349

v -0.29551 0.420065 0.855135
vt -0.448897 0.120282
f 1452/4382/1349 1451/4381/1349 1450/4380/1349

v -0.30199 0.422302 0.855135
vt -0.383451 0.097676
f 1452/4382/1349 1453/4383/1349 1451/4381/1349

v -0.299295 0.424997 0.855135
vt -0.410667 0.0704593
f 1454/4384/1349 1453/4383/1349 1452/4382/1349

v -0.306133 0.425482 0.855135
vt -0.3416 0.0655628
f 1454/4384/1349 1455/4385/1349 1453/4383/1349

v -0.310958 0.42748 0.855135
vt -0.292864 0.0453756
f 1454/4384/1349 1456/4386/1349 1455/4385/1349

v -0.304228 0.428782 0.855135
vt -0.360845 0.0322294
f 1457/4387/1349 1456/4386/1349 1454/4384/1349

v -0.316135 0.428162 0.855135
vt -0.240563 0.0384901
f 1456/4386/1349 1457/4387/1349 1458/4388/1349

v -0.328043 0.428782 0.855135
vt -0.120282 0.0322294
f 1457/4387/1349 1459/4389/1349 1458/4388/1349

v -0.309971 0.431161 0.855135
vt -0.302826 0.00819699
f 1460/4390/1349 1459/4389/1349 1457/4387/1349

v -0.322299 0.431161 0.855135
vt -0.178301 0.00819699
f 1460/4390/1349 1461/4391/1349 1459/4389/1349

v -0.316135 0.431972 0.855135
vt -0.240563 -2.523e-16
f 1461/4391/1349 1460/4390/1349 1462/4392/1349

vt 0.0567253 0.238505
vn 2.80651e-14 1 -1.94289e-15
vt 0.0567253 0.301305
vn 0.258819 0.965926 7.12046e-14
v -0.309971 0.431161 0.849519
vt -7.2137e-15 0.301305
v -0.316135 0.431972 0.849519
vt -1.22386e-14 0.238505
f 1462/4393/1350 1460/4394/1351 1463/4395/1351 1464/4396/1350 

vt 0.0567253 0.282911
vt 0.0567253 0.345711
vn 0.5 0.866025 1.23577e-13
v -0.304228 0.428782 0.849519
vt 2.32941e-14 0.345711
vt 3.07227e-14 0.282911
f 1460/4397/1351 1457/4398/1352 1465/4399/1352 1463/4400/1351 

vt 0.0567253 0.305897
vt 0.0567253 0.368697
vn 0.707107 0.707107 2.25891e-13
v -0.299295 0.424997 0.849519
vt 2.85656e-14 0.368697
vt 2.32841e-14 0.305897
f 1457/4401/1352 1454/4402/1353 1466/4403/1353 1465/4404/1352 

vn 0.866025 0.5 3.24466e-13
v -0.29551 0.420065 0.849519
vt -1.59202e-14 0.368697
vt -2.28704e-14 0.305897
f 1454/4401/1353 1452/4402/1354 1467/4405/1354 1466/4406/1353 

vn 0.965926 0.258819 2.99843e-13
v -0.293131 0.414321 0.849519
vt -2.49528e-14 0.345711
vt -1.59218e-14 0.282911
f 1452/4397/1354 1450/4398/1355 1468/4407/1355 1467/4408/1354 

vn 1 4.49741e-14 3.13149e-13
v -0.29232 0.408157 0.849519
vt 5.00003e-14 0.301305
vt 3.42902e-14 0.238505
f 1450/4393/1355 1449/4394/1356 1469/4409/1356 1468/4410/1355 

vt 0.0567253 0.175706
vn 0.965926 -0.258819 3.63475e-13
v -0.293131 0.401993 0.849519
vt -1.42937e-14 0.238505
vt -1.02686e-14 0.175706
f 1449/4411/1356 1448/4393/1357 1470/4412/1357 1469/4413/1356 

vt 0.0567253 0.0987921
vt 0.0567253 0.161592
vn 0.866025 -0.5 2.76303e-13
v -0.29551 0.396249 0.849519
vt -8.81012e-15 0.161592
vt -1.42881e-14 0.0987921
f 1448/4414/1357 1447/4415/1358 1471/4416/1358 1470/4417/1357 

vt 0.0567253 0.0130062
vt 0.0567253 0.0758058
vn 0.707107 -0.707107 1.78534e-13
v -0.299295 0.391316 0.849519
vt 5.6974e-14 0.0758058
vt 4.7395e-14 0.0130062
f 1447/4418/1358 1446/4419/1359 1472/4420/1359 1471/4421/1358 

vt 0.0567253 -0.0758058
v -0.304228 0.387532 0.855135
vt 0.0567253 -0.0130062
vn 0.5 -0.866025 1.51118e-13
v -0.304228 0.387532 0.849519
vt 3.39473e-14 -0.0130062
vt 5.69932e-14 -0.0758058
f 1446/4422/1359 1473/4423/1360 1474/4424/1360 1472/4425/1359 

vt -0.360845 0.448897
f 1446/4370/1349 1444/4372/1349 1473/4426/1349

v -0.310958 0.388833 0.855135
vt -0.292864 0.435751
f 1473/4426/1349 1444/4372/1349 1475/4427/1349

vt 0.0567253 -0.103816
vn 0.258819 -0.965926 3.97906e-14
vt 0.0567253 -0.156568
vt 0.343821 -0.156568
v -0.310958 0.388833 0.883557
vt 0.343821 -0.103816
vn 0.257148 -0.959691 0.113438
f 1475/4428/1361 1444/4429/1347 1445/4430/1348 1476/4431/1362 

v -0.306348 0.391204 0.885415
vt 0.136537 -0.25095
vn 0.461173 -0.798774 0.386367
v -0.311069 0.389248 0.885415
vt 0.161051 -0.205525
vn 0.23872 -0.890917 0.386367
vt 0.144373 -0.19588
vt 0.11932 -0.242303
f 1477/4432/1363 1478/4433/1364 1476/4434/1362 1445/4435/1348 

v -0.306787 0.391964 0.886798
vt -0.0906457 -0.135682
vn 0.376756 -0.65256 0.657434
v -0.311296 0.390096 0.886798
vt -0.0517234 -0.105419
vn 0.195023 -0.727837 0.657434
vt -0.060941 -0.0916777
vt -0.101691 -0.123362
f 1479/4436/1365 1480/4437/1366 1478/4438/1364 1477/4439/1363 

v -0.307559 0.393301 0.888104
vt -0.190075 0.0295417
vn 0.267462 -0.463258 0.8449
v -0.311696 0.391587 0.888104
vt -0.15035 0.0511713
vn 0.138449 -0.516697 0.8449
vt -0.158279 0.0699917
vt -0.20158 0.0464156
f 1481/4440/1367 1482/4441/1368 1480/4442/1366 1479/4443/1365 

v -0.308323 0.394625 0.8888
vt -0.246018 0.176197
vn 0.207092 -0.358694 0.910193
v -0.312091 0.393064 0.8888
vt -0.208528 0.193284
vn 0.107199 -0.400071 0.910193
vt -0.213681 0.209451
vt -0.25484 0.190692
f 1483/4444/1369 1484/4445/1370 1482/4446/1368 1481/4447/1367 

usemtl Yellow_Plastic_01
vt -0.319475 0.377243
v -0.320179 0.393064 0.8888
vt -0.199715 0.39301
vt -0.281411 0.39301
f 1483/4448/1265 1485/4449/1265 1484/4450/1265

v -0.323948 0.394625 0.8888
vt -0.161651 0.377243
f 1483/4448/1265 1486/4451/1265 1485/4449/1265

f 1384/4186/1265 1486/4451/1265 1483/4448/1265

v -0.327184 0.397108 0.8888
vt -0.128965 0.352162
f 1384/4186/1265 1487/4452/1265 1486/4451/1265

v -0.316135 0.397423 0.8888
vt -0.240563 0.348986
f 1384/4186/1265 1488/4453/1265 1487/4452/1265

v -0.313357 0.397789 0.8888
vt -0.268625 0.345292
f 1384/4186/1265 1489/4454/1265 1488/4453/1265

f 1384/4186/1265 1385/4185/1265 1489/4454/1265

v -0.312325 0.401557 0.885368
vt -0.39856 0.377098
vn -0.370343 0.641453 0.671852
v -0.314163 0.400795 0.885368
vt -0.381476 0.387681
vn -0.191704 0.715448 0.671852
vt -0.402537 0.429474
vt -0.426599 0.414569
f 1490/4455/1371 1491/4456/1372 1489/4457/1372 1385/4458/1371 

vt -0.362114 -0.120144
vn -0.258819 0.965926 -7.78899e-14
vt -0.362114 -0.14024
vn -0.5 0.866025 -1.44988e-13
v -0.312325 0.401557 0.850372
vt -0.00861266 -0.14024
v -0.314163 0.400795 0.850372
vt -0.00861266 -0.120144
f 1491/4459/1373 1490/4460/1374 1492/4461/1374 1493/4462/1373 

vt -0.362114 -0.0343581
vt -0.362114 -0.054454
vt -0.00861266 -0.054454
vt -0.00861266 -0.0343581
f 1490/4463/1374 1388/4464/1293 1390/4465/1293 1492/4466/1374 

vt -0.447278 0.317547
vt -0.434076 0.332698
vt -0.466526 0.36642
vt -0.485121 0.345082
f 1388/4467/1291 1490/4468/1371 1385/4469/1371 1386/4470/1291 

usemtl Black_Flat_001
vt -0.279053 0.173896
vn -3.51817e-13 1.94289e-15 1
vt -0.260487 0.166206
vt -0.240563 0.163583
vt -0.220639 0.166206
vt -0.202073 0.173896
vt -0.18613 0.18613
vt -0.173896 0.202073
vt -0.166206 0.220639
vt -0.163583 0.240563
v -0.323497 0.406184 0.850372
vt -0.166206 0.260487
v -0.322735 0.404346 0.850372
vt -0.173896 0.279053
v -0.321524 0.402768 0.850372
vt -0.18613 0.294997
v -0.319946 0.401557 0.850372
vt -0.202073 0.30723
v -0.318108 0.400795 0.850372
vt -0.220639 0.31492
v -0.316135 0.400536 0.850372
vt -0.240563 0.317543
vt -0.260487 0.31492
vt -0.279053 0.30723
vt -0.294997 0.294997
vt -0.30723 0.279053
vt -0.31492 0.260487
vt -0.317543 0.240563
vt -0.31492 0.220639
vt -0.30723 0.202073
vt -0.294997 0.18613
f 1402/4471/1375 1404/4472/1375 1406/4473/1375 1408/4474/1375 1410/4475/1375 1412/4476/1375 1414/4477/1375 1416/4478/1375 1418/4479/1375 1494/4480/1375 1495/4481/1375 1496/4482/1375 1497/4483/1375 1498/4484/1375 1499/4485/1375 1493/4486/1375 1492/4487/1375 1390/4488/1375 1389/4489/1375 1392/4490/1375 1394/4491/1375 1396/4492/1375 1398/4493/1375 1400/4494/1375 

usemtl Yellow_Plastic_01
v -0.323497 0.406184 0.885368
vt 0.362114 0.279953
vn 0.965926 0.258819 3.3287e-13
vt 0.00861266 0.279953
vt 0.00861266 0.259857
vt 0.362114 0.259857
f 1500/4495/1376 1494/4496/1376 1418/4497/1312 1417/4498/1312 

v -0.322735 0.404346 0.885368
vt 0.362114 0.324359
vn 0.866025 0.5 2.90141e-13
vt 0.00861266 0.324359
vt 0.00861266 0.304263
vt 0.362114 0.304263
f 1501/4499/1377 1495/4500/1377 1494/4501/1376 1500/4502/1376 

v -0.321524 0.402768 0.885368
vt 0.362114 0.347345
vn 0.707107 0.707107 2.36884e-13
vt 0.00861266 0.347345
vt 0.00861266 0.327249
vt 0.362114 0.327249
f 1502/4503/1378 1496/4504/1378 1495/4505/1377 1501/4506/1377 

v -0.319946 0.401557 0.885368
vn 0.5 0.866025 1.71516e-13
f 1502/4506/1378 1503/4503/1379 1497/4504/1379 1496/4505/1378 

vt 0.0356501 0.491795
vn 0.370343 0.641453 0.671852
vt 0.0488527 0.476645
vn 0.523744 0.523744 0.671852
v -0.323725 0.400567 0.8888
vt 0.086696 0.504179
v -0.321502 0.398861 0.8888
vt 0.0681007 0.525518
f 1503/4507/1380 1502/4508/1381 1504/4509/1381 1505/4510/1380 

vt 0.0999773 0.441697
vt 0.109151 0.423818
vn 0.641453 0.370343 0.671852
v -0.325431 0.40279 0.8888
vt 0.152503 0.441449
vt 0.139582 0.466631
f 1502/4511/1381 1501/4512/1382 1506/4513/1382 1504/4514/1381 

vt 0.138186 0.374845
vt 0.14355 0.355478
vn 0.715448 0.191704 0.671852
v -0.326504 0.405379 0.8888
vt 0.189574 0.363967
vt 0.182018 0.391244
f 1501/4515/1382 1500/4516/1383 1507/4517/1383 1506/4518/1382 

vt 0.156547 0.294817
vt 0.158309 0.274799
vt 0.205109 0.274799
vt 0.202627 0.302994
f 1500/4519/1383 1417/4520/1313 1420/4521/1313 1507/4522/1383 

vt -0.13214 0.240563
v -0.33176 0.408157 0.8888
vt -0.0827388 0.240563
vt -0.135835 0.268625
f 1420/4523/1265 1508/4524/1265 1507/4525/1265

vt -0.135835 0.212501
f 1419/4526/1265 1508/4524/1265 1420/4523/1265

v -0.331228 0.412201 0.8888
vt -0.0881166 0.199715
f 1419/4526/1265 1509/4527/1265 1508/4524/1265

vt -0.146666 0.186352
f 1421/4528/1265 1509/4527/1265 1419/4526/1265

vt -0.163897 0.163897
f 1422/4529/1265 1509/4527/1265 1421/4528/1265

f 1422/4529/1265 1425/4297/1265 1509/4527/1265

vt -0.186352 0.146666
f 1423/4530/1265 1425/4297/1265 1422/4529/1265

f 1424/4296/1265 1425/4297/1265 1423/4530/1265

usemtl Chrome_01
vt -0.236023 0.249975
vn -0.400071 0.107199 0.910193
vt -0.250539 0.211417
vt -0.235481 0.203594
v -0.332705 0.412596 0.888104
vt -0.219545 0.245926
vn -0.516697 0.138449 0.8449
f 1509/4531/1384 1425/4532/1322 1427/4533/1325 1510/4534/1385 

vt -0.298755 0.254357
vt -0.31235 0.211216
v -0.332328 0.417505 0.886798
vt -0.29358 0.203168
vn -0.65256 0.376756 0.657434
v -0.334196 0.412996 0.886798
vt -0.278762 0.250191
vn -0.727837 0.195023 0.657434
f 1510/4535/1385 1427/4536/1325 1511/4537/1386 1512/4538/1387 

vt -0.293418 0.248888
vt -0.316221 0.209824
v -0.329356 0.421378 0.886798
vt -0.299698 0.197822
vn -0.532813 0.532813 0.657434
vt -0.274842 0.240401
f 1427/4539/1325 1426/4540/1324 1513/4541/1388 1511/4542/1386 

vt -0.284397 0.251277
vt -0.316243 0.219156
v -0.325484 0.424349 0.886798
vt -0.303245 0.203403
vn -0.376756 0.65256 0.657434
vt -0.268533 0.238415
f 1426/4543/1324 1428/4544/1327 1514/4545/1389 1513/4546/1388 

vt -0.267292 0.265951
vt -0.307018 0.244321
vt -0.299088 0.2255
vt -0.255787 0.249077
f 1428/4547/1327 1429/4548/1329 1431/4549/1332 1514/4550/1389 

vt -0.320476 0.240237
vt -0.359398 0.209975
v -0.321202 0.427065 0.885415
vt -0.350181 0.196234
vn -0.23872 0.890917 0.386367
v -0.325923 0.425109 0.885415
vt -0.309431 0.227917
vn -0.461173 0.798774 0.386367
f 1514/4551/1389 1431/4552/1332 1515/4553/1390 1516/4554/1391 

vt -0.264142 0.308346
vt -0.312005 0.296518
v -0.316135 0.427732 0.885415
vt -0.309169 0.280217
vn -1.48562e-13 0.922345 0.386367
vt -0.259058 0.2926
f 1431/4555/1332 1430/4556/1331 1517/4557/1392 1515/4558/1390 

vt -0.159101 0.378477
vt -0.206964 0.390305
v -0.311069 0.427065 0.885415
vt -0.212048 0.374559
vn 0.23872 0.890917 0.386367
vt -0.161937 0.362176
f 1430/4559/1331 1432/4560/1333 1518/4561/1393 1517/4562/1392 

vt -0.0517234 0.40538
vt -0.0906457 0.435642
v -0.306348 0.425109 0.885415
vt -0.101691 0.423322
vn 0.461173 0.798774 0.386367
vt -0.060941 0.391638
f 1432/4563/1333 1433/4564/1334 1519/4565/1394 1518/4566/1393 

vt 0.020958 0.395161
vt -0.00715968 0.43566
v -0.302294 0.421999 0.885415
vt -0.0213784 0.427198
vn 0.652196 0.652196 0.386367
vt 0.00805975 0.384797
f 1433/4567/1334 1434/4568/1335 1520/4569/1395 1519/4570/1394 

vt 0.0624431 0.363286
vt 0.0437873 0.408923
v -0.299183 0.417944 0.885415
vt 0.0280707 0.403749
vn 0.798774 0.461173 0.386367
vt 0.0476026 0.355968
f 1434/4571/1335 1435/4572/1336 1521/4573/1396 1520/4574/1395 

vt 0.083632 0.315083
vt 0.073008 0.363228
vt 0.0566404 0.360801
vt 0.0677633 0.310396
f 1435/4575/1336 1436/4576/1337 1437/4577/1339 1521/4578/1396 

vt 0.2527 0.313134
vt 0.247941 0.364532
vt 0.228713 0.363321
v -0.29881 0.418159 0.883557
vt 0.233576 0.310794
vn 0.860435 0.496773 0.113438
f 1521/4579/1396 1437/4580/1339 1438/4581/1341 1522/4582/1397 

vt 0.343821 0.287935
vt 0.343821 0.340687
vt 0.0567253 0.340687
vt 0.0567253 0.287935
vn 0.866025 0.5 2.54955e-13
f 1522/4583/1397 1438/4584/1341 1440/4585/1343 1451/4586/1398 

v -0.30199 0.422302 0.883557
vt 0.343821 0.310921
vn 0.702542 0.702542 0.113438
vt 0.343821 0.363673
vt 0.0567253 0.363673
vt 0.0567253 0.310921
vn 0.707107 0.707107 2.1623e-13
f 1523/4587/1399 1522/4588/1397 1451/4589/1398 1453/4590/1400 

vt 0.242698 0.357665
vt 0.233972 0.40854
vt 0.214895 0.405843
vt 0.223813 0.353851
f 1520/4591/1395 1521/4592/1396 1522/4593/1397 1523/4594/1399 

vt 0.219651 0.388423
vt 0.205214 0.437982
vt 0.186566 0.433139
v -0.306133 0.425482 0.883557
vt 0.20132 0.382493
vn 0.496773 0.860435 0.113438
f 1519/4595/1394 1520/4596/1395 1523/4597/1399 1524/4598/1401 

vn 0.5 0.866025 1.47245e-13
f 1524/4587/1401 1523/4588/1399 1453/4589/1400 1455/4590/1402 

v -0.310958 0.42748 0.883557
vn 0.257148 0.959691 0.113438
vn 0.258819 0.965926 5.48241e-14
f 1525/4583/1403 1524/4584/1401 1455/4585/1402 1456/4586/1404 

vt 0.161051 0.414744
vt 0.136537 0.460169
vt 0.11932 0.451522
vt 0.144373 0.405099
f 1518/4599/1393 1519/4600/1394 1524/4601/1401 1525/4602/1403 

vt -0.0297182 0.430532
vt -0.0741956 0.456728
vt -0.0844572 0.440421
v -0.316135 0.428162 0.883557
vt -0.0390031 0.41365
vn -6.1025e-14 0.993545 0.113438
f 1517/4603/1392 1518/4604/1393 1525/4605/1403 1526/4606/1405 

vn -1.66711e-14 1 -3.5974e-14
f 1526/4350/1405 1525/4351/1403 1456/4352/1404 1458/4353/1406 

v -0.321313 0.42748 0.883557
vt -0.343821 -0.18073
vn -0.257148 0.959691 0.113438
vt -0.343821 -0.233481
vn -6.1032e-14 0.993545 0.113438
vt -0.0567253 -0.233481
v -0.321313 0.42748 0.855135
vt -0.0567253 -0.18073
vn -0.258819 0.965926 -1.23331e-13
f 1527/4607/1407 1526/4608/1408 1458/4609/1406 1528/4610/1409 

vt -0.343949 0.226747
vt -0.388427 0.200552
vt -0.379142 0.18367
vt -0.333688 0.210441
f 1515/4611/1390 1517/4612/1392 1526/4613/1408 1527/4614/1407 

vt -0.383857 0.0885383
vt -0.408371 0.0431126
vt -0.391693 0.0334679
v -0.326138 0.425482 0.883557
vt -0.36664 0.0798911
vn -0.496773 0.860435 0.113438
f 1516/4615/1391 1515/4616/1390 1527/4617/1407 1529/4618/1410 

vt -0.343821 -0.103816
vt -0.343821 -0.156568
vt -0.0567253 -0.156568
v -0.326138 0.425482 0.855135
vt -0.0567253 -0.103816
vn -0.5 0.866025 -2.13859e-13
f 1529/4619/1410 1527/4620/1407 1528/4621/1409 1530/4622/1411 

vt -0.188263 0.0453756
v -0.332976 0.424997 0.855135
vt -0.0704593 0.0704593
vt -0.139527 0.0655628
f 1528/4623/1349 1531/4624/1349 1530/4625/1349

f 1528/4623/1349 1459/4389/1349 1531/4624/1349

f 1458/4388/1349 1459/4389/1349 1528/4623/1349

vt -0.0567253 -0.0130062
vn -0.707107 0.707107 -2.16977e-13
vt -0.0567253 -0.0758058
vn -0.5 0.866025 -1.89563e-13
v -0.328043 0.428782 0.849519
vt 2.56116e-15 -0.0758058
v -0.332976 0.424997 0.849519
vt 1.60487e-15 -0.0130062
f 1531/4626/1412 1459/4627/1413 1532/4628/1413 1533/4629/1412 

vt -0.0567253 -0.0987921
vt -0.0567253 -0.161592
vn -0.258819 0.965926 -9.91403e-14
v -0.322299 0.431161 0.849519
vt 6.61014e-15 -0.161592
vt 2.56981e-15 -0.0987921
f 1459/4630/1413 1461/4631/1414 1534/4632/1414 1532/4633/1413 

vt -0.0567253 -0.175706
vt -0.0567253 -0.238505
vt 1.22386e-14 -0.238505
vt 6.60537e-15 -0.175706
f 1461/4634/1414 1462/4635/1350 1464/4636/1350 1534/4637/1414 

v -0.33676 0.420065 0.855135
vt -0.0567253 0.0758058
vn -0.866025 0.5 -2.17942e-13
vt -0.0567253 0.0130062
vt -7.21437e-15 0.0130062
v -0.33676 0.420065 0.849519
vt -2.5826e-15 0.0758058
f 1535/4638/1415 1531/4639/1412 1533/4640/1412 1536/4641/1415 

v -0.330281 0.422302 0.855135
vt -0.097676 0.097676
vt -0.0322294 0.120282
f 1537/4642/1349 1531/4624/1349 1535/4643/1349

f 1530/4625/1349 1531/4624/1349 1537/4642/1349

v -0.330281 0.422302 0.883557
vt -0.343821 -0.0180302
vn -0.702542 0.702542 0.113438
vt -0.343821 -0.0707819
vt -0.0567253 -0.0707819
vt -0.0567253 -0.0180302
vn -0.707107 0.707107 -2.80806e-13
f 1538/4644/1416 1529/4645/1410 1530/4646/1411 1537/4647/1417 

v -0.329977 0.421999 0.885415
vt -0.37483 0.089823
vn -0.652196 0.652196 0.386367
vt -0.389267 0.0402648
vt -0.370935 0.0343344
vt -0.356181 0.0849808
f 1539/4648/1418 1516/4649/1391 1529/4650/1410 1538/4651/1416 

vt -0.3387 0.211104
vt -0.366818 0.170605
vt -0.35392 0.160241
vt -0.324482 0.202642
f 1513/4652/1388 1514/4653/1389 1516/4654/1391 1539/4655/1418 

vt -0.342844 0.214755
vt -0.3615 0.169118
vt -0.346659 0.1618
v -0.333088 0.417944 0.885415
vt -0.327127 0.209581
vn -0.798774 0.461173 0.386367
f 1511/4656/1386 1513/4657/1388 1539/4658/1418 1540/4659/1419 

vt -0.367581 0.134289
vt -0.376308 0.0834138
vt -0.357423 0.0795996
v -0.33346 0.418159 0.883557
vt -0.348505 0.131592
vn -0.860435 0.496773 0.113438
f 1540/4660/1419 1539/4661/1418 1538/4662/1416 1541/4663/1420 

vt -0.343821 0.0707819
vt -0.343821 0.0180302
vt -0.0567253 0.0180302
v -0.33346 0.418159 0.855135
vt -0.0567253 0.0707819
vn -0.866025 0.5 -3.11648e-13
f 1541/4664/1420 1538/4665/1416 1537/4666/1417 1542/4667/1421 

vt -0.0655628 0.139527
f 1537/4642/1349 1535/4643/1349 1542/4668/1349

v -0.33914 0.414321 0.855135
vt -0.00819699 0.178301
f 1542/4668/1349 1535/4643/1349 1543/4669/1349

vt -0.0567253 0.161592
vn -0.965926 0.258819 -2.42484e-13
vt -0.0567253 0.0987921
vt -2.58431e-15 0.0987921
v -0.33914 0.414321 0.849519
vt -8.6047e-15 0.161592
f 1543/4670/1422 1535/4671/1415 1536/4672/1415 1544/4673/1422 

v -0.339951 0.408157 0.855135
vt -0.0567253 0.238505
vn -1 -6.71882e-14 -3.13155e-13
vt -0.0567253 0.175706
vt -8.60461e-15 0.175706
v -0.339951 0.408157 0.849519
vt 3.56013e-27 0.238505
f 1545/4674/1423 1543/4675/1422 1544/4676/1422 1546/4677/1423 

v -0.335459 0.413334 0.855135
vt -0.0453756 0.188263
vt -1.92433e-14 0.240563
f 1547/4678/1349 1543/4669/1349 1545/4679/1349

f 1542/4668/1349 1543/4669/1349 1547/4678/1349

v -0.335459 0.413334 0.883557
vt -0.343821 0.156568
vn -0.959691 0.257148 0.113438
vt -0.343821 0.103816
vt -0.0567253 0.103816
vt -0.0567253 0.156568
vn -0.965926 0.258819 -3.45553e-13
f 1548/4680/1424 1541/4681/1420 1542/4682/1421 1547/4683/1425 

v -0.335044 0.413223 0.885415
vt -0.363854 0.190358
vn -0.890917 0.23872 0.386367
vt -0.368613 0.138959
vt -0.349489 0.136619
vt -0.344626 0.189146
f 1549/4684/1426 1540/4685/1419 1541/4686/1420 1548/4687/1424 

vt -0.343925 0.234462
vt -0.354549 0.186317
vt -0.33868 0.18163
vt -0.327557 0.232036
f 1512/4688/1387 1511/4689/1386 1540/4690/1419 1549/4691/1426 

v -0.334833 0.408157 0.886798
vt -0.345607 0.256566
vn -0.753512 -5.56519e-14 0.657434
vt -0.349057 0.207384
vt -0.332672 0.205074
v -0.335711 0.408157 0.885415
vt -0.329061 0.256566
vn -0.922345 -2.36564e-14 0.386367
f 1550/4692/1427 1512/4693/1387 1549/4694/1426 1551/4695/1428 

v -0.333289 0.408157 0.888104
vt -0.303083 0.261226
vn -0.534924 -4.19318e-14 0.8449
vt -0.307591 0.216219
vt -0.287574 0.212169
vt -0.28266 0.261226
f 1552/4696/1429 1510/4697/1385 1512/4698/1387 1550/4699/1427 

vt -0.239647 0.258004
vn -0.414184 -2.01181e-14 0.910193
vt -0.244542 0.217095
vt -0.228052 0.213092
vt -0.222679 0.258004
vn -0.534924 -4.19335e-14 0.8449
f 1508/4700/1430 1509/4701/1384 1510/4702/1385 1552/4703/1431 

v -0.331228 0.404113 0.8888
vt -0.244542 0.263318
vn -0.400071 -0.107199 0.910193
vt -0.239647 0.222409
vt -0.222679 0.222409
v -0.332705 0.403717 0.888104
vt -0.228052 0.267321
vn -0.516697 -0.138449 0.8449
f 1553/4704/1432 1508/4705/1430 1552/4706/1431 1554/4707/1433 

usemtl Yellow_Plastic_01
vt -0.0881166 0.281411
f 1507/4525/1265 1508/4524/1265 1553/4708/1265

vt -0.146666 0.294775
f 1507/4525/1265 1553/4708/1265 1506/4709/1265

v -0.329667 0.400344 0.8888
vt -0.103883 0.319475
f 1506/4709/1265 1553/4708/1265 1555/4710/1265

usemtl Chrome_01
vt -0.250539 0.26354
vn -0.358694 -0.207092 0.910193
vt -0.236023 0.224982
vt -0.219545 0.229031
v -0.330991 0.39958 0.888104
vt -0.235481 0.271363
vn -0.463258 -0.267462 0.8449
f 1555/4711/1434 1553/4712/1432 1554/4713/1433 1556/4714/1435 

vt -0.31235 0.254833
vt -0.298755 0.211692
v -0.334196 0.403317 0.886798
vt -0.278762 0.215858
vn -0.727837 -0.195023 0.657434
v -0.332328 0.398808 0.886798
vt -0.29358 0.262882
vn -0.65256 -0.376756 0.657434
f 1556/4715/1435 1554/4716/1433 1557/4717/1436 1558/4718/1437 

vt -0.307591 0.263178
vt -0.303083 0.218171
vn -0.534924 -4.19353e-14 0.8449
vt -0.28266 0.218171
vt -0.287574 0.267228
f 1554/4719/1433 1552/4720/1438 1550/4721/1427 1557/4722/1436 

vt -0.349057 0.270798
vt -0.345607 0.221616
vt -0.329061 0.221616
vn -0.922345 -2.36599e-14 0.386367
v -0.335044 0.40309 0.885415
vt -0.332672 0.273108
vn -0.890917 -0.23872 0.386367
f 1557/4723/1436 1550/4724/1427 1551/4725/1439 1559/4726/1440 

vt -0.364435 0.285117
vt -0.362917 0.233521
v -0.336141 0.408157 0.883557
vt -0.343651 0.233521
vn -0.993545 -9.13476e-16 0.113438
v -0.335459 0.402979 0.883557
vt -0.345202 0.28625
vn -0.959691 -0.257148 0.113438
f 1559/4727/1440 1551/4728/1439 1560/4729/1441 1561/4730/1442 

vt -0.362917 0.243695
vn -0.922345 -2.36528e-14 0.386367
vt -0.364435 0.1921
vt -0.345202 0.190967
vt -0.343651 0.243695
vn -0.993545 -9.20518e-16 0.113438
f 1551/4731/1443 1549/4732/1426 1548/4733/1424 1560/4734/1444 

vt -0.343821 0.233481
vt -0.343821 0.18073
vt -0.0567253 0.18073
v -0.336141 0.408157 0.855135
vt -0.0567253 0.233481
vn -1 -2.22561e-15 -3.71649e-13
f 1560/4735/1444 1548/4736/1424 1547/4737/1425 1562/4738/1445 

vt -0.0384901 0.240563
f 1547/4678/1349 1545/4679/1349 1562/4739/1349

v -0.33914 0.401993 0.855135
vt -0.00819699 0.302826
f 1562/4739/1349 1545/4679/1349 1563/4740/1349

vt -0.0567253 0.301305
vn -0.965926 -0.258819 -3.62473e-13
vt 5.34186e-27 0.238505
v -0.33914 0.401993 0.849519
vt 3.08034e-15 0.301305
f 1563/4741/1446 1545/4674/1423 1546/4742/1423 1564/4743/1446 

v -0.33676 0.396249 0.855135
vt -0.0567253 0.345711
vn -0.866025 -0.5 -2.74346e-13
vt -0.0567253 0.282911
vt 3.08019e-15 0.282911
v -0.33676 0.396249 0.849519
vt -5.65273e-15 0.345711
f 1565/4744/1447 1563/4745/1446 1564/4746/1446 1566/4747/1447 

v -0.33346 0.398154 0.855135
vt -0.0655628 0.3416
vt -0.0322294 0.360845
f 1567/4748/1349 1563/4740/1349 1565/4749/1349

v -0.335459 0.402979 0.855135
vt -0.0453756 0.292864
f 1568/4750/1349 1563/4740/1349 1567/4748/1349

f 1562/4739/1349 1563/4740/1349 1568/4750/1349

vt -0.343821 0.296281
vt -0.343821 0.243529
vt -0.0567253 0.243529
vt -0.0567253 0.296281
vn -0.965926 -0.258819 -3.52554e-13
f 1561/4751/1442 1560/4752/1441 1562/4753/1445 1568/4754/1448 

v -0.33346 0.398154 0.883557
vt -0.343821 0.340687
vn -0.860435 -0.496773 0.113438
vt -0.343821 0.287935
vt -0.0567253 0.287935
vt -0.0567253 0.340687
vn -0.866025 -0.5 -3.11473e-13
f 1569/4755/1449 1561/4756/1442 1568/4757/1448 1567/4758/1450 

v -0.333088 0.398369 0.885415
vt -0.368613 0.307445
vn -0.798774 -0.461173 0.386367
vt -0.363854 0.256047
vt -0.344626 0.257258
vt -0.349489 0.309785
f 1570/4759/1451 1559/4760/1440 1561/4761/1442 1569/4762/1449 

vt -0.354549 0.268879
vt -0.343925 0.220735
vt -0.327557 0.223161
vt -0.33868 0.273567
f 1558/4763/1437 1557/4764/1436 1559/4765/1440 1570/4766/1451 

v -0.329356 0.394936 0.886798
vt -0.3615 0.243247
vn -0.532813 -0.532813 0.657434
vt -0.342844 0.19761
vt -0.327127 0.202784
v -0.329977 0.394315 0.885415
vt -0.346659 0.250564
vn -0.652196 -0.652196 0.386367
f 1571/4767/1452 1558/4768/1437 1570/4769/1451 1572/4770/1453 

v -0.328265 0.396027 0.888104
vt -0.316221 0.232155
vn -0.378248 -0.378248 0.8449
vt -0.293418 0.193091
vt -0.274842 0.201578
vt -0.299698 0.244157
f 1573/4771/1454 1556/4772/1435 1558/4773/1437 1571/4774/1452 

vt -0.25694 0.257148
vn -0.292872 -0.292872 0.910193
vt -0.233372 0.223354
vt -0.218399 0.231338
vt -0.244273 0.268439
f 1487/4775/1455 1555/4776/1434 1556/4777/1435 1573/4778/1454 

usemtl Yellow_Plastic_01
vt -0.186352 0.33446
f 1505/4779/1265 1555/4710/1265 1487/4452/1265

vt -0.163897 0.31723
f 1504/4780/1265 1555/4710/1265 1505/4779/1265

f 1506/4709/1265 1555/4710/1265 1504/4780/1265

v -0.318914 0.397789 0.8888
vt -0.212501 0.345292
f 1505/4779/1265 1487/4452/1265 1574/4781/1265

f 1574/4781/1265 1487/4452/1265 1488/4453/1265

v -0.316135 0.400536 0.885368
vt -0.186056 0.504211
vn -2.02043e-13 0.740686 0.671852
v -0.318108 0.400795 0.885368
vt -0.166339 0.500329
vn 0.191704 0.715448 0.671852
vt -0.153306 0.545277
vt -0.181077 0.550745
f 1575/4782/1456 1576/4783/1457 1574/4784/1457 1488/4785/1456 

vn 0.258819 0.965926 9.43867e-14
vn 1.09601e-13 1 3.48957e-15
f 1576/4498/1458 1575/4495/1459 1499/4496/1459 1498/4497/1458 

vt -0.362114 -0.197057
vt -0.362114 -0.217153
vt -0.00861266 -0.217153
vt -0.00861266 -0.197057
f 1575/4786/1459 1491/4787/1373 1493/4788/1373 1499/4789/1459 

vt -0.309799 0.449384
vt -0.290081 0.453266
vt -0.29506 0.4998
vt -0.322831 0.494332
f 1491/4790/1372 1575/4791/1456 1488/4792/1456 1489/4793/1372 

f 1503/4502/1379 1576/4499/1458 1498/4500/1458 1497/4501/1379 

vt -0.0612349 0.517094
vt -0.0441511 0.506511
vt -0.0161121 0.543982
vt -0.0401737 0.558887
f 1576/4794/1457 1503/4795/1380 1505/4796/1380 1574/4797/1457 

usemtl Chrome_01
vt -0.262461 0.243917
vn -0.207092 -0.358694 0.910193
vt -0.23098 0.217338
vt -0.218571 0.228912
v -0.324712 0.393301 0.888104
vt -0.253132 0.258092
vn -0.267462 -0.463258 0.8449
f 1486/4798/1460 1487/4799/1455 1573/4800/1454 1577/4801/1461 

vt -0.316243 0.193285
vt -0.284397 0.161163
vt -0.268533 0.174025
v -0.325484 0.391964 0.886798
vt -0.303245 0.209037
vn -0.376756 -0.65256 0.657434
f 1577/4802/1461 1573/4803/1454 1571/4804/1452 1578/4805/1462 

vt -0.366818 0.185956
vt -0.3387 0.145457
vt -0.324482 0.15392
v -0.325923 0.391204 0.885415
vt -0.35392 0.19632
vn -0.461173 -0.798774 0.386367
f 1578/4806/1462 1571/4807/1452 1572/4808/1453 1579/4809/1463 

vt -0.389267 0.264801
vt -0.37483 0.215243
v -0.330281 0.394011 0.883557
vt -0.356181 0.220085
vn -0.702542 -0.702542 0.113438
v -0.326138 0.390832 0.883557
vt -0.370935 0.270732
vn -0.496773 -0.860435 0.113438
f 1579/4810/1463 1572/4811/1453 1580/4812/1464 1581/4813/1465 

vt -0.376308 0.303864
vt -0.367581 0.252988
vt -0.348505 0.255685
vt -0.357423 0.307678
f 1572/4814/1453 1570/4815/1451 1569/4816/1449 1580/4817/1464 

vt -0.343821 0.363673
vt -0.343821 0.310921
vt -0.0567253 0.310921
v -0.330281 0.394011 0.855135
vt -0.0567253 0.363673
vn -0.707107 -0.707107 -2.66083e-13
f 1580/4818/1464 1569/4819/1449 1567/4820/1450 1582/4821/1466 

vt -0.097676 0.383451
f 1567/4748/1349 1565/4749/1349 1582/4822/1349

v -0.332976 0.391316 0.855135
vt -0.0704593 0.410667
f 1582/4822/1349 1565/4749/1349 1583/4823/1349

vt -0.0567253 0.368697
vn -0.707107 -0.707107 -2.26762e-13
vt -0.0567253 0.305897
vt -9.68916e-15 0.305897
v -0.332976 0.391316 0.849519
vt -3.66413e-15 0.368697
f 1583/4824/1467 1565/4825/1447 1566/4826/1447 1584/4827/1467 

v -0.328043 0.387532 0.855135
vn -0.5 -0.866025 -2.13331e-13
vt 8.03707e-15 0.305897
v -0.328043 0.387532 0.849519
vt 1.45822e-14 0.368697
f 1585/4824/1468 1583/4825/1467 1584/4828/1467 1586/4829/1468 

v -0.326138 0.390832 0.855135
vt -0.139527 0.415564
vt -0.120282 0.448897
f 1587/4830/1349 1583/4823/1349 1585/4831/1349

f 1582/4822/1349 1583/4823/1349 1587/4830/1349

vn -0.5 -0.866025 -2.09478e-13
f 1582/4820/1466 1587/4821/1469 1581/4818/1465 1580/4819/1464 

v -0.321313 0.388833 0.855135
vn -0.258819 -0.965926 -1.33985e-13
v -0.321313 0.388833 0.883557
vn -0.257148 -0.959691 0.113438
f 1587/4757/1469 1588/4758/1470 1589/4755/1471 1581/4756/1465 

vt -0.188263 0.435751
f 1587/4830/1349 1585/4831/1349 1588/4832/1349

v -0.316135 0.388151 0.855135
vt -0.240563 0.442636
f 1588/4832/1349 1585/4831/1349 1590/4833/1349

f 1473/4426/1349 1590/4833/1349 1585/4831/1349

f 1473/4426/1349 1475/4427/1349 1590/4833/1349

vt 0.0567253 -0.18073
vn -7.46769e-14 -1 -4.60924e-14
vt 0.0567253 -0.233481
vt 0.343821 -0.233481
v -0.316135 0.388151 0.883557
vt 0.343821 -0.18073
vn -1.055e-13 -0.993545 0.113438
f 1590/4834/1472 1475/4835/1361 1476/4836/1362 1591/4837/1473 

vt -0.0741956 -0.332981
v -0.316135 0.388581 0.885415
vt -0.0297182 -0.306785
vn -1.91903e-13 -0.922345 0.386367
vt -0.0390031 -0.289904
vt -0.0844572 -0.316675
f 1478/4838/1364 1592/4839/1474 1591/4840/1473 1476/4841/1362 

vt -0.206964 -0.128538
v -0.316135 0.389459 0.886798
vt -0.159101 -0.11671
vn -2.88861e-13 -0.753512 0.657434
vt -0.161937 -0.100408
vn -1.91906e-13 -0.922345 0.386367
vt -0.212048 -0.112791
f 1480/4842/1366 1593/4843/1475 1592/4844/1476 1478/4845/1364 

vt -0.24052 0.0426666
v -0.316135 0.391003 0.888104
vt -0.19595 0.0503796
vn -3.64708e-13 -0.534924 0.8449
vt -0.19741 0.0707502
vt -0.24599 0.062343
f 1482/4846/1368 1594/4847/1477 1593/4848/1475 1480/4849/1366 

vt -0.25718 0.187063
v -0.316135 0.392532 0.8888
vt -0.216405 0.19297
vn -3.94739e-13 -0.414184 0.910193
vt -0.216825 0.209933
vn -3.64709e-13 -0.534924 0.8449
vt -0.26159 0.203449
f 1484/4850/1370 1595/4851/1478 1594/4852/1479 1482/4853/1368 

usemtl Yellow_Plastic_01
vt -0.240563 0.398388
f 1484/4450/1265 1485/4449/1265 1595/4854/1265

usemtl Chrome_01
vt -0.263861 0.204869
vt -0.223086 0.198963
vn -0.107199 -0.400071 0.910193
v -0.320575 0.391587 0.888104
vt -0.218675 0.215348
vn -0.138449 -0.516697 0.8449
vt -0.26344 0.221833
vn -3.64706e-13 -0.534924 0.8449
f 1595/4855/1478 1485/4856/1480 1596/4857/1481 1594/4858/1482 

vt -0.265345 0.22536
vt -0.227854 0.208274
vt -0.219032 0.222769
vt -0.260192 0.241528
f 1485/4859/1480 1486/4860/1460 1577/4861/1461 1596/4862/1481 

vt -0.307018 0.140712
vt -0.267292 0.119082
vt -0.255787 0.135956
v -0.320975 0.390096 0.886798
vt -0.299088 0.159532
vn -0.195023 -0.727837 0.657434
f 1596/4863/1481 1577/4864/1461 1578/4865/1462 1597/4866/1483 

vt -0.359398 0.089986
vt -0.320476 0.0597234
vt -0.309431 0.0720434
v -0.321202 0.389248 0.885415
vt -0.350181 0.103727
vn -0.23872 -0.890917 0.386367
f 1597/4867/1483 1578/4868/1462 1579/4869/1463 1598/4870/1484 

vt -0.408371 0.166106
vt -0.383857 0.12068
vt -0.36664 0.129328
vt -0.391693 0.175751
f 1598/4871/1484 1579/4872/1463 1581/4873/1465 1589/4874/1471 

vt -0.388427 -0.0768053
vn -1.9191e-13 -0.922345 0.386367
vt -0.343949 -0.103001
vt -0.333688 -0.0866944
vt -0.379142 -0.0599237
f 1592/4875/1485 1598/4876/1484 1589/4877/1471 1591/4878/1473 

vt -0.312005 -0.0347508
vn -2.88864e-13 -0.753512 0.657434
vt -0.264142 -0.0465788
vt -0.259058 -0.0308327
vt -0.309169 -0.0184492
f 1593/4879/1486 1597/4880/1483 1598/4881/1484 1592/4882/1476 

vt -0.282221 0.0846444
vt -0.237651 0.0769314
vt -0.23218 0.0966079
vt -0.280761 0.105015
f 1594/4883/1477 1596/4884/1481 1597/4885/1483 1593/4886/1486 

f 1588/4753/1470 1590/4754/1472 1591/4751/1473 1589/4752/1471 

v -0.322299 0.385152 0.855135
vt -0.178301 0.47293
f 1473/4426/1349 1585/4831/1349 1599/4887/1349

vn -0.258819 -0.965926 -1.01727e-13
vt 1.87665e-14 0.282911
v -0.322299 0.385152 0.849519
vt 9.42856e-15 0.345711
f 1599/4744/1487 1585/4745/1468 1586/4888/1468 1600/4889/1487 

v -0.316135 0.384341 0.855135
vn -6.34648e-14 -1 1.01902e-14
vt -2.6392e-14 0.238505
v -0.316135 0.384341 0.849519
vt -2.85595e-14 0.301305
f 1601/4741/1488 1599/4674/1487 1600/4890/1487 1602/4891/1488 

v -0.309971 0.385152 0.855135
vt -0.302826 0.47293
vt -0.240563 0.481127
f 1603/4892/1349 1599/4887/1349 1601/4893/1349

f 1473/4426/1349 1599/4887/1349 1603/4892/1349

vt 0.0567253 -0.161592
vt 0.0567253 -0.0987921
vn 0.258819 -0.965926 9.91378e-14
v -0.309971 0.385152 0.849519
vt -7.21786e-15 -0.0987921
vt -1.12574e-14 -0.161592
f 1473/4894/1360 1603/4895/1489 1604/4896/1489 1474/4897/1360 

vt 0.0567253 -0.238505
vt 0.0567253 -0.175706
vt -1.58046e-15 -0.175706
vt -7.2137e-15 -0.238505
f 1603/4898/1489 1601/4899/1488 1602/4900/1488 1604/4901/1489 

vt -0.232398 0.174491
vt -0.200918 0.20107
vt -0.210246 0.215245
vt -0.244808 0.186065
f 1384/4902/1289 1483/4903/1369 1481/4904/1367 1383/4905/1288 

vt -0.142577 0.0469768
vt -0.110731 0.0790982
vt -0.123729 0.0948508
vt -0.158441 0.0598388
f 1383/4906/1288 1481/4907/1367 1479/4908/1365 1382/4909/1287 

vt -0.00715968 -0.0790987
vt 0.020958 -0.0385997
vt 0.00805975 -0.0282354
vt -0.0213784 -0.0706362
f 1382/4910/1287 1479/4911/1365 1477/4912/1363 1380/4913/1285 

vt 0.205214 -0.132915
vt 0.219651 -0.0833573
vt 0.20132 -0.0774269
vt 0.186566 -0.128073
f 1380/4914/1285 1477/4915/1363 1445/4916/1348 1381/4917/1286 

g Mesh8 Component_20_1 Television_Silver_CRT1 Model

v -0.371981 0.403317 0.886798
v -0.373849 0.398808 0.886798
v -0.373089 0.398369 0.885415
v -0.371133 0.40309 0.885415
f 1605/4092/1257 1606/4093/1258 1607/4094/1259 1608/4095/1260 

v -0.373473 0.403717 0.888104
v -0.375186 0.39958 0.888104
f 1609/4096/1261 1610/4097/1262 1606/4098/1258 1605/4099/1257 

v -0.374949 0.404113 0.8888
v -0.37651 0.400344 0.8888
f 1611/4100/1263 1612/4101/1264 1610/4102/1262 1609/4103/1261 

usemtl White_Semi_Gloss_001
v -0.380746 0.40279 0.8888
f 1611/4104/1265 1613/4105/1265 1612/4106/1265

v -0.379674 0.405379 0.8888
f 1611/4104/1265 1614/4107/1265 1613/4105/1265

v -0.374417 0.408157 0.8888
f 1615/4108/1265 1614/4107/1265 1611/4104/1265

v -0.379308 0.408157 0.8888
f 1615/4108/1265 1616/4109/1265 1614/4107/1265

v -0.379674 0.410935 0.8888
f 1615/4108/1265 1617/4110/1265 1616/4109/1265

v -0.374949 0.412201 0.8888
f 1618/4111/1265 1617/4110/1265 1615/4108/1265

v -0.380746 0.413524 0.8888
f 1618/4111/1265 1619/4112/1265 1617/4110/1265

v -0.382452 0.415747 0.8888
f 1618/4111/1265 1620/4113/1265 1619/4112/1265

v -0.37651 0.415969 0.8888
f 1621/4114/1265 1620/4113/1265 1618/4111/1265

v -0.384675 0.417452 0.8888
f 1621/4114/1265 1622/4115/1265 1620/4113/1265

v -0.387264 0.418525 0.8888
f 1621/4114/1265 1623/4116/1265 1622/4115/1265

v -0.378993 0.419205 0.8888
f 1624/4117/1265 1623/4116/1265 1621/4114/1265

v -0.390042 0.418891 0.8888
f 1623/4116/1265 1624/4117/1265 1625/4118/1265

v -0.40109 0.419205 0.8888
f 1624/4117/1265 1626/4119/1265 1625/4118/1265

v -0.382229 0.421688 0.8888
f 1627/4120/1265 1626/4119/1265 1624/4117/1265

v -0.397854 0.421688 0.8888
f 1627/4120/1265 1628/4121/1265 1626/4119/1265

v -0.385998 0.423249 0.8888
f 1629/4122/1265 1628/4121/1265 1627/4120/1265

v -0.394086 0.423249 0.8888
f 1629/4122/1265 1630/4123/1265 1628/4121/1265

v -0.390042 0.423781 0.8888
f 1630/4123/1265 1629/4122/1265 1631/4124/1265

usemtl Chrome_01
vn -3.37349e-13 0.414184 0.910193
v -0.385602 0.424726 0.888104
v -0.390042 0.42531 0.888104
vn -2.97139e-13 0.534924 0.8449
f 1631/4125/1490 1629/4126/1267 1632/4127/1268 1633/4128/1491 

v -0.381465 0.423012 0.888104
f 1629/4129/1267 1627/4130/1270 1634/4131/1271 1632/4132/1268 

v -0.377912 0.420286 0.888104
f 1627/4133/1270 1624/4134/1272 1635/4135/1273 1634/4136/1271 

v -0.375186 0.416733 0.888104
f 1624/4137/1272 1621/4138/1274 1636/4139/1275 1635/4140/1273 

v -0.373473 0.412596 0.888104
f 1621/4141/1274 1618/4142/1276 1637/4143/1277 1636/4144/1275 

vn 0.414184 5.17227e-14 0.910193
v -0.372888 0.408157 0.888104
vn 0.534924 7.591e-14 0.8449
f 1618/4145/1276 1615/4146/1492 1638/4147/1493 1637/4148/1277 

f 1615/4149/1492 1611/4150/1263 1609/4151/1261 1638/4152/1279 

v -0.371344 0.408157 0.886798
f 1638/4153/1279 1609/4154/1261 1605/4155/1257 1639/4156/1280 

v -0.370466 0.408157 0.885415
f 1639/4157/1280 1605/4158/1257 1608/4159/1260 1640/4160/1281 

v -0.370718 0.402979 0.883557
v -0.370036 0.408157 0.883557
f 1640/4161/1281 1608/4162/1260 1641/4163/1282 1642/4164/1283 

v -0.372717 0.398154 0.883557
f 1608/4165/1260 1607/4166/1259 1643/4167/1284 1641/4168/1282 

v -0.3762 0.394315 0.885415
v -0.375896 0.394011 0.883557
f 1607/4169/1259 1644/4170/1285 1645/4171/1286 1643/4172/1284 

v -0.376821 0.394936 0.886798
f 1606/4173/1258 1646/4174/1287 1644/4175/1285 1607/4176/1259 

v -0.377912 0.396027 0.888104
f 1610/4177/1262 1647/4178/1288 1646/4179/1287 1606/4180/1258 

v -0.378993 0.397108 0.8888
f 1612/4181/1264 1648/4182/1289 1647/4183/1288 1610/4184/1262 

usemtl White_Semi_Gloss_001
v -0.384675 0.398861 0.8888
f 1612/4106/1265 1649/4185/1265 1648/4186/1265

v -0.382452 0.400567 0.8888
f 1612/4106/1265 1650/4187/1265 1649/4185/1265

f 1612/4106/1265 1613/4105/1265 1650/4187/1265

v -0.383442 0.404346 0.885368
v -0.384653 0.402768 0.885368
f 1651/4188/1290 1652/4189/1291 1650/4190/1291 1613/4191/1290 

v -0.383442 0.404346 0.850372
v -0.384653 0.402768 0.850372
f 1651/4192/1292 1653/4193/1292 1654/4194/1293 1652/4195/1293 

v -0.38268 0.406184 0.885368
v -0.38268 0.406184 0.850372
f 1655/4196/1294 1656/4197/1294 1653/4198/1292 1651/4199/1292 

v -0.382421 0.408157 0.885368
v -0.382421 0.408157 0.850372
f 1655/4200/1294 1657/4201/1295 1658/4202/1295 1656/4203/1294 

vn -0.740686 -8.78641e-14 0.671852
f 1657/4204/1494 1655/4205/1297 1614/4206/1297 1616/4207/1494 

f 1655/4208/1297 1651/4209/1290 1613/4210/1290 1614/4211/1297 

v -0.38268 0.410129 0.885368
f 1659/4212/1298 1657/4213/1494 1616/4214/1494 1617/4215/1298 

v -0.38268 0.410129 0.850372
f 1659/4216/1299 1660/4217/1299 1658/4218/1295 1657/4219/1295 

v -0.383442 0.411967 0.885368
v -0.383442 0.411967 0.850372
f 1659/4220/1299 1661/4221/1300 1662/4222/1300 1660/4223/1299 

f 1661/4224/1301 1659/4225/1298 1617/4226/1298 1619/4227/1301 

v -0.384653 0.413546 0.885368
f 1663/4228/1302 1661/4229/1301 1619/4230/1301 1620/4231/1302 

v -0.384653 0.413546 0.850372
f 1663/4232/1303 1664/4233/1303 1662/4234/1300 1661/4235/1300 

v -0.386231 0.414757 0.885368
v -0.386231 0.414757 0.850372
f 1665/4232/1304 1666/4233/1304 1664/4234/1303 1663/4235/1303 

v -0.388069 0.415518 0.885368
v -0.388069 0.415518 0.850372
f 1667/4221/1305 1668/4222/1305 1666/4223/1304 1665/4220/1304 

v -0.390042 0.415778 0.885368
v -0.390042 0.415778 0.850372
f 1669/4216/1306 1670/4217/1306 1668/4218/1305 1667/4219/1305 

v -0.392014 0.415518 0.885368
v -0.392014 0.415518 0.850372
f 1671/4236/1307 1672/4237/1307 1670/4238/1306 1669/4239/1306 

v -0.393852 0.414757 0.885368
v -0.393852 0.414757 0.850372
f 1673/4240/1308 1674/4241/1308 1672/4242/1307 1671/4243/1307 

v -0.395431 0.413546 0.885368
v -0.395431 0.413546 0.850372
f 1675/4244/1309 1676/4245/1309 1674/4246/1308 1673/4247/1308 

v -0.396642 0.411967 0.885368
v -0.396642 0.411967 0.850372
f 1677/4248/1310 1678/4249/1310 1676/4250/1309 1675/4251/1309 

v -0.397403 0.410129 0.885368
v -0.397403 0.410129 0.850372
f 1679/4252/1311 1680/4253/1311 1678/4254/1310 1677/4255/1310 

v -0.397663 0.408157 0.885368
vn 1 -6.43887e-15 3.51569e-13
v -0.397663 0.408157 0.850372
f 1679/4256/1311 1681/4257/1495 1682/4258/1495 1680/4259/1311 

vn 0.740686 -6.11969e-14 0.671852
v -0.40041 0.410935 0.8888
v -0.400776 0.408157 0.8888
f 1681/4260/1496 1679/4261/1314 1683/4262/1314 1684/4263/1496 

v -0.399337 0.413524 0.8888
f 1679/4264/1314 1677/4265/1315 1685/4266/1315 1683/4267/1314 

v -0.397632 0.415747 0.8888
f 1677/4268/1315 1675/4269/1316 1686/4270/1316 1685/4271/1315 

v -0.395409 0.417452 0.8888
f 1675/4272/1316 1673/4273/1317 1687/4274/1317 1686/4275/1316 

v -0.39282 0.418525 0.8888
f 1673/4276/1317 1671/4277/1318 1688/4278/1318 1687/4279/1317 

vn -3.00541e-13 -0.740686 0.671852
f 1671/4280/1318 1669/4281/1497 1625/4282/1497 1688/4283/1318 

f 1669/4284/1497 1667/4285/1320 1623/4286/1320 1625/4287/1497 

f 1667/4288/1320 1665/4289/1321 1622/4290/1321 1623/4291/1320 

f 1665/4292/1321 1663/4293/1302 1620/4294/1302 1622/4295/1321 

f 1625/4118/1265 1626/4119/1265 1688/4296/1265

v -0.403573 0.415969 0.8888
f 1688/4296/1265 1626/4119/1265 1689/4297/1265

usemtl Chrome_01
v -0.402171 0.420286 0.888104
v -0.404897 0.416733 0.888104
f 1689/4298/1322 1626/4299/1323 1690/4300/1324 1691/4301/1325 

v -0.398619 0.423012 0.888104
f 1626/4302/1323 1628/4303/1326 1692/4304/1327 1690/4305/1324 

v -0.394481 0.424726 0.888104
f 1628/4306/1326 1630/4307/1328 1693/4308/1329 1692/4309/1327 

vn -2.97137e-13 0.534924 0.8449
f 1630/4310/1328 1631/4311/1490 1633/4312/1498 1693/4313/1329 

v -0.390042 0.426854 0.886798
v -0.394881 0.426217 0.886798
f 1693/4314/1329 1633/4315/1498 1694/4316/1331 1695/4317/1332 

v -0.385202 0.426217 0.886798
f 1633/4318/1498 1632/4319/1268 1696/4320/1333 1694/4321/1331 

v -0.380693 0.424349 0.886798
f 1632/4322/1268 1634/4323/1271 1697/4324/1334 1696/4325/1333 

v -0.376821 0.421378 0.886798
f 1634/4326/1271 1635/4327/1273 1698/4328/1335 1697/4329/1334 

v -0.373849 0.417505 0.886798
f 1635/4330/1273 1636/4331/1275 1699/4332/1336 1698/4333/1335 

v -0.371981 0.412996 0.886798
f 1636/4334/1275 1637/4335/1277 1700/4336/1337 1699/4337/1336 

vn 0.534924 7.59118e-14 0.8449
f 1637/4338/1277 1638/4339/1499 1639/4340/1338 1700/4341/1337 

v -0.371133 0.413223 0.885415
f 1700/4342/1337 1639/4343/1338 1640/4344/1281 1701/4345/1339 

v -0.370718 0.413334 0.883557
f 1701/4346/1339 1640/4347/1281 1642/4348/1340 1702/4349/1341 

v -0.370036 0.408157 0.855135
v -0.370718 0.413334 0.855135
f 1702/4350/1341 1642/4351/1340 1703/4352/1342 1704/4353/1343 

v -0.370718 0.402979 0.855135
f 1642/4354/1340 1641/4355/1282 1705/4356/1344 1703/4357/1342 

v -0.372717 0.398154 0.855135
f 1641/4358/1282 1643/4359/1284 1706/4360/1345 1705/4361/1344 

v -0.375896 0.394011 0.855135
f 1643/4362/1284 1645/4363/1286 1707/4364/1346 1706/4365/1345 

v -0.380039 0.390832 0.855135
v -0.380039 0.390832 0.883557
f 1708/4366/1347 1707/4367/1346 1645/4368/1286 1709/4369/1348 

v -0.373201 0.391316 0.855135
f 1710/4370/1349 1707/4371/1349 1708/4372/1349

v -0.369417 0.396249 0.855135
f 1711/4373/1349 1707/4371/1349 1710/4370/1349

f 1711/4373/1349 1706/4374/1349 1707/4371/1349

v -0.367037 0.401993 0.855135
f 1712/4375/1349 1706/4374/1349 1711/4373/1349

f 1712/4375/1349 1705/4376/1349 1706/4374/1349

v -0.366226 0.408157 0.855135
f 1713/4377/1349 1705/4376/1349 1712/4375/1349

f 1713/4377/1349 1703/4378/1349 1705/4376/1349

f 1713/4377/1349 1704/4379/1349 1703/4378/1349

v -0.367037 0.414321 0.855135
f 1714/4380/1349 1704/4379/1349 1713/4377/1349

v -0.372717 0.418159 0.855135
f 1714/4380/1349 1715/4381/1349 1704/4379/1349

v -0.369417 0.420065 0.855135
f 1716/4382/1349 1715/4381/1349 1714/4380/1349

v -0.375896 0.422302 0.855135
f 1716/4382/1349 1717/4383/1349 1715/4381/1349

v -0.373201 0.424997 0.855135
f 1718/4384/1349 1717/4383/1349 1716/4382/1349

v -0.380039 0.425482 0.855135
f 1718/4384/1349 1719/4385/1349 1717/4383/1349

v -0.384864 0.42748 0.855135
f 1718/4384/1349 1720/4386/1349 1719/4385/1349

v -0.378134 0.428782 0.855135
f 1721/4387/1349 1720/4386/1349 1718/4384/1349

v -0.390042 0.428162 0.855135
f 1720/4386/1349 1721/4387/1349 1722/4388/1349

v -0.40195 0.428782 0.855135
f 1721/4387/1349 1723/4389/1349 1722/4388/1349

v -0.383878 0.431161 0.855135
f 1724/4390/1349 1723/4389/1349 1721/4387/1349

v -0.396206 0.431161 0.855135
f 1724/4390/1349 1725/4391/1349 1723/4389/1349

v -0.390042 0.431972 0.855135
f 1725/4391/1349 1724/4390/1349 1726/4392/1349

v -0.383878 0.431161 0.849519
v -0.390042 0.431972 0.849519
f 1726/4393/1350 1724/4394/1351 1727/4395/1351 1728/4396/1350 

v -0.378134 0.428782 0.849519
f 1724/4397/1351 1721/4398/1352 1729/4399/1352 1727/4400/1351 

v -0.373201 0.424997 0.849519
f 1721/4401/1352 1718/4402/1353 1730/4403/1353 1729/4404/1352 

v -0.369417 0.420065 0.849519
f 1718/4401/1353 1716/4402/1354 1731/4405/1354 1730/4406/1353 

v -0.367037 0.414321 0.849519
f 1716/4397/1354 1714/4398/1355 1732/4407/1355 1731/4408/1354 

v -0.366226 0.408157 0.849519
f 1714/4393/1355 1713/4394/1356 1733/4409/1356 1732/4410/1355 

v -0.367037 0.401993 0.849519
f 1713/4411/1356 1712/4393/1357 1734/4412/1357 1733/4413/1356 

v -0.369417 0.396249 0.849519
f 1712/4414/1357 1711/4415/1358 1735/4416/1358 1734/4417/1357 

v -0.373201 0.391316 0.849519
f 1711/4418/1358 1710/4419/1359 1736/4420/1359 1735/4421/1358 

v -0.378134 0.387532 0.855135
v -0.378134 0.387532 0.849519
f 1710/4422/1359 1737/4423/1360 1738/4424/1360 1736/4425/1359 

f 1710/4370/1349 1708/4372/1349 1737/4426/1349

v -0.384864 0.388833 0.855135
f 1737/4426/1349 1708/4372/1349 1739/4427/1349

v -0.384864 0.388833 0.883557
f 1739/4428/1361 1708/4429/1347 1709/4430/1348 1740/4431/1362 

v -0.380254 0.391204 0.885415
v -0.384975 0.389248 0.885415
f 1741/4432/1363 1742/4433/1364 1740/4434/1362 1709/4435/1348 

v -0.380693 0.391964 0.886798
v -0.385202 0.390096 0.886798
f 1743/4436/1365 1744/4437/1366 1742/4438/1364 1741/4439/1363 

v -0.381465 0.393301 0.888104
v -0.385602 0.391587 0.888104
f 1745/4440/1367 1746/4441/1368 1744/4442/1366 1743/4443/1365 

v -0.382229 0.394625 0.8888
v -0.385998 0.393064 0.8888
f 1747/4444/1369 1748/4445/1370 1746/4446/1368 1745/4447/1367 

usemtl White_Semi_Gloss_001
v -0.394086 0.393064 0.8888
f 1747/4448/1265 1749/4449/1265 1748/4450/1265

v -0.397854 0.394625 0.8888
f 1747/4448/1265 1750/4451/1265 1749/4449/1265

f 1648/4186/1265 1750/4451/1265 1747/4448/1265

v -0.40109 0.397108 0.8888
f 1648/4186/1265 1751/4452/1265 1750/4451/1265

v -0.390042 0.397423 0.8888
f 1648/4186/1265 1752/4453/1265 1751/4452/1265

v -0.387264 0.397789 0.8888
f 1648/4186/1265 1753/4454/1265 1752/4453/1265

f 1648/4186/1265 1649/4185/1265 1753/4454/1265

v -0.386231 0.401557 0.885368
v -0.388069 0.400795 0.885368
f 1754/4455/1371 1755/4456/1372 1753/4457/1372 1649/4458/1371 

v -0.386231 0.401557 0.850372
v -0.388069 0.400795 0.850372
f 1755/4459/1373 1754/4460/1374 1756/4461/1374 1757/4462/1373 

f 1754/4463/1374 1652/4464/1293 1654/4465/1293 1756/4466/1374 

f 1652/4467/1291 1754/4468/1371 1649/4469/1371 1650/4470/1291 

usemtl Black_Flat_001
v -0.397403 0.406184 0.850372
v -0.396642 0.404346 0.850372
v -0.395431 0.402768 0.850372
v -0.393852 0.401557 0.850372
v -0.392014 0.400795 0.850372
v -0.390042 0.400536 0.850372
f 1666/4471/1375 1668/4472/1375 1670/4473/1375 1672/4474/1375 1674/4475/1375 1676/4476/1375 1678/4477/1375 1680/4478/1375 1682/4479/1375 1758/4480/1375 1759/4481/1375 1760/4482/1375 1761/4483/1375 1762/4484/1375 1763/4485/1375 1757/4486/1375 1756/4487/1375 1654/4488/1375 1653/4489/1375 1656/4490/1375 1658/4491/1375 1660/4492/1375 1662/4493/1375 1664/4494/1375 

usemtl White_Semi_Gloss_001
v -0.397403 0.406184 0.885368
f 1764/4495/1376 1758/4496/1376 1682/4497/1495 1681/4498/1495 

v -0.396642 0.404346 0.885368
f 1765/4499/1377 1759/4500/1377 1758/4501/1376 1764/4502/1376 

v -0.395431 0.402768 0.885368
f 1766/4503/1378 1760/4504/1378 1759/4505/1377 1765/4506/1377 

v -0.393852 0.401557 0.885368
f 1766/4506/1378 1767/4503/1379 1761/4504/1379 1760/4505/1378 

v -0.397632 0.400567 0.8888
v -0.395409 0.398861 0.8888
f 1767/4507/1380 1766/4508/1381 1768/4509/1381 1769/4510/1380 

v -0.399337 0.40279 0.8888
f 1766/4511/1381 1765/4512/1382 1770/4513/1382 1768/4514/1381 

v -0.40041 0.405379 0.8888
f 1765/4515/1382 1764/4516/1383 1771/4517/1383 1770/4518/1382 

f 1764/4519/1383 1681/4520/1496 1684/4521/1496 1771/4522/1383 

v -0.405666 0.408157 0.8888
f 1684/4523/1265 1772/4524/1265 1771/4525/1265

f 1683/4526/1265 1772/4524/1265 1684/4523/1265

v -0.405134 0.412201 0.8888
f 1683/4526/1265 1773/4527/1265 1772/4524/1265

f 1685/4528/1265 1773/4527/1265 1683/4526/1265

f 1686/4529/1265 1773/4527/1265 1685/4528/1265

f 1686/4529/1265 1689/4297/1265 1773/4527/1265

f 1687/4530/1265 1689/4297/1265 1686/4529/1265

f 1688/4296/1265 1689/4297/1265 1687/4530/1265

usemtl Chrome_01
v -0.406611 0.412596 0.888104
f 1773/4531/1384 1689/4532/1322 1691/4533/1325 1774/4534/1385 

v -0.406234 0.417505 0.886798
v -0.408102 0.412996 0.886798
f 1774/4535/1385 1691/4536/1325 1775/4537/1386 1776/4538/1387 

v -0.403263 0.421378 0.886798
f 1691/4539/1325 1690/4540/1324 1777/4541/1388 1775/4542/1386 

v -0.39939 0.424349 0.886798
f 1690/4543/1324 1692/4544/1327 1778/4545/1389 1777/4546/1388 

f 1692/4547/1327 1693/4548/1329 1695/4549/1332 1778/4550/1389 

v -0.395108 0.427065 0.885415
v -0.399829 0.425109 0.885415
f 1778/4551/1389 1695/4552/1332 1779/4553/1390 1780/4554/1391 

v -0.390042 0.427732 0.885415
vn -1.48555e-13 0.922345 0.386367
f 1695/4555/1332 1694/4556/1331 1781/4557/1500 1779/4558/1390 

v -0.384975 0.427065 0.885415
f 1694/4559/1331 1696/4560/1333 1782/4561/1393 1781/4562/1500 

v -0.380254 0.425109 0.885415
f 1696/4563/1333 1697/4564/1334 1783/4565/1394 1782/4566/1393 

v -0.3762 0.421999 0.885415
f 1697/4567/1334 1698/4568/1335 1784/4569/1395 1783/4570/1394 

v -0.373089 0.417944 0.885415
f 1698/4571/1335 1699/4572/1336 1785/4573/1396 1784/4574/1395 

f 1699/4575/1336 1700/4576/1337 1701/4577/1339 1785/4578/1396 

v -0.372717 0.418159 0.883557
f 1785/4579/1396 1701/4580/1339 1702/4581/1341 1786/4582/1397 

f 1786/4583/1397 1702/4584/1341 1704/4585/1343 1715/4586/1398 

v -0.375896 0.422302 0.883557
f 1787/4587/1399 1786/4588/1397 1715/4589/1398 1717/4590/1400 

f 1784/4591/1395 1785/4592/1396 1786/4593/1397 1787/4594/1399 

v -0.380039 0.425482 0.883557
f 1783/4595/1394 1784/4596/1395 1787/4597/1399 1788/4598/1401 

f 1788/4587/1401 1787/4588/1399 1717/4589/1400 1719/4590/1402 

v -0.384864 0.42748 0.883557
f 1789/4583/1403 1788/4584/1401 1719/4585/1402 1720/4586/1404 

f 1782/4599/1393 1783/4600/1394 1788/4601/1401 1789/4602/1403 

v -0.390042 0.428162 0.883557
vn -6.10109e-14 0.993545 0.113438
f 1781/4603/1500 1782/4604/1393 1789/4605/1403 1790/4606/1501 

f 1790/4350/1501 1789/4351/1403 1720/4352/1404 1722/4353/1406 

v -0.395219 0.42748 0.883557
v -0.395219 0.42748 0.855135
f 1791/4607/1407 1790/4608/1405 1722/4609/1406 1792/4610/1409 

f 1779/4611/1390 1781/4612/1500 1790/4613/1405 1791/4614/1407 

v -0.400044 0.425482 0.883557
f 1780/4615/1391 1779/4616/1390 1791/4617/1407 1793/4618/1410 

v -0.400044 0.425482 0.855135
f 1793/4619/1410 1791/4620/1407 1792/4621/1409 1794/4622/1411 

v -0.406882 0.424997 0.855135
f 1792/4623/1349 1795/4624/1349 1794/4625/1349

f 1792/4623/1349 1723/4389/1349 1795/4624/1349

f 1722/4388/1349 1723/4389/1349 1792/4623/1349

v -0.40195 0.428782 0.849519
v -0.406882 0.424997 0.849519
f 1795/4626/1412 1723/4627/1413 1796/4628/1413 1797/4629/1412 

v -0.396206 0.431161 0.849519
f 1723/4630/1413 1725/4631/1414 1798/4632/1414 1796/4633/1413 

f 1725/4634/1414 1726/4635/1350 1728/4636/1350 1798/4637/1414 

v -0.410667 0.420065 0.855135
v -0.410667 0.420065 0.849519
f 1799/4638/1415 1795/4639/1412 1797/4640/1412 1800/4641/1415 

v -0.404188 0.422302 0.855135
f 1801/4642/1349 1795/4624/1349 1799/4643/1349

f 1794/4625/1349 1795/4624/1349 1801/4642/1349

v -0.404188 0.422302 0.883557
f 1802/4644/1416 1793/4645/1410 1794/4646/1411 1801/4647/1417 

v -0.403884 0.421999 0.885415
f 1803/4648/1418 1780/4649/1391 1793/4650/1410 1802/4651/1416 

f 1777/4652/1388 1778/4653/1389 1780/4654/1391 1803/4655/1418 

v -0.406994 0.417944 0.885415
f 1775/4656/1386 1777/4657/1388 1803/4658/1418 1804/4659/1419 

v -0.407367 0.418159 0.883557
f 1804/4660/1419 1803/4661/1418 1802/4662/1416 1805/4663/1420 

v -0.407367 0.418159 0.855135
f 1805/4664/1420 1802/4665/1416 1801/4666/1417 1806/4667/1421 

f 1801/4642/1349 1799/4643/1349 1806/4668/1349

v -0.413046 0.414321 0.855135
f 1806/4668/1349 1799/4643/1349 1807/4669/1349

v -0.413046 0.414321 0.849519
f 1807/4670/1422 1799/4671/1415 1800/4672/1415 1808/4673/1422 

v -0.413857 0.408157 0.855135
v -0.413857 0.408157 0.849519
f 1809/4674/1423 1807/4675/1422 1808/4676/1422 1810/4677/1423 

v -0.409365 0.413334 0.855135
f 1811/4678/1349 1807/4669/1349 1809/4679/1349

f 1806/4668/1349 1807/4669/1349 1811/4678/1349

v -0.409365 0.413334 0.883557
f 1812/4680/1424 1805/4681/1420 1806/4682/1421 1811/4683/1425 

v -0.40895 0.413223 0.885415
f 1813/4684/1426 1804/4685/1419 1805/4686/1420 1812/4687/1424 

f 1776/4688/1387 1775/4689/1386 1804/4690/1419 1813/4691/1426 

v -0.408739 0.408157 0.886798
v -0.409617 0.408157 0.885415
f 1814/4692/1427 1776/4693/1387 1813/4694/1426 1815/4695/1428 

v -0.407195 0.408157 0.888104
f 1816/4696/1429 1774/4697/1385 1776/4698/1387 1814/4699/1427 

f 1772/4700/1430 1773/4701/1384 1774/4702/1385 1816/4703/1431 

v -0.405134 0.404113 0.8888
v -0.406611 0.403717 0.888104
f 1817/4704/1432 1772/4705/1430 1816/4706/1431 1818/4707/1433 

usemtl White_Semi_Gloss_001
f 1771/4525/1265 1772/4524/1265 1817/4708/1265

f 1771/4525/1265 1817/4708/1265 1770/4709/1265

v -0.403573 0.400344 0.8888
f 1770/4709/1265 1817/4708/1265 1819/4710/1265

usemtl Chrome_01
v -0.404897 0.39958 0.888104
f 1819/4711/1434 1817/4712/1432 1818/4713/1433 1820/4714/1435 

v -0.408102 0.403317 0.886798
v -0.406234 0.398808 0.886798
f 1820/4715/1435 1818/4716/1433 1821/4717/1436 1822/4718/1437 

f 1818/4719/1433 1816/4720/1438 1814/4721/1427 1821/4722/1436 

v -0.40895 0.40309 0.885415
f 1821/4723/1436 1814/4724/1427 1815/4725/1439 1823/4726/1440 

v -0.410047 0.408157 0.883557
v -0.409365 0.402979 0.883557
f 1823/4727/1440 1815/4728/1439 1824/4729/1441 1825/4730/1442 

f 1815/4731/1443 1813/4732/1426 1812/4733/1424 1824/4734/1444 

v -0.410047 0.408157 0.855135
f 1824/4735/1444 1812/4736/1424 1811/4737/1425 1826/4738/1445 

f 1811/4678/1349 1809/4679/1349 1826/4739/1349

v -0.413046 0.401993 0.855135
f 1826/4739/1349 1809/4679/1349 1827/4740/1349

v -0.413046 0.401993 0.849519
f 1827/4741/1446 1809/4674/1423 1810/4742/1423 1828/4743/1446 

v -0.410667 0.396249 0.855135
v -0.410667 0.396249 0.849519
f 1829/4744/1447 1827/4745/1446 1828/4746/1446 1830/4747/1447 

v -0.407367 0.398154 0.855135
f 1831/4748/1349 1827/4740/1349 1829/4749/1349

v -0.409365 0.402979 0.855135
f 1832/4750/1349 1827/4740/1349 1831/4748/1349

f 1826/4739/1349 1827/4740/1349 1832/4750/1349

f 1825/4751/1442 1824/4752/1441 1826/4753/1445 1832/4754/1448 

v -0.407367 0.398154 0.883557
f 1833/4755/1449 1825/4756/1442 1832/4757/1448 1831/4758/1450 

v -0.406994 0.398369 0.885415
f 1834/4759/1451 1823/4760/1440 1825/4761/1442 1833/4762/1449 

f 1822/4763/1437 1821/4764/1436 1823/4765/1440 1834/4766/1451 

v -0.403263 0.394936 0.886798
v -0.403884 0.394315 0.885415
f 1835/4767/1452 1822/4768/1437 1834/4769/1451 1836/4770/1453 

v -0.402171 0.396027 0.888104
f 1837/4771/1454 1820/4772/1435 1822/4773/1437 1835/4774/1452 

f 1751/4775/1455 1819/4776/1434 1820/4777/1435 1837/4778/1454 

usemtl White_Semi_Gloss_001
f 1769/4779/1265 1819/4710/1265 1751/4452/1265

f 1768/4780/1265 1819/4710/1265 1769/4779/1265

f 1770/4709/1265 1819/4710/1265 1768/4780/1265

v -0.39282 0.397789 0.8888
f 1769/4779/1265 1751/4452/1265 1838/4781/1265

f 1838/4781/1265 1751/4452/1265 1752/4453/1265

v -0.390042 0.400536 0.885368
v -0.392014 0.400795 0.885368
f 1839/4782/1456 1840/4783/1457 1838/4784/1457 1752/4785/1456 

vn 1.09587e-13 1 3.48957e-15
f 1840/4498/1458 1839/4495/1502 1763/4496/1502 1762/4497/1458 

f 1839/4786/1502 1755/4787/1373 1757/4788/1373 1763/4789/1502 

f 1755/4790/1372 1839/4791/1456 1752/4792/1456 1753/4793/1372 

f 1767/4502/1379 1840/4499/1458 1762/4500/1458 1761/4501/1379 

f 1840/4794/1457 1767/4795/1380 1769/4796/1380 1838/4797/1457 

usemtl Chrome_01
v -0.398619 0.393301 0.888104
f 1750/4798/1460 1751/4799/1455 1837/4800/1454 1841/4801/1461 

v -0.39939 0.391964 0.886798
f 1841/4802/1461 1837/4803/1454 1835/4804/1452 1842/4805/1462 

v -0.399829 0.391204 0.885415
f 1842/4806/1462 1835/4807/1452 1836/4808/1453 1843/4809/1463 

v -0.404188 0.394011 0.883557
v -0.400044 0.390832 0.883557
f 1843/4810/1463 1836/4811/1453 1844/4812/1464 1845/4813/1465 

f 1836/4814/1453 1834/4815/1451 1833/4816/1449 1844/4817/1464 

v -0.404188 0.394011 0.855135
f 1844/4818/1464 1833/4819/1449 1831/4820/1450 1846/4821/1466 

f 1831/4748/1349 1829/4749/1349 1846/4822/1349

v -0.406882 0.391316 0.855135
f 1846/4822/1349 1829/4749/1349 1847/4823/1349

v -0.406882 0.391316 0.849519
f 1847/4824/1467 1829/4825/1447 1830/4826/1447 1848/4827/1467 

v -0.40195 0.387532 0.855135
v -0.40195 0.387532 0.849519
f 1849/4824/1468 1847/4825/1467 1848/4828/1467 1850/4829/1468 

v -0.400044 0.390832 0.855135
f 1851/4830/1349 1847/4823/1349 1849/4831/1349

f 1846/4822/1349 1847/4823/1349 1851/4830/1349

f 1846/4820/1466 1851/4821/1469 1845/4818/1465 1844/4819/1464 

v -0.395219 0.388833 0.855135
v -0.395219 0.388833 0.883557
f 1851/4757/1469 1852/4758/1470 1853/4755/1471 1845/4756/1465 

f 1851/4830/1349 1849/4831/1349 1852/4832/1349

v -0.390042 0.388151 0.855135
f 1852/4832/1349 1849/4831/1349 1854/4833/1349

f 1737/4426/1349 1854/4833/1349 1849/4831/1349

f 1737/4426/1349 1739/4427/1349 1854/4833/1349

vn -7.46629e-14 -1 -4.60924e-14
v -0.390042 0.388151 0.883557
f 1854/4834/1503 1739/4835/1361 1740/4836/1362 1855/4837/1473 

v -0.390042 0.388581 0.885415
vn -1.05493e-13 -0.993545 0.113438
f 1742/4838/1364 1856/4839/1485 1855/4840/1504 1740/4841/1362 

v -0.390042 0.389459 0.886798
vn -2.88871e-13 -0.753512 0.657434
f 1744/4842/1366 1857/4843/1505 1856/4844/1485 1742/4845/1364 

v -0.390042 0.391003 0.888104
vn -3.64718e-13 -0.534924 0.8449
f 1746/4846/1368 1858/4847/1506 1857/4848/1505 1744/4849/1366 

v -0.390042 0.392532 0.8888
vn -3.64716e-13 -0.534924 0.8449
f 1748/4850/1370 1859/4851/1478 1858/4852/1507 1746/4853/1368 

usemtl White_Semi_Gloss_001
f 1748/4450/1265 1749/4449/1265 1859/4854/1265

usemtl Chrome_01
v -0.394481 0.391587 0.888104
f 1859/4855/1478 1749/4856/1480 1860/4857/1481 1858/4858/1507 

f 1749/4859/1480 1750/4860/1460 1841/4861/1461 1860/4862/1481 

v -0.394881 0.390096 0.886798
f 1860/4863/1481 1841/4864/1461 1842/4865/1462 1861/4866/1483 

v -0.395108 0.389248 0.885415
f 1861/4867/1483 1842/4868/1462 1843/4869/1463 1862/4870/1484 

f 1862/4871/1484 1843/4872/1463 1845/4873/1465 1853/4874/1471 

f 1856/4875/1485 1862/4876/1484 1853/4877/1471 1855/4878/1504 

vn -2.88868e-13 -0.753512 0.657434
f 1857/4879/1508 1861/4880/1483 1862/4881/1484 1856/4882/1476 

f 1858/4883/1506 1860/4884/1481 1861/4885/1483 1857/4886/1508 

f 1852/4753/1470 1854/4754/1503 1855/4751/1504 1853/4752/1471 

v -0.396206 0.385152 0.855135
f 1737/4426/1349 1849/4831/1349 1863/4887/1349

v -0.396206 0.385152 0.849519
f 1863/4744/1487 1849/4745/1468 1850/4888/1468 1864/4889/1487 

v -0.390042 0.384341 0.855135
vn -6.34508e-14 -1 1.01902e-14
v -0.390042 0.384341 0.849519
f 1865/4741/1509 1863/4674/1487 1864/4890/1487 1866/4891/1509 

v -0.383878 0.385152 0.855135
f 1867/4892/1349 1863/4887/1349 1865/4893/1349

f 1737/4426/1349 1863/4887/1349 1867/4892/1349

v -0.383878 0.385152 0.849519
f 1737/4894/1360 1867/4895/1489 1868/4896/1489 1738/4897/1360 

f 1867/4898/1489 1865/4899/1509 1866/4900/1509 1868/4901/1489 

f 1648/4902/1289 1747/4903/1369 1745/4904/1367 1647/4905/1288 

f 1647/4906/1288 1745/4907/1367 1743/4908/1365 1646/4909/1287 

f 1646/4910/1287 1743/4911/1365 1741/4912/1363 1644/4913/1285 

f 1644/4914/1285 1741/4915/1363 1709/4916/1348 1645/4917/1286 

g Mesh9 Component_25_1 Component_24_1 Television_Silver_CRT1 Model

usemtl Silver_Noise_01
v 0.245667 0.37328 0.907993
vt -1.94049 7.21603
vn -0.829729 -0.148547 0.538037
v 0.245667 0.420555 0.916073
vt -1.93412 7.88474
vn -0.829729 -0.0386015 0.55683
v 0.233027 0.422591 0.904162
vt -2.2116 7.88738
v 0.233027 0.375316 0.896081
vt -2.21797 7.21868
f 1869/4918/1510 1870/4919/1511 1871/4920/1511 1872/4921/1510 

v 0.260845 0.432137 0.917488
vt -1.7208 8.04521
vn 0.0366437 -0.168376 0.985041
v 0.257725 0.432523 0.917671
vt -1.76429 8.05136
v 0.254604 0.432098 0.917714
vt -1.80788 8.04604
v 0.251696 0.430892 0.917616
vt -1.84862 8.02963
v 0.249199 0.428987 0.917383
vt -1.88371 8.00322
v 0.247282 0.426512 0.917032
vt -1.91078 7.96864
v 0.246078 0.423636 0.916585
vt -1.92797 7.92822
v 0.246078 0.370204 0.907452
vt -1.93517 7.17244
v 0.247282 0.367343 0.906918
vt -1.91875 7.1317
v 0.249199 0.364892 0.906427
vt -1.89235 7.09661
v 0.251696 0.363017 0.906014
vt -1.85777 7.06954
v 0.254604 0.361847 0.905706
vt -1.81735 7.05235
v 0.257725 0.361461 0.905524
vt -1.77387 7.0462
v 0.260845 0.361886 0.90548
vt -1.73027 7.05152
v 0.263753 0.363092 0.905578
vt -1.68954 7.06794
v 0.266251 0.364997 0.905811
vt -1.65444 7.09434
v 0.268167 0.367472 0.906163
vt -1.62737 7.12893
v 0.269371 0.370348 0.90661
vt -1.61018 7.16934
v 0.269782 0.373429 0.907121
vt -1.60403 7.21283
v 0.269782 0.420704 0.915202
vt -1.59766 7.88153
v 0.269371 0.42378 0.915743
vt -1.60298 7.92513
v 0.268167 0.426641 0.916277
vt -1.6194 7.96586
v 0.266251 0.429092 0.916767
vt -1.6458 8.00096
v 0.263753 0.430967 0.91718
vt -1.68039 8.02802
f 1873/4922/1512 1874/4923/1512 1875/4924/1512 1876/4925/1512 1877/4926/1512 1878/4927/1512 1879/4928/1512 1870/4919/1512 1869/4918/1512 1880/4929/1512 1881/4930/1512 1882/4931/1512 1883/4932/1512 1884/4933/1512 1885/4934/1512 1886/4935/1512 1887/4936/1512 1888/4937/1512 1889/4938/1512 1890/4939/1512 1891/4940/1512 1892/4941/1512 1893/4942/1512 1894/4943/1512 1895/4944/1512 1896/4945/1512 

v 0.257265 0.446648 0.907373
vt -1.74754 8.32834
vn 0.0192531 0.750216 0.660913
vn 0.239321 0.722998 0.648074
v 0.263538 0.445872 0.907007
vt -1.66012 8.31599
f 1897/4946/1513 1874/4923/1513 1873/4922/1514 1898/4947/1514 

vt -1.77576 8.32861
v 0.250992 0.445795 0.90746
vt -1.86339 8.31792
vn -0.200814 0.720279 0.663982
f 1874/4923/1513 1897/4948/1513 1899/4949/1515 1875/4924/1515 

vt -21.3136 40.1199
vn -0.258645 0.950518 0.172097
vt -21.2492 40.1696
vn -1.48916e-08 0.985703 0.168489
v 0.256917 0.448249 0.898011
vt -21.3238 40.2663
v 0.250644 0.447395 0.898099
vt -21.3882 40.2166
f 1899/4950/1516 1897/4951/1517 1900/4952/1517 1901/4953/1516 

vt -21.1848 40.2193
vn 0.258645 0.953714 0.1534
v 0.26319 0.447473 0.897645
vt -21.2594 40.3159
f 1897/4951/1517 1898/4954/1518 1902/4955/1518 1900/4952/1517 

vt -14.4588 -18.3247
v 0.269384 0.44352 0.906387
vt -14.4381 -18.4034
vn 0.499664 0.856731 0.127856
v 0.269036 0.44512 0.897025
vt -14.3201 -18.3723
vt -14.3408 -18.2936
f 1898/4956/1518 1903/4957/1519 1904/4958/1519 1902/4959/1518 

vn 0.444391 0.64048 0.62634
vt -1.5517 8.27386
vt -1.63293 8.30842
f 1873/4922/1514 1896/4945/1520 1903/4960/1520 1898/4961/1514 

vn 0.620489 0.508286 0.597193
v 0.274404 0.439752 0.905556
vt -1.45787 8.20511
vt -1.52739 8.25952
f 1896/4945/1520 1895/4944/1521 1905/4962/1521 1903/4963/1520 

vn 0.755613 0.335424 0.562618
v 0.278256 0.434824 0.904571
vt -1.38503 8.11442
vt -1.4381 8.18497
f 1894/4943/1522 1906/4964/1522 1905/4965/1521 1895/4944/1521 

vn 0.840556 0.133674 0.524973
v 0.280677 0.429073 0.903498
vt -1.33814 8.00796
vt -1.37115 8.08985
f 1893/4942/1523 1907/4966/1523 1906/4967/1522 1894/4943/1522 

vn 0.868175 -0.0281115 0.495461
v 0.281503 0.422891 0.90241
vt -1.32041 7.893
vt -1.3311 7.98064
f 1892/4941/1524 1908/4968/1524 1907/4969/1523 1893/4942/1523 

vn 0.868175 -0.138057 0.476667
v 0.281503 0.375615 0.894329
vt -1.32656 7.21018
vt -1.32019 7.87889
f 1892/4941/1524 1891/4940/1525 1909/4970/1525 1908/4971/1524 

vt -1.32705 7.19608
vn 0.840556 -0.30046 0.450765
v 0.280677 0.369423 0.893301
vt -1.33941 7.10866
f 1909/4972/1525 1891/4940/1525 1890/4939/1526 1910/4973/1526 

vt -1.34697 7.08147
vn 0.755613 -0.503259 0.41926
v 0.278256 0.363642 0.892403
vt -1.38153 7.00024
f 1910/4974/1526 1890/4939/1526 1889/4938/1527 1911/4975/1527 

vt -1.39588 6.97593
vn 0.620489 -0.677791 0.394453
v 0.274404 0.358666 0.891696
vt -1.45028 6.90641
f 1911/4976/1527 1889/4938/1527 1888/4937/1528 1912/4977/1528 

vn 0.444391 -0.812161 0.378036
v 0.269384 0.354836 0.891228
vt -1.54098 6.83357
vt -1.47043 6.88664
f 1888/4937/1528 1887/4936/1529 1913/4978/1529 1912/4979/1528 

vn 0.239321 -0.897213 0.371126
v 0.263538 0.352412 0.891031
vt -1.64743 6.78668
vt -1.56555 6.81969
f 1887/4936/1529 1886/4935/1530 1914/4980/1530 1913/4981/1529 

vn 0.0192531 -0.92715 0.374196
v 0.257265 0.351558 0.891119
vt -1.7624 6.76895
vt -1.67476 6.77964
f 1885/4934/1531 1915/4982/1531 1914/4983/1530 1886/4935/1530 

vt -1.79062 6.76922
vn -0.200814 -0.899932 0.387035
v 0.250992 0.352334 0.891485
vt -1.87803 6.78158
f 1915/4984/1531 1885/4934/1531 1884/4933/1532 1916/4985/1532 

vn -0.405885 -0.817414 0.408768
v 0.245146 0.354686 0.892104
vt -1.98646 6.8237
vt -1.90522 6.78914
f 1884/4933/1532 1883/4932/1533 1917/4986/1533 1916/4987/1532 

vn -0.581982 -0.68522 0.437915
v 0.240126 0.358455 0.892935
vt -2.08029 6.89245
vt -2.01076 6.83804
f 1883/4932/1533 1882/4931/1534 1918/4988/1534 1917/4989/1533 

vn -0.717107 -0.512358 0.47249
v 0.236274 0.363382 0.893921
vt -2.15313 6.98315
vt -2.10005 6.9126
f 1881/4930/1535 1919/4990/1535 1918/4991/1534 1882/4931/1534 

vn -0.80205 -0.310608 0.510136
v 0.233853 0.369133 0.894994
vt -2.20001 7.0896
vt -2.167 7.00772
f 1880/4929/1536 1920/4992/1536 1919/4993/1535 1881/4930/1535 

vt -2.21774 7.20456
vt -2.20705 7.11693
f 1869/4918/1510 1872/4994/1510 1920/4995/1536 1880/4929/1536 

vt -57.5826 11.0726
vn -0.965277 -0.261083 -0.00871918
vt -57.5675 11.1525
vn -0.997189 -0.0706289 0.0250228
v 0.232679 0.376916 0.88672
vt -57.6874 11.1752
v 0.233505 0.370734 0.885632
vt -57.7026 11.0953
f 1920/4996/1537 1872/4997/1538 1921/4998/1538 1922/4999/1537 

vt -57.4527 11.7577
vn -0.997189 0.0583072 0.0470622
v 0.232679 0.424191 0.8948
vt -57.5727 11.7805
f 1872/4997/1538 1871/5000/1539 1923/5001/1539 1921/4998/1538 

v 0.233853 0.428784 0.90519
vt -57.4376 11.8376
vn -0.965277 0.249155 0.0784973
v 0.233505 0.430384 0.895828
vt -57.5575 11.8604
f 1871/5000/1539 1924/5002/1540 1925/5003/1540 1923/5001/1539 

vt -2.2111 7.90149
vn -0.80205 0.123526 0.584343
vt -2.19875 7.9889
f 1871/5004/1511 1870/4919/1511 1879/4928/1541 1924/5005/1541 

vt -2.19118 8.01609
vn -0.717107 0.326325 0.615849
v 0.236274 0.434565 0.906088
vt -2.15662 8.09733
f 1924/5006/1541 1879/4928/1541 1878/4927/1542 1926/5007/1542 

vt -2.14228 8.12163
vn -0.581982 0.500857 0.640655
v 0.240126 0.43954 0.906795
vt -2.08787 8.19116
f 1926/5008/1542 1878/4927/1542 1877/4926/1543 1927/5009/1543 

vn -0.405885 0.635227 0.657073
v 0.245146 0.44337 0.907263
vt -1.99718 8.264
vt -2.06773 8.21092
f 1877/4926/1543 1876/4925/1544 1928/5010/1544 1927/5011/1543 

vt -1.89072 8.31088
vt -1.9726 8.27787
f 1876/4925/1544 1875/4924/1515 1899/5012/1515 1928/5013/1544 

vt -21.378 40.0703
vn -0.499664 0.850557 0.163976
v 0.244798 0.444971 0.897902
vt -21.4526 40.1669
f 1928/5014/1545 1899/4950/1516 1901/4953/1516 1929/5015/1545 

vt -48.5575 39.5414
vn -0.706632 0.692632 0.144681
vt -48.5343 39.6193
vt -48.6513 39.6542
v 0.239778 0.44114 0.897434
vt -48.6745 39.5762
f 1927/5016/1546 1928/5017/1545 1929/5018/1545 1930/5019/1546 

vt -48.5808 39.4634
vn -0.865444 0.487505 0.115525
v 0.235926 0.436165 0.896726
vt -48.6978 39.4983
f 1926/5020/1547 1927/5016/1546 1930/5019/1546 1931/5021/1547 

vt -48.604 39.3855
vt -48.721 39.4203
f 1924/5022/1540 1926/5020/1547 1931/5021/1547 1925/5023/1540 

vt -65.7468 -17.7531
vn -0.865444 -0.498199 -0.052964
vt -65.7232 -17.6752
vt -65.8401 -17.6399
v 0.235926 0.364982 0.884559
vt -65.8636 -17.7177
f 1919/5024/1548 1920/5025/1537 1922/5026/1537 1932/5027/1548 

vt -65.7703 -17.8309
vn -0.706632 -0.701363 -0.0935994
v 0.239778 0.360055 0.883573
vt -65.8872 -17.7955
f 1918/5028/1549 1919/5024/1548 1932/5027/1548 1933/5029/1549 

vt -65.7939 -17.9087
vn -0.499664 -0.856731 -0.127856
v 0.244798 0.356287 0.882742
vt -65.9107 -17.8734
f 1917/5030/1550 1918/5028/1549 1933/5029/1549 1934/5031/1550 

vt -65.8175 -17.9866
vn -0.258645 -0.953714 -0.1534
v 0.250644 0.353934 0.882123
vt -65.9343 -17.9512
f 1916/5032/1551 1917/5030/1550 1934/5031/1550 1935/5033/1551 

vt -56.6021 40.7109
vn -1.48916e-08 -0.985703 -0.168489
vt -56.5396 40.6589
vt -56.4616 40.7528
v 0.256917 0.353158 0.881757
vt -56.5241 40.8048
f 1915/5034/1552 1916/5035/1551 1935/5036/1551 1936/5037/1552 

vt -56.6647 40.7629
vn 0.258645 -0.950518 -0.172097
v 0.26319 0.354012 0.881669
vt -56.5867 40.8568
f 1914/5038/1553 1915/5034/1552 1936/5037/1552 1937/5039/1553 

vt -56.7273 40.8148
vn 0.499664 -0.850557 -0.163976
v 0.269036 0.356436 0.881866
vt -56.6492 40.9087
f 1913/5040/1554 1914/5038/1553 1937/5039/1553 1938/5041/1554 

vt -23.8634 24.3555
vn 0.706632 -0.692632 -0.144681
vt -23.8502 24.2753
vt -23.7297 24.2952
v 0.274056 0.360267 0.882334
vt -23.743 24.3755
f 1912/5042/1555 1913/5043/1554 1938/5044/1554 1939/5045/1555 

vt -23.8767 24.4357
vn 0.865444 -0.487505 -0.115525
v 0.277908 0.365242 0.883042
vt -23.7563 24.4557
f 1911/5046/1556 1912/5042/1555 1939/5045/1555 1940/5047/1556 

vt -23.89 24.516
vn 0.965277 -0.249155 -0.0784973
v 0.280329 0.371023 0.88394
vt -23.7696 24.5359
f 1910/5048/1557 1911/5046/1556 1940/5047/1556 1941/5049/1557 

vt -23.9033 24.5962
vn 0.997189 -0.0583072 -0.0470622
v 0.281155 0.377216 0.884967
vt -23.7829 24.6162
f 1909/5050/1558 1910/5048/1557 1941/5049/1557 1942/5051/1558 

vt -21.5795 11.1057
vn 0.997189 0.070629 -0.0250228
vt -21.4868 10.4966
vt -21.3662 10.515
v 0.281155 0.424491 0.893048
vt -21.4588 11.124
f 1908/5052/1559 1909/5053/1558 1942/5054/1558 1943/5055/1559 

vt -21.5917 11.1861
vn 0.965277 0.261083 0.00871919
v 0.280329 0.430673 0.894136
vt -21.4711 11.2044
f 1907/5056/1560 1908/5052/1559 1943/5055/1559 1944/5057/1560 

vt -21.604 11.2665
vn 0.865444 0.498199 0.052964
v 0.277908 0.436424 0.895209
vt -21.4833 11.2848
f 1906/5058/1561 1907/5056/1560 1944/5057/1560 1945/5059/1561 

vt -21.6162 11.3469
vn 0.706632 0.701363 0.0935994
v 0.274056 0.441352 0.896195
vt -21.4955 11.3652
f 1905/5060/1562 1906/5058/1561 1945/5059/1561 1946/5061/1562 

vt -14.4174 -18.482
vt -14.2994 -18.4509
f 1903/4957/1519 1905/5062/1562 1946/5063/1562 1904/4958/1519 

g Mesh10 Component_16_1 Component_24_1 Television_Silver_CRT1 Model

usemtl Black_SemiGloss_01
v 0.253958 0.420933 0.924088
vt -1.08812 0.317665
vn -0.399419 0.0969005 0.911633
v 0.255676 0.422638 0.924316
vt -2.49544 0.317665
vn -0.217177 0.277785 0.935772
v 0.253832 0.426141 0.921493
vt -3.01056 -2.44945
vn -0.413842 0.651284 0.636054
v 0.250856 0.423188 0.921099
vt -0.572998 -2.44945
vn -0.730253 0.337231 0.594143
f 1947/5064/1563 1948/5065/1564 1949/5066/1565 1950/5067/1566 

vt -2.49544 -2.99838
vt -1.08812 -2.99838
v 0.258069 0.418431 0.924785
vt -1.79178 -0.273097
vn 0.0363196 -0.0360743 0.998689
f 1948/5068/1564 1947/5069/1563 1951/5070/1567

vt -3.15128 -1.90377
v 0.253329 0.418614 0.923715
vt -1.74395 -1.90377
vn -0.466005 -0.0833339 0.880849
vt -2.44762 0.821511
f 1947/5071/1563 1952/5072/1568 1951/5073/1567

vt -1.74395 1.10686
vt -3.15128 1.10686
vt -3.6664 -1.66026
v 0.249767 0.419172 0.920453
vt -1.22883 -1.66026
vn -0.841112 0.0229834 0.540373
f 1952/5074/1568 1947/5075/1563 1950/5076/1566 1953/5077/1569 

v 0.249595 0.424592 0.916617
vt -3.85495 -1.48034
vn -0.82647 0.427315 0.366536
v 0.248337 0.419955 0.915871
vt -1.04029 -1.48034
vn -0.94814 0.0753411 0.308795
vt -1.22883 1.328
vt -3.6664 1.328
f 1954/5078/1570 1955/5079/1571 1953/5080/1569 1950/5081/1566 

vt -2.53396 1.40733
vt -2.53396 -1.40733
v 0.248337 0.374178 0.908047
vt 24.3483 -1.40733
vn -0.94814 -0.173633 0.266237
v 0.249767 0.373395 0.912628
vt 24.3483 1.40733
vn -0.841112 -0.201169 0.502058
f 1953/5082/1569 1955/5083/1571 1956/5084/1572 1957/5085/1573 

vt 22.1113 -2.89501
v 0.249595 0.369556 0.90721
vt 24.9259 -2.89501
vn -0.82647 -0.524802 0.203788
v 0.250856 0.369393 0.911903
vt 24.7374 -0.0866719
vn -0.730253 -0.515435 0.448394
vt 22.2998 -0.0866719
f 1956/5086/1572 1958/5087/1574 1959/5088/1575 1957/5089/1573 

vt 15.8095 -5.62991
v 0.253031 0.366188 0.906506
vt 18.6242 -5.62991
vn -0.473154 -0.871118 0.131448
v 0.253832 0.366476 0.911294
vt 18.4356 -2.82157
vn -0.413842 -0.825578 0.38361
vt 15.998 -2.82157
f 1958/5090/1574 1960/5091/1576 1961/5092/1577 1959/5093/1575 

vt 4.89447 -7.2089
v 0.257725 0.364977 0.906125
vt 7.70912 -7.2089
vn 0.00948409 -0.995695 0.0921992
v 0.257897 0.365427 0.910963
vt 7.52058 -4.40057
vn 0.0183847 -0.937143 0.348461
vt 5.08301 -4.40057
f 1960/5094/1576 1962/5095/1578 1963/5096/1579 1961/5097/1577 

vt -7.70912 -7.2089
v 0.262418 0.366246 0.906167
vt -4.89447 -7.2089
vn 0.492123 -0.865154 0.0965588
v 0.261961 0.366526 0.911
vt -5.08301 -4.40057
vn 0.450611 -0.820237 0.352365
vt -7.52058 -4.40057
f 1962/5098/1578 1964/5099/1580 1965/5100/1581 1963/5101/1579 

vt -18.6242 -5.62991
v 0.265854 0.369657 0.906622
vt -15.8095 -5.62991
vn 0.845439 -0.514472 0.143359
v 0.264937 0.36948 0.911394
vt -15.998 -2.82157
vn 0.767022 -0.506185 0.394276
vt -18.4356 -2.82157
f 1964/5102/1580 1966/5103/1582 1967/5104/1583 1965/5105/1581 

vt -24.9259 -2.89501
v 0.267112 0.374294 0.907368
vt -22.1113 -2.89501
vn 0.966956 -0.161801 0.197017
v 0.266026 0.373496 0.91204
vt -22.2998 -0.0866719
vn 0.877579 -0.190551 0.439938
vt -24.7374 -0.0866719
f 1966/5106/1582 1968/5107/1584 1969/5108/1585 1967/5109/1583 

v 0.267112 0.420071 0.915193
vt 2.53396 -1.40733
vn 0.966956 0.087173 0.239575
v 0.266026 0.419272 0.919865
vt 2.53396 1.40733
vn 0.877579 0.0336018 0.478253
vt -24.3483 1.40733
vt -24.3483 -1.40733
f 1970/5110/1586 1971/5111/1587 1969/5112/1585 1968/5113/1584 

vt 1.04029 -1.48034
v 0.265854 0.424693 0.91603
vt 3.85495 -1.48034
vn 0.845439 0.437644 0.306107
v 0.264937 0.423275 0.92059
vt 3.6664 1.328
vn 0.767022 0.346482 0.540025
vt 1.22883 1.328
f 1970/5114/1586 1972/5115/1588 1973/5116/1589 1971/5117/1587 

vt 0.384451 -1.76496
v 0.262418 0.42806 0.916733
vt 3.19911 -1.76496
vn 0.492123 0.78396 0.378447
v 0.261961 0.426191 0.921199
vt 3.01056 1.04337
vn 0.450611 0.656624 0.604809
vt 0.572998 1.04337
f 1972/5118/1588 1974/5119/1590 1975/5120/1591 1973/5121/1589 

vt -0.751492 -1.92929
v 0.257725 0.429272 0.917115
vt 2.06317 -1.92929
vn 0.00948409 0.908537 0.417696
v 0.257897 0.427241 0.921529
vt 1.87462 0.879042
vn 0.0183847 0.76819 0.639958
vt -0.562945 0.879042
f 1974/5122/1590 1976/5123/1592 1977/5124/1593 1975/5125/1591 

vt -2.06317 -1.92929
v 0.253031 0.428002 0.917073
vt 0.751492 -1.92929
vn -0.473154 0.777996 0.413336
vt 0.562945 0.879042
vt -1.87462 0.879042
f 1976/5126/1592 1978/5127/1594 1949/5128/1565 1977/5129/1593 

vt -3.19911 -1.76496
vt -0.384451 -1.76496
vt -0.572998 1.04337
vt -3.01056 1.04337
f 1978/5130/1594 1954/5131/1570 1950/5132/1566 1949/5133/1565 

vt 0.0478273 -0.137976
v 0.258023 0.423273 0.924337
vt -1.3595 -0.137976
vn 0.0317717 0.345119 0.938021
vt -1.87462 -2.90509
vt 0.562945 -2.90509
f 1948/5134/1564 1979/5135/1595 1977/5136/1593 1949/5137/1565 

vt -1.3595 -3.63035
vt 0.0478273 -3.63035
vt -0.655837 -0.905069
f 1979/5138/1595 1948/5139/1564 1951/5140/1567

v 0.26037 0.422667 0.924146
vt -0.0478273 -3.63035
vn 0.28072 0.280861 0.917776
vt 1.3595 -3.63035
vt 0.655837 -0.905069
f 1980/5141/1596 1979/5142/1595 1951/5143/1567

vt 1.3595 -0.137976
vt -0.0478273 -0.137976
vt -0.562945 -2.90509
vt 1.87462 -2.90509
f 1979/5144/1595 1980/5145/1596 1975/5146/1591 1977/5147/1593 

vt 2.49544 0.317665
v 0.262087 0.420983 0.923794
vt 1.08812 0.317665
vn 0.462963 0.102229 0.880463
vt 0.572998 -2.44945
vt 3.01056 -2.44945
f 1980/5148/1596 1981/5149/1597 1973/5150/1589 1975/5151/1591 

vt 1.08812 -2.99838
vt 2.49544 -2.99838
vt 1.79178 -0.273097
f 1981/5152/1597 1980/5153/1596 1951/5154/1567

v 0.262716 0.418672 0.923376
vt 1.74395 -1.90377
vn 0.529372 -0.0771843 0.844872
vt 3.15128 -1.90377
vt 2.44762 0.821511
f 1982/5155/1598 1981/5156/1597 1951/5157/1567

vt 3.15128 1.10686
vt 1.74395 1.10686
vt 1.22883 -1.66026
vt 3.6664 -1.66026
f 1981/5158/1597 1982/5159/1598 1971/5160/1587 1973/5161/1589 

v 0.262716 0.372895 0.915551
vn 0.529372 -0.207832 0.82254
f 1971/5110/1587 1982/5111/1598 1983/5112/1599 1969/5113/1585 

v 0.258069 0.372655 0.916961
vn 0.0363196 -0.2977 0.953968
f 1982/5110/1598 1951/5111/1567 1984/5112/1600 1983/5113/1599 

v 0.253329 0.372837 0.91589
vn -0.466005 -0.213981 0.858517
f 1951/5082/1567 1952/5083/1568 1985/5084/1601 1984/5085/1600 

f 1952/5082/1568 1953/5083/1569 1957/5084/1573 1985/5085/1601 

v 0.253958 0.370527 0.915472
vt 24.2223 -2.81565
vn -0.399419 -0.394208 0.827686
vt 22.815 -2.81565
vt 22.2998 -5.58277
vt 24.7374 -5.58277
f 1986/5162/1602 1985/5163/1601 1957/5164/1573 1959/5165/1575 

vt 22.815 -7.34428
vt 24.2223 -7.34428
vt 23.5186 -4.619
f 1985/5166/1601 1986/5167/1602 1984/5168/1600

vt 16.5132 -17.8621
v 0.255676 0.368843 0.91512
vt 17.9205 -17.8621
vn -0.217177 -0.57284 0.790373
vt 17.2168 -15.1368
f 1986/5169/1602 1987/5170/1603 1984/5171/1600

vt 17.9205 -10.3988
vt 16.5132 -10.3988
vt 15.998 -13.166
vt 18.4356 -13.166
f 1987/5172/1603 1986/5173/1602 1959/5174/1575 1961/5175/1577 

v 0.258023 0.368237 0.914929
vt 7.00546 -14.777
vn 0.0317717 -0.637098 0.770128
vt 5.59813 -14.777
vt 5.08301 -17.5441
vt 7.52058 -17.5441
f 1988/5176/1604 1987/5177/1603 1961/5178/1577 1963/5179/1579 

vt 5.59813 -23.9346
vt 7.00546 -23.9346
vt 6.30179 -21.2093
f 1987/5180/1603 1988/5181/1604 1984/5182/1600

vt -7.00546 -23.9346
v 0.26037 0.368872 0.914951
vt -5.59813 -23.9346
vn 0.28072 -0.569764 0.772376
vt -6.30179 -21.2093
f 1988/5183/1604 1989/5184/1605 1984/5185/1600

vt -5.59813 -14.777
vt -7.00546 -14.777
vt -7.52058 -17.5441
vt -5.08301 -17.5441
f 1989/5186/1605 1988/5187/1604 1963/5188/1579 1965/5189/1581 

v 0.262087 0.370577 0.915178
vt -16.5132 -10.3988
vn 0.462963 -0.38888 0.796516
vt -17.9205 -10.3988
vt -18.4356 -13.166
vt -15.998 -13.166
f 1990/5190/1606 1989/5191/1605 1965/5192/1581 1967/5193/1583 

vt -17.9205 -17.8621
vt -16.5132 -17.8621
vt -17.2168 -15.1368
f 1989/5194/1605 1990/5195/1606 1984/5196/1600

vt -24.2223 -7.34428
vt -22.815 -7.34428
vt -23.5186 -4.619
f 1990/5197/1606 1983/5198/1599 1984/5199/1600

vt -22.815 -2.81565
vt -24.2223 -2.81565
vt -24.7374 -5.58277
vt -22.2998 -5.58277
f 1983/5200/1599 1990/5201/1606 1967/5202/1583 1969/5203/1585 

g Mesh11 Component_25_2 Component_24_2 Television_Silver_CRT1 Model

usemtl Silver_Noise_01
v 0.314375 0.374439 0.905799
vn -0.828758 -0.148791 0.539463
v 0.314375 0.421714 0.91388
vn -0.828758 -0.0388454 0.558257
v 0.301714 0.423747 0.90199
v 0.301714 0.376471 0.89391
f 1991/4918/1607 1992/4919/1608 1993/4920/1608 1994/4921/1607 

v 0.329552 0.4333 0.915269
vn 0.0383878 -0.168365 0.984977
v 0.326432 0.433685 0.915456
v 0.323311 0.43326 0.915505
v 0.320403 0.432053 0.915412
v 0.317906 0.430147 0.915184
v 0.31599 0.427671 0.914835
v 0.314786 0.424795 0.91439
v 0.314786 0.371364 0.905257
v 0.31599 0.368503 0.904721
v 0.317906 0.366052 0.904228
v 0.320403 0.364178 0.90381
v 0.323311 0.363009 0.903497
v 0.326432 0.362624 0.903309
v 0.329552 0.363049 0.90326
v 0.33246 0.364256 0.903353
v 0.334957 0.366163 0.903582
v 0.336873 0.368638 0.90393
v 0.338078 0.371514 0.904375
v 0.338489 0.374595 0.904886
v 0.338489 0.42187 0.912967
v 0.338078 0.424946 0.913508
v 0.336873 0.427806 0.914044
v 0.334957 0.430257 0.914538
v 0.33246 0.432131 0.914956
f 1995/4922/1609 1996/4923/1609 1997/4924/1609 1998/4925/1609 1999/4926/1609 2000/4927/1609 2001/4928/1609 1992/4919/1609 1991/4918/1609 2002/4929/1609 2003/4930/1609 2004/4931/1609 2005/4932/1609 2006/4933/1609 2007/4934/1609 2008/4935/1609 2009/4936/1609 2010/4937/1609 2011/4938/1609 2012/4939/1609 2013/4940/1609 2014/4941/1609 2015/4942/1609 2016/4943/1609 2017/4944/1609 2018/4945/1609 

v 0.32595 0.447811 0.905159
vn 0.0201695 0.750221 0.660879
vn 0.240223 0.723068 0.647661
v 0.332223 0.447037 0.904782
f 2019/4946/1610 1996/4923/1610 1995/4922/1611 2020/4947/1611 

v 0.319678 0.446956 0.905258
vn -0.199884 0.72022 0.664327
f 1996/4923/1610 2019/4948/1610 2021/4949/1612 1997/4924/1612 

vn -0.258628 0.950442 0.172542
vn -1.48906e-08 0.985703 0.168489
v 0.325586 0.449411 0.895798
v 0.319313 0.448556 0.895896
f 2021/4950/1613 2019/4951/1614 2022/4952/1614 2023/4953/1613 

vn 0.258628 0.95379 0.152955
v 0.331858 0.448637 0.895421
f 2019/4951/1614 2020/4954/1615 2024/4955/1615 2022/4952/1614 

v 0.338069 0.444686 0.904153
vn 0.499631 0.856878 0.126997
v 0.337704 0.446287 0.894792
f 2020/4956/1615 2025/4957/1616 2026/4958/1616 2024/4959/1615 

vn 0.445279 0.640611 0.625575
f 1995/4922/1611 2018/4945/1617 2025/4960/1617 2020/4961/1611 

vn 0.621366 0.508468 0.596125
v 0.343088 0.44092 0.903313
f 2018/4945/1617 2017/4944/1618 2027/4962/1618 2025/4963/1617 

vn 0.756481 0.335646 0.561318
v 0.34694 0.435993 0.902321
f 2016/4943/1619 2028/4964/1619 2027/4965/1618 2017/4944/1618 

vn 0.841419 0.133921 0.523526
v 0.349361 0.430243 0.901244
f 2015/4942/1620 2029/4966/1620 2028/4967/1619 2016/4943/1619 

vn 0.869035 -0.0278561 0.493966
v 0.350187 0.42406 0.900155
f 2014/4941/1621 2030/4968/1621 2029/4969/1620 2015/4942/1620 

vn 0.869035 -0.137802 0.475173
v 0.350187 0.376785 0.892074
f 2014/4941/1621 2013/4940/1622 2031/4970/1622 2030/4971/1621 

vn 0.841419 -0.300213 0.449318
v 0.349361 0.370592 0.891048
f 2031/4972/1622 2013/4940/1622 2012/4939/1623 2032/4973/1623 

vn 0.756481 -0.503037 0.417959
v 0.34694 0.36481 0.890154
f 2032/4974/1623 2012/4939/1623 2011/4938/1624 2033/4975/1624 

vn 0.621366 -0.677608 0.393385
v 0.343088 0.359834 0.889453
f 2033/4976/1624 2011/4938/1624 2010/4937/1625 2034/4977/1625 

vn 0.445279 -0.81203 0.37727
v 0.338069 0.356002 0.888994
f 2010/4937/1625 2009/4936/1626 2035/4978/1626 2034/4979/1625 

vn 0.240223 -0.897142 0.370714
v 0.332223 0.353576 0.888807
f 2009/4936/1626 2008/4935/1627 2036/4980/1627 2035/4981/1626 

vn 0.0201695 -0.927144 0.374162
v 0.32595 0.352721 0.888905
f 2007/4934/1628 2037/4982/1628 2036/4983/1627 2008/4935/1627 

vn -0.199884 -0.899991 0.387379
v 0.319678 0.353495 0.889282
f 2037/4984/1628 2007/4934/1628 2006/4933/1629 2038/4985/1629 

vn -0.40494 -0.817534 0.409466
v 0.313832 0.355845 0.889912
f 2006/4933/1629 2005/4932/1630 2039/4986/1630 2038/4987/1629 

vn -0.581027 -0.685391 0.438916
v 0.308813 0.359612 0.890751
f 2005/4932/1630 2004/4931/1631 2040/4988/1631 2039/4989/1630 

vn -0.716142 -0.512569 0.473723
v 0.304961 0.364539 0.891743
f 2003/4930/1632 2041/4990/1632 2040/4991/1631 2004/4931/1631 

vn -0.80108 -0.310844 0.511515
v 0.30254 0.370289 0.892821
f 2002/4929/1633 2042/4992/1633 2041/4993/1632 2003/4930/1632 

f 1991/4918/1607 1994/4994/1607 2042/4995/1633 2002/4929/1633 

vn -0.965214 -0.261366 -0.00705859
vn -0.997123 -0.0709222 0.0267382
v 0.301349 0.378072 0.884548
v 0.302175 0.371889 0.883459
f 2042/4996/1634 1994/4997/1635 2043/4998/1635 2044/4999/1634 

vn -0.997123 0.058014 0.0487777
v 0.301349 0.425347 0.892629
f 1994/4997/1635 1993/5000/1636 2045/5001/1636 2043/4998/1635 

v 0.30254 0.42994 0.903017
vn -0.965214 0.248871 0.0801579
v 0.302175 0.43154 0.893656
f 1993/5000/1636 2046/5002/1637 2047/5003/1637 2045/5001/1636 

vn -0.80108 0.12329 0.585722
f 1993/5004/1608 1992/4919/1608 2001/4928/1638 2046/5005/1638 

vn -0.716142 0.326114 0.617081
v 0.304961 0.435721 0.903911
f 2046/5006/1638 2001/4928/1638 2000/4927/1639 2048/5007/1639 

vn -0.581027 0.500686 0.641656
v 0.308813 0.440698 0.904611
f 2048/5008/1639 2000/4927/1639 1999/4926/1640 2049/5009/1640 

vn -0.40494 0.635108 0.65777
v 0.313832 0.44453 0.905071
f 1999/4926/1640 1998/4925/1641 2050/5010/1641 2049/5011/1640 

f 1998/4925/1641 1997/4924/1612 2021/5012/1612 2050/5013/1641 

vn -0.499631 0.85041 0.164836
v 0.313467 0.44613 0.895709
f 2050/5014/1642 2021/4950/1613 2023/4953/1613 2051/5015/1642 

vn -0.706586 0.692424 0.145896
v 0.308448 0.442298 0.89525
f 2049/5016/1643 2050/5017/1642 2051/5018/1642 2052/5019/1643 

vn -0.865387 0.48725 0.117014
v 0.304596 0.437321 0.89455
f 2048/5020/1644 2049/5016/1643 2052/5019/1643 2053/5021/1644 

f 2046/5022/1637 2048/5020/1644 2053/5021/1644 2047/5023/1637 

vn -0.865387 -0.498453 -0.0514752
v 0.304596 0.366139 0.882382
f 2041/5024/1645 2042/5025/1634 2044/5026/1634 2054/5027/1645 

vn -0.706586 -0.701571 -0.0923838
v 0.308448 0.361212 0.88139
f 2040/5028/1646 2041/5024/1645 2054/5027/1645 2055/5029/1646 

vn -0.499631 -0.856878 -0.126997
v 0.313467 0.357445 0.88055
f 2039/5030/1647 2040/5028/1646 2055/5029/1646 2056/5031/1647 

vn -0.258628 -0.95379 -0.152955
v 0.319313 0.355095 0.879921
f 2038/5032/1648 2039/5030/1647 2056/5031/1647 2057/5033/1648 

vn -1.48906e-08 -0.985703 -0.168489
v 0.325586 0.354321 0.879544
f 2037/5034/1649 2038/5035/1648 2057/5036/1648 2058/5037/1649 

vn 0.258628 -0.950442 -0.172542
v 0.331858 0.355176 0.879446
f 2036/5038/1650 2037/5034/1649 2058/5037/1649 2059/5039/1650 

vn 0.499631 -0.85041 -0.164836
v 0.337704 0.357602 0.879633
f 2035/5040/1651 2036/5038/1650 2059/5039/1650 2060/5041/1651 

vn 0.706586 -0.692424 -0.145896
v 0.342723 0.361434 0.880092
f 2034/5042/1652 2035/5043/1651 2060/5044/1651 2061/5045/1652 

vn 0.865387 -0.48725 -0.117014
v 0.346575 0.366411 0.880792
f 2033/5046/1653 2034/5042/1652 2061/5045/1652 2062/5047/1653 

vn 0.965214 -0.248871 -0.0801579
v 0.348996 0.372192 0.881686
f 2032/5048/1654 2033/5046/1653 2062/5047/1653 2063/5049/1654 

vn 0.997123 -0.058014 -0.0487777
v 0.349822 0.378385 0.882713
f 2031/5050/1655 2032/5048/1654 2063/5049/1654 2064/5051/1655 

vn 0.997123 0.0709222 -0.0267382
v 0.349822 0.42566 0.890794
f 2030/5052/1656 2031/5053/1655 2064/5054/1655 2065/5055/1656 

vn 0.965214 0.261366 0.0070586
v 0.348996 0.431843 0.891883
f 2029/5056/1657 2030/5052/1656 2065/5055/1656 2066/5057/1657 

vn 0.865387 0.498453 0.0514752
v 0.346575 0.437593 0.89296
f 2028/5058/1658 2029/5056/1657 2066/5057/1657 2067/5059/1658 

vn 0.706586 0.701571 0.0923838
v 0.342723 0.44252 0.893952
f 2027/5060/1659 2028/5058/1658 2067/5059/1658 2068/5061/1659 

f 2025/4957/1616 2027/5062/1659 2068/5063/1659 2026/4958/1616 

g Mesh12 Component_16_2 Component_24_2 Television_Silver_CRT1 Model

usemtl Black_SemiGloss_01
v 0.32268 0.422094 0.92188
vn -0.397879 0.0967833 0.912319
v 0.324397 0.4238 0.922105
vn -0.215648 0.277721 0.936145
v 0.322548 0.427303 0.919285
vn -0.412938 0.651162 0.636765
v 0.319572 0.424348 0.918896
vn -0.729329 0.337017 0.595398
f 2069/5064/1660 2070/5065/1661 2071/5066/1662 2072/5067/1663 

v 0.326792 0.419594 0.92257
vn 0.0380483 -0.0360634 0.998625
f 2070/5068/1661 2069/5069/1660 2073/5070/1664

v 0.322051 0.419775 0.921508
vn -0.464465 -0.0834708 0.881649
f 2069/5071/1660 2074/5072/1665 2073/5073/1664

v 0.318483 0.420332 0.918252
vn -0.840187 0.0227361 0.541819
f 2074/5074/1665 2069/5075/1660 2072/5076/1663 2075/5077/1666 

v 0.318303 0.425752 0.914417
vn -0.825964 0.427072 0.367958
v 0.317045 0.421115 0.913673
vn -0.947629 0.0750623 0.310426
f 2076/5078/1667 2077/5079/1668 2075/5080/1666 2072/5081/1663 

v 0.317045 0.375338 0.905848
vn -0.947629 -0.173912 0.267868
v 0.318483 0.374556 0.910427
vn -0.840187 -0.201417 0.503504
f 2075/5082/1666 2077/5083/1668 2078/5084/1669 2079/5085/1670 

v 0.318303 0.370717 0.90501
vn -0.825964 -0.525045 0.20521
v 0.319572 0.370553 0.909701
vn -0.729329 -0.51565 0.449649
f 2078/5086/1669 2080/5087/1671 2081/5088/1672 2079/5089/1670 

v 0.321738 0.36735 0.9043
vn -0.472671 -0.871257 0.132262
v 0.322548 0.367637 0.909086
vn -0.412938 -0.825699 0.384321
f 2080/5090/1671 2082/5091/1673 2083/5092/1674 2081/5093/1672 

v 0.326432 0.36614 0.90391
vn 0.0099355 -0.995693 0.0921825
v 0.326612 0.366589 0.908749
vn 0.0192597 -0.937138 0.348428
f 2082/5094/1673 2084/5095/1675 2085/5096/1676 2083/5097/1674 

v 0.331125 0.367411 0.903945
vn 0.492542 -0.865009 0.0957118
v 0.330677 0.36769 0.908778
vn 0.451458 -0.820104 0.351589
f 2084/5098/1675 2086/5099/1677 2087/5100/1678 2085/5101/1676 

v 0.334561 0.370822 0.904394
vn 0.845835 -0.514224 0.141904
v 0.333652 0.370644 0.909167
vn 0.767848 -0.505959 0.392956
f 2086/5102/1677 2088/5103/1679 2089/5104/1680 2087/5105/1678 

v 0.335818 0.37546 0.905138
vn 0.967341 -0.161517 0.195354
v 0.334741 0.374661 0.909811
vn 0.878391 -0.190293 0.438427
f 2088/5106/1679 2090/5107/1681 2091/5108/1682 2089/5109/1680 

v 0.335818 0.421236 0.912962
vn 0.967341 0.0874574 0.237912
v 0.334741 0.420437 0.917636
vn 0.878391 0.03386 0.476742
f 2092/5110/1683 2093/5111/1684 2091/5112/1682 2090/5113/1681 

v 0.334561 0.425858 0.913801
vn 0.845835 0.437893 0.304652
v 0.333652 0.42444 0.918363
vn 0.767848 0.346707 0.538705
f 2092/5114/1683 2094/5115/1685 2095/5116/1686 2093/5117/1684 

v 0.331125 0.429225 0.914511
vn 0.492542 0.784105 0.3776
v 0.330677 0.427355 0.918977
vn 0.451458 0.656757 0.604033
f 2094/5118/1685 2096/5119/1687 2097/5120/1688 2095/5121/1686 

v 0.326432 0.430435 0.9149
vn 0.0099355 0.90854 0.417679
v 0.326612 0.428403 0.919315
vn 0.0192597 0.768195 0.639926
f 2096/5122/1687 2098/5123/1689 2099/5124/1690 2097/5125/1688 

v 0.321738 0.429164 0.914866
vn -0.472671 0.777857 0.41415
f 2098/5126/1689 2100/5127/1691 2071/5128/1662 2099/5129/1690 

f 2100/5130/1691 2076/5131/1667 2072/5132/1663 2071/5133/1662 

v 0.326744 0.424435 0.922122
vn 0.0332839 0.345128 0.937965
f 2070/5134/1661 2101/5135/1692 2099/5136/1690 2071/5137/1662 

f 2101/5138/1692 2070/5139/1661 2073/5140/1664

v 0.329091 0.42383 0.921927
vn 0.282216 0.280943 0.917292
f 2102/5141/1693 2101/5142/1692 2073/5143/1664

f 2101/5144/1692 2102/5145/1693 2097/5146/1688 2099/5147/1690 

v 0.330809 0.422147 0.921572
vn 0.464447 0.102365 0.879665
f 2102/5148/1693 2103/5149/1694 2095/5150/1686 2097/5151/1688 

f 2103/5152/1694 2102/5153/1693 2073/5154/1664

v 0.331437 0.419836 0.921153
vn 0.530847 -0.0770284 0.84396
f 2104/5155/1695 2103/5156/1694 2073/5157/1664

f 2103/5158/1694 2104/5159/1695 2093/5160/1684 2095/5161/1686 

v 0.331437 0.37406 0.913328
vn 0.530847 -0.207676 0.821628
f 2093/5110/1684 2104/5111/1695 2105/5112/1696 2091/5113/1682 

v 0.326792 0.373817 0.914745
vn 0.0380483 -0.297689 0.953905
f 2104/5110/1695 2073/5111/1664 2106/5112/1697 2105/5113/1696 

v 0.322051 0.373999 0.913684
vn -0.464465 -0.214118 0.859317
f 2073/5082/1664 2074/5083/1665 2107/5084/1698 2106/5085/1697 

f 2074/5082/1665 2075/5083/1666 2079/5084/1670 2107/5085/1698 

v 0.32268 0.371688 0.913264
vn -0.397879 -0.394325 0.828372
f 2108/5162/1699 2107/5163/1698 2079/5164/1670 2081/5165/1672 

f 2107/5166/1698 2108/5167/1699 2106/5168/1697

v 0.324397 0.370005 0.912909
vn -0.215648 -0.572904 0.790745
f 2108/5169/1699 2109/5170/1700 2106/5171/1697

f 2109/5172/1700 2108/5173/1699 2081/5174/1672 2083/5175/1674 

v 0.326744 0.3694 0.912715
vn 0.0332839 -0.637088 0.770072
f 2110/5176/1701 2109/5177/1700 2083/5178/1674 2085/5179/1676 

f 2109/5180/1700 2110/5181/1701 2106/5182/1697

v 0.329091 0.370035 0.912732
vn 0.282216 -0.569681 0.771892
f 2110/5183/1701 2111/5184/1702 2106/5185/1697

f 2111/5186/1702 2110/5187/1701 2085/5188/1676 2087/5189/1678 

v 0.330809 0.371741 0.912956
vn 0.464447 -0.388743 0.795718
f 2112/5190/1703 2111/5191/1702 2087/5192/1678 2089/5193/1680 

f 2111/5194/1702 2112/5195/1703 2106/5196/1697

f 2112/5197/1703 2105/5198/1696 2106/5199/1697

f 2105/5200/1696 2112/5201/1703 2089/5202/1680 2091/5203/1682 

g Mesh13 Component_25_3 Component_24_3 Television_Silver_CRT1 Model

usemtl Silver_Noise_01
v 0.383094 0.375588 0.903667
vn -0.824851 -0.149764 0.545153
v 0.383094 0.422863 0.911748
vn -0.824851 -0.0398179 0.563946
v 0.370349 0.42488 0.899946
v 0.370349 0.377605 0.891865
f 2113/4918/1704 2114/4919/1705 2115/4920/1705 2116/4921/1704 

v 0.398267 0.434467 0.913033
vn 0.045363 -0.168316 0.984689
v 0.395147 0.434848 0.913242
v 0.392027 0.434419 0.913312
v 0.38912 0.433209 0.913239
v 0.386624 0.4313 0.913028
v 0.384709 0.428822 0.912692
v 0.383505 0.425944 0.912256
v 0.383505 0.372513 0.903123
v 0.384709 0.369653 0.902579
v 0.386624 0.367205 0.902072
v 0.38912 0.365334 0.901637
v 0.392027 0.364168 0.901304
v 0.395147 0.363787 0.901095
v 0.398267 0.364216 0.901024
v 0.401174 0.365426 0.901097
v 0.40367 0.367335 0.901309
v 0.405586 0.369813 0.901644
v 0.40679 0.372691 0.90208
v 0.4072 0.375772 0.902588
v 0.4072 0.423047 0.910669
v 0.40679 0.426122 0.911214
v 0.405586 0.428981 0.911758
v 0.40367 0.43143 0.912265
v 0.401174 0.433301 0.912699
f 2117/4922/1706 2118/4923/1706 2119/4924/1706 2120/4925/1706 2121/4926/1706 2122/4927/1706 2123/4928/1706 2114/4919/1706 2113/4918/1706 2124/4929/1706 2125/4930/1706 2126/4931/1706 2127/4932/1706 2128/4933/1706 2129/4934/1706 2130/4935/1706 2131/4936/1706 2132/4937/1706 2133/4938/1706 2134/4939/1706 2135/4940/1706 2136/4941/1706 2137/4942/1706 2138/4943/1706 2139/4944/1706 2140/4945/1706 

v 0.394578 0.448973 0.902948
vn 0.0238343 0.750247 0.660728
vn 0.243823 0.723353 0.645996
v 0.400849 0.448206 0.902528
f 2141/4946/1707 2118/4923/1707 2117/4922/1708 2142/4947/1708 

v 0.388307 0.44811 0.90309
vn -0.196154 0.719987 0.66569
f 2118/4923/1707 2141/4948/1707 2143/4949/1709 2119/4924/1709 

vn -0.258553 0.950138 0.174321
vn -1.48863e-08 0.985703 0.168489
v 0.394147 0.450573 0.89359
v 0.387876 0.44971 0.893731
f 2143/4950/1710 2141/4951/1711 2144/4952/1711 2145/4953/1710 

vn 0.258553 0.954095 0.151175
v 0.400418 0.449806 0.89317
f 2141/4951/1711 2142/4954/1712 2146/4955/1712 2144/4952/1711 

v 0.406693 0.445863 0.901859
vn 0.499485 0.857466 0.123559
v 0.406262 0.447462 0.8925
f 2142/4956/1712 2147/4957/1713 2148/4958/1713 2146/4959/1712 

vn 0.44882 0.641137 0.622499
f 2117/4922/1708 2140/4945/1714 2147/4960/1714 2142/4961/1708 

vn 0.624855 0.509201 0.591837
v 0.411711 0.442102 0.900984
f 2140/4945/1714 2139/4944/1715 2149/4962/1715 2147/4963/1714 

vn 0.759931 0.336538 0.5561
v 0.415562 0.43718 0.899966
f 2138/4943/1716 2150/4964/1716 2149/4965/1715 2139/4944/1715 

vn 0.844843 0.134913 0.517724
v 0.417982 0.431432 0.898872
f 2137/4942/1717 2151/4966/1717 2150/4967/1716 2138/4943/1716 

vn 0.872445 -0.0268318 0.487974
v 0.418808 0.425251 0.897777
f 2136/4941/1718 2152/4968/1718 2151/4969/1717 2137/4942/1717 

vn 0.872445 -0.136778 0.469181
v 0.418808 0.377976 0.889696
f 2136/4941/1718 2135/4940/1719 2153/4970/1719 2152/4971/1718 

vn 0.844843 -0.299221 0.443516
v 0.417982 0.371782 0.888676
f 2153/4972/1719 2135/4940/1719 2134/4939/1720 2154/4973/1720 

vn 0.759931 -0.502145 0.412741
v 0.415562 0.365997 0.887798
f 2154/4974/1720 2134/4939/1720 2133/4938/1721 2155/4975/1721 

vn 0.624855 -0.676875 0.389097
v 0.411711 0.361016 0.887124
f 2155/4976/1721 2133/4938/1721 2132/4937/1722 2156/4977/1722 

vn 0.44882 -0.811504 0.374194
v 0.406693 0.357179 0.886699
f 2132/4937/1722 2131/4936/1723 2157/4978/1723 2156/4979/1722 

vn 0.243823 -0.896858 0.369048
v 0.400849 0.354746 0.886553
f 2131/4936/1723 2130/4935/1724 2158/4980/1724 2157/4981/1723 

vn 0.0238343 -0.927118 0.37401
v 0.394578 0.353883 0.886694
f 2129/4934/1725 2159/4982/1725 2158/4983/1724 2130/4935/1724 

vn -0.196154 -0.900224 0.388742
v 0.388307 0.35465 0.887114
f 2159/4984/1725 2129/4934/1725 2128/4933/1726 2160/4985/1726 

vn -0.401151 -0.818008 0.412239
v 0.382464 0.356993 0.887784
f 2128/4933/1726 2127/4932/1727 2161/4986/1727 2160/4987/1726 

vn -0.577186 -0.686072 0.442901
v 0.377446 0.360754 0.888658
f 2127/4932/1727 2126/4931/1728 2162/4988/1728 2161/4989/1727 

vn -0.712262 -0.513409 0.478638
v 0.373595 0.365676 0.889677
f 2125/4930/1729 2163/4990/1729 2162/4991/1728 2126/4931/1728 

vn -0.797175 -0.311784 0.517014
v 0.371175 0.371424 0.890771
f 2124/4929/1730 2164/4992/1730 2163/4993/1729 2125/4930/1729 

f 2113/4918/1704 2116/4994/1704 2164/4995/1730 2124/4929/1730 

vn -0.964931 -0.262502 -0.000417411
vn -0.996832 -0.0720949 0.033599
v 0.369918 0.379205 0.882507
v 0.370743 0.373023 0.881412
f 2164/4996/1731 2116/4997/1732 2165/4998/1732 2166/4999/1731 

vn -0.996832 0.0568413 0.0556384
v 0.369918 0.42648 0.890588
f 2116/4997/1732 2115/5000/1733 2167/5001/1733 2165/4998/1732 

v 0.371175 0.431074 0.900967
vn -0.964931 0.247736 0.0867991
v 0.370743 0.432674 0.891608
f 2115/5000/1733 2168/5002/1734 2169/5003/1734 2167/5001/1733 

vn -0.797175 0.12235 0.591222
f 2115/5004/1705 2114/4919/1705 2123/4928/1735 2168/5005/1735 

vn -0.712262 0.325274 0.621996
v 0.373595 0.436859 0.901844
f 2168/5006/1735 2123/4928/1735 2122/4927/1736 2170/5007/1736 

vn -0.577186 0.500004 0.645641
v 0.377446 0.44184 0.902518
f 2170/5008/1736 2122/4927/1736 2121/4926/1737 2171/5009/1737 

vn -0.401151 0.634634 0.660544
v 0.382464 0.445677 0.902943
f 2121/4926/1737 2120/4925/1738 2172/5010/1738 2171/5011/1737 

f 2120/4925/1738 2119/4924/1709 2143/5012/1709 2172/5013/1738 

vn -0.499485 0.849823 0.168273
v 0.382033 0.447277 0.893585
f 2172/5014/1739 2143/4950/1710 2145/4953/1710 2173/5015/1739 

vn -0.706379 0.691593 0.150758
v 0.377014 0.443439 0.89316
f 2171/5016/1740 2172/5017/1739 2173/5018/1739 2174/5019/1740 

vn -0.865134 0.486233 0.122969
v 0.373164 0.438458 0.892486
f 2170/5020/1741 2171/5016/1740 2174/5019/1740 2175/5021/1741 

f 2168/5022/1734 2170/5020/1741 2175/5021/1741 2169/5023/1734 

vn -0.865134 -0.499471 -0.0455208
v 0.373164 0.367276 0.880318
f 2163/5024/1742 2164/5025/1731 2166/5026/1731 2176/5027/1742 

vn -0.706379 -0.702402 -0.0875221
v 0.377014 0.362354 0.8793
f 2162/5028/1743 2163/5024/1742 2176/5027/1742 2177/5029/1743 

vn -0.499485 -0.857466 -0.123559
v 0.382033 0.358593 0.878426
f 2161/5030/1744 2162/5028/1743 2177/5029/1743 2178/5031/1744 

vn -0.258553 -0.954095 -0.151175
v 0.387876 0.356249 0.877756
f 2160/5032/1745 2161/5030/1744 2178/5031/1744 2179/5033/1745 

vn -1.48862e-08 -0.985703 -0.168489
v 0.394147 0.355483 0.877336
f 2159/5034/1746 2160/5035/1745 2179/5036/1745 2180/5037/1746 

vn 0.258553 -0.950138 -0.174321
v 0.400418 0.356345 0.877194
f 2158/5038/1747 2159/5034/1746 2180/5037/1746 2181/5039/1747 

vn 0.499485 -0.849823 -0.168273
v 0.406262 0.358778 0.877341
f 2157/5040/1748 2158/5038/1747 2181/5039/1747 2182/5041/1748 

vn 0.706379 -0.691593 -0.150758
v 0.41128 0.362616 0.877766
f 2156/5042/1749 2157/5043/1748 2182/5044/1748 2183/5045/1749 

vn 0.865134 -0.486233 -0.122969
v 0.41513 0.367597 0.87844
f 2155/5046/1750 2156/5042/1749 2183/5045/1749 2184/5047/1750 

vn 0.964931 -0.247736 -0.0867991
v 0.417551 0.373381 0.879317
f 2154/5048/1751 2155/5046/1750 2184/5047/1750 2185/5049/1751 

vn 0.996832 -0.0568413 -0.0556385
v 0.418377 0.379575 0.880338
f 2153/5050/1752 2154/5048/1751 2185/5049/1751 2186/5051/1752 

vn 0.996832 0.0720949 -0.033599
v 0.418377 0.426851 0.888419
f 2152/5052/1753 2153/5053/1752 2186/5054/1752 2187/5055/1753 

vn 0.964931 0.262502 0.000417416
v 0.417551 0.433032 0.889513
f 2151/5056/1754 2152/5052/1753 2187/5055/1753 2188/5057/1754 

vn 0.865134 0.499471 0.0455208
v 0.41513 0.43878 0.890607
f 2150/5058/1755 2151/5056/1754 2188/5057/1754 2189/5059/1755 

vn 0.706379 0.702402 0.0875221
v 0.41128 0.443701 0.891626
f 2149/5060/1756 2150/5058/1755 2189/5059/1755 2190/5061/1756 

f 2147/4957/1713 2149/5062/1756 2190/5063/1756 2148/4958/1713 

g Mesh14 Component_16_3 Component_24_3 Television_Silver_CRT1 Model

usemtl Black_SemiGloss_01
v 0.391453 0.423253 0.919691
vn -0.391705 0.0963189 0.915035
v 0.39317 0.42496 0.919904
vn -0.209527 0.277471 0.937608
v 0.391297 0.428461 0.917097
vn -0.409312 0.650678 0.639595
v 0.388322 0.425503 0.916728
vn -0.72561 0.336161 0.600404
f 2191/5064/1757 2192/5065/1758 2193/5066/1759 2194/5067/1760 

v 0.395573 0.420757 0.920353
vn 0.0449617 -0.0360146 0.998339
f 2192/5068/1758 2191/5069/1757 2195/5070/1761

v 0.390824 0.420933 0.919324
vn -0.458288 -0.0840135 0.884824
f 2191/5071/1757 2196/5072/1762 2195/5073/1761

v 0.387233 0.421485 0.916092
vn -0.836465 0.02175 0.547588
f 2196/5074/1762 2191/5075/1757 2194/5076/1760 2197/5077/1763 

v 0.38702 0.426906 0.912258
vn -0.823914 0.426101 0.373635
v 0.385763 0.422266 0.911523
vn -0.945558 0.0739489 0.31694
f 2198/5078/1764 2199/5079/1765 2197/5080/1763 2194/5081/1760 

v 0.385763 0.37649 0.903699
vn -0.945558 -0.175025 0.274382
v 0.387233 0.375709 0.908267
vn -0.836465 -0.202403 0.509273
f 2197/5082/1763 2199/5083/1765 2200/5084/1766 2201/5085/1767 

v 0.38702 0.37187 0.902851
vn -0.823914 -0.526015 0.210886
v 0.388322 0.371708 0.907533
vn -0.72561 -0.516506 0.454656
f 2200/5086/1766 2202/5087/1768 2203/5088/1769 2201/5089/1767 

v 0.390455 0.368507 0.902118
vn -0.470725 -0.871812 0.135508
v 0.391297 0.368796 0.906898
vn -0.409312 -0.826183 0.38715
f 2202/5090/1768 2204/5091/1770 2205/5092/1771 2203/5093/1769 

v 0.395147 0.367302 0.901696
vn 0.0117408 -0.99568 0.092108
v 0.39536 0.367752 0.906533
vn 0.0227593 -0.937113 0.348284
f 2204/5094/1770 2206/5095/1772 2207/5096/1773 2205/5097/1771 

v 0.399839 0.368579 0.901698
vn 0.494207 -0.864429 0.0923167
v 0.399424 0.368858 0.906534
vn 0.454831 -0.819571 0.348471
f 2206/5098/1772 2208/5099/1774 2209/5100/1775 2207/5101/1773 

v 0.403274 0.371994 0.902123
vn 0.847396 -0.513228 0.136078
v 0.402398 0.371816 0.906903
vn 0.771129 -0.505054 0.387661
f 2208/5102/1774 2210/5103/1776 2211/5104/1777 2209/5105/1775 

v 0.404531 0.376634 0.902858
vn 0.968852 -0.160378 0.188692
v 0.403487 0.375833 0.90754
vn 0.88161 -0.189258 0.432371
f 2210/5106/1776 2212/5107/1778 2213/5108/1779 2211/5109/1777 

v 0.404531 0.42241 0.910683
vn 0.968852 0.0885962 0.23125
v 0.403487 0.42161 0.915364
vn 0.88161 0.0348951 0.470686
f 2214/5110/1780 2215/5111/1781 2213/5112/1779 2212/5113/1778 

v 0.403274 0.42703 0.911531
vn 0.847396 0.438888 0.298826
v 0.402398 0.425611 0.916098
vn 0.771129 0.347612 0.53341
f 2214/5114/1780 2216/5115/1782 2217/5116/1783 2215/5117/1781 

v 0.399839 0.430393 0.912264
vn 0.494207 0.784685 0.374205
v 0.399424 0.428523 0.916733
vn 0.454831 0.65729 0.600915
f 2216/5118/1782 2218/5119/1784 2219/5120/1785 2217/5121/1783 

v 0.395147 0.431597 0.912686
vn 0.0117408 0.908553 0.417604
v 0.39536 0.429566 0.917099
vn 0.0227593 0.76822 0.639781
f 2218/5122/1784 2220/5123/1786 2221/5124/1787 2219/5125/1785 

v 0.390455 0.430321 0.912684
vn -0.470725 0.777302 0.417396
f 2220/5126/1786 2222/5127/1788 2193/5128/1759 2221/5129/1787 

f 2222/5130/1788 2198/5131/1764 2194/5132/1760 2193/5133/1759 

v 0.395516 0.425599 0.919905
vn 0.0393317 0.345171 0.937715
f 2192/5134/1758 2223/5135/1789 2221/5136/1787 2193/5137/1759 

f 2223/5138/1789 2192/5139/1758 2195/5140/1761

v 0.397862 0.424996 0.919694
vn 0.288191 0.281279 0.91533
f 2224/5141/1790 2223/5142/1789 2195/5143/1761

f 2223/5144/1789 2224/5145/1790 2219/5146/1785 2221/5147/1787 

v 0.399579 0.423315 0.919328
vn 0.470368 0.102915 0.876449
f 2224/5148/1790 2225/5149/1791 2217/5150/1783 2219/5151/1785 

f 2225/5152/1791 2224/5153/1790 2195/5154/1761

v 0.400208 0.421005 0.918904
vn 0.536732 -0.0764005 0.840286
f 2226/5155/1792 2225/5156/1791 2195/5157/1761

f 2225/5158/1791 2226/5159/1792 2215/5160/1781 2217/5161/1783 

v 0.400208 0.375228 0.911079
vn 0.536732 -0.207048 0.817954
f 2215/5110/1781 2226/5111/1792 2227/5112/1793 2213/5113/1779 

v 0.395573 0.374981 0.912528
vn 0.0449617 -0.29764 0.953619
f 2226/5110/1792 2195/5111/1761 2228/5112/1794 2227/5113/1793 

v 0.390824 0.375157 0.911499
vn -0.458288 -0.214661 0.862492
f 2195/5082/1761 2196/5083/1762 2229/5084/1795 2228/5085/1794 

f 2196/5082/1762 2197/5083/1763 2201/5084/1767 2229/5085/1795 

v 0.391453 0.372847 0.911075
vn -0.391705 -0.394789 0.831089
f 2230/5162/1796 2229/5163/1795 2201/5164/1767 2203/5165/1769 

f 2229/5166/1795 2230/5167/1796 2228/5168/1794

v 0.39317 0.371165 0.910709
vn -0.209527 -0.573154 0.792208
f 2230/5169/1796 2231/5170/1797 2228/5171/1794

f 2231/5172/1797 2230/5173/1796 2203/5174/1769 2205/5175/1771 

v 0.395516 0.370563 0.910498
vn 0.0393317 -0.637046 0.769822
f 2232/5176/1798 2231/5177/1797 2205/5178/1771 2207/5179/1773 

f 2231/5180/1797 2232/5181/1798 2228/5182/1794

v 0.397862 0.371201 0.910499
vn 0.288191 -0.569346 0.76993
f 2232/5183/1798 2233/5184/1799 2228/5185/1794

f 2233/5186/1799 2232/5187/1798 2207/5188/1773 2209/5189/1775 

v 0.399579 0.372909 0.910711
vn 0.470368 -0.388194 0.792502
f 2234/5190/1800 2233/5191/1799 2209/5192/1775 2211/5193/1777 

f 2233/5194/1799 2234/5195/1800 2228/5196/1794

f 2234/5197/1800 2227/5198/1793 2228/5199/1794

f 2227/5200/1793 2234/5201/1800 2211/5202/1777 2213/5203/1779 

g Mesh15 Component_25_4 Component_24_4 Television_Silver_CRT1 Model

usemtl Silver_Noise_01
v 0.453205 0.377725 0.900313
vn -0.817916 -0.151455 0.555045
v 0.453205 0.425 0.908394
vn -0.817916 -0.0415088 0.573838
v 0.440315 0.426991 0.896746
v 0.440315 0.379716 0.888665
f 2235/4918/1801 2236/4919/1802 2237/4920/1802 2238/4921/1801 

v 0.468368 0.436635 0.909496
vn 0.057564 -0.16821 0.984069
v 0.465251 0.43701 0.909742
v 0.462133 0.436574 0.90985
v 0.459228 0.435358 0.909812
v 0.456733 0.433444 0.909631
v 0.454819 0.430962 0.909318
v 0.453615 0.428082 0.908897
v 0.453615 0.37465 0.899763
v 0.454819 0.371794 0.899205
v 0.456733 0.369349 0.898675
v 0.459228 0.367483 0.89821
v 0.462133 0.366323 0.897842
v 0.465251 0.365948 0.897595
v 0.468368 0.366384 0.897487
v 0.471273 0.3676 0.897525
v 0.473768 0.369515 0.897707
v 0.475682 0.371996 0.898019
v 0.476886 0.374876 0.898441
v 0.477296 0.377959 0.898944
v 0.477296 0.425234 0.907024
v 0.476886 0.428308 0.907574
v 0.475682 0.431165 0.908133
v 0.473768 0.433609 0.908662
v 0.471273 0.435475 0.909127
f 2239/4922/1803 2240/4923/1803 2241/4924/1803 2242/4925/1803 2243/4926/1803 2244/4927/1803 2245/4928/1803 2236/4919/1803 2235/4918/1803 2246/4929/1803 2247/4930/1803 2248/4931/1803 2249/4932/1803 2250/4933/1803 2251/4934/1803 2252/4935/1803 2253/4936/1803 2254/4937/1803 2255/4938/1803 2256/4939/1803 2257/4940/1803 2258/4941/1803 2259/4942/1803 2260/4943/1803 2261/4944/1803 2262/4945/1803 

v 0.464529 0.451133 0.899456
vn 0.0302449 0.750303 0.660402
vn 0.250095 0.723861 0.643022
v 0.470796 0.45038 0.898961
f 2263/4946/1804 2240/4923/1804 2239/4922/1805 2264/4947/1805 

v 0.458262 0.450258 0.899673
vn -0.189605 0.71959 0.668012
f 2240/4923/1804 2263/4948/1804 2265/4949/1806 2241/4924/1806 

vn -0.25839 0.949606 0.177434
vn -1.48769e-08 0.985703 0.168489
v 0.463982 0.452732 0.890104
v 0.457715 0.451857 0.890321
f 2265/4950/1807 2263/4951/1808 2266/4952/1808 2267/4953/1807 

vn 0.25839 0.954627 0.148063
v 0.470249 0.451978 0.889608
f 2263/4951/1808 2264/4954/1809 2268/4955/1809 2266/4952/1808 

v 0.476636 0.448048 0.898221
vn 0.499171 0.858494 0.117546
v 0.476089 0.449647 0.888868
f 2264/4956/1809 2269/4957/1810 2270/4958/1810 2268/4959/1809 

vn 0.454963 0.642067 0.617057
f 2239/4922/1805 2262/4945/1811 2269/4960/1811 2264/4961/1805 

vn 0.630887 0.510494 0.584275
v 0.481651 0.444297 0.897286
f 2262/4945/1811 2261/4944/1812 2271/4962/1812 2269/4963/1811 

vn 0.765878 0.338108 0.546913
v 0.485499 0.439383 0.896221
f 2260/4943/1813 2272/4964/1813 2271/4965/1812 2261/4944/1812 

vn 0.850737 0.136658 0.507514
v 0.487918 0.433641 0.895098
f 2259/4942/1814 2273/4966/1814 2272/4967/1813 2260/4943/1813 

vn 0.878312 -0.0250298 0.477432
v 0.488743 0.427461 0.893994
f 2258/4941/1815 2274/4968/1815 2273/4969/1814 2259/4942/1814 

vn 0.878312 -0.134976 0.458639
v 0.488743 0.380186 0.885913
f 2258/4941/1815 2257/4940/1816 2275/4970/1816 2274/4971/1815 

vn 0.850737 -0.297476 0.433306
v 0.487918 0.37399 0.884902
f 2275/4972/1816 2257/4940/1816 2256/4939/1817 2276/4973/1817 

vn 0.765878 -0.500575 0.403554
v 0.485499 0.368201 0.884054
f 2276/4974/1817 2256/4939/1817 2255/4938/1818 2277/4975/1818 

vn 0.630887 -0.675583 0.381536
v 0.481651 0.363212 0.883426
f 2277/4976/1818 2255/4938/1818 2254/4937/1819 2278/4977/1819 

vn 0.454963 -0.810574 0.368752
v 0.476636 0.359364 0.883062
f 2254/4937/1819 2253/4936/1820 2279/4978/1820 2278/4979/1819 

vn 0.250095 -0.896349 0.366074
v 0.470796 0.356919 0.882985
f 2253/4936/1820 2252/4935/1821 2280/4980/1821 2279/4981/1820 

vn 0.0302449 -0.927063 0.373685
v 0.464529 0.356043 0.883202
f 2251/4934/1822 2281/4982/1822 2280/4983/1821 2252/4935/1821 

vn -0.189605 -0.900621 0.391065
v 0.458262 0.356797 0.883698
f 2281/4984/1822 2251/4934/1822 2250/4933/1823 2282/4985/1823 

vn -0.394473 -0.818827 0.41703
v 0.452422 0.359129 0.884438
f 2250/4933/1823 2249/4932/1824 2283/4986/1824 2282/4987/1823 

vn -0.570397 -0.687253 0.449811
v 0.447407 0.362879 0.885372
f 2249/4932/1824 2248/4931/1825 2284/4988/1825 2283/4989/1824 

vn -0.705388 -0.514868 0.487174
v 0.443559 0.367793 0.886438
f 2247/4930/1826 2285/4990/1826 2284/4991/1825 2248/4931/1825 

vn -0.790247 -0.313418 0.526572
v 0.44114 0.373536 0.887561
f 2246/4929/1827 2286/4992/1827 2285/4993/1826 2247/4930/1826 

f 2235/4918/1801 2238/4994/1801 2286/4995/1827 2246/4929/1827 

vn -0.964324 -0.264487 0.0111994
vn -0.996204 -0.0741462 0.0455998
v 0.439768 0.381314 0.879313
v 0.440593 0.375134 0.878208
f 2286/4996/1828 2238/4997/1829 2287/4998/1829 2288/4999/1828 

vn -0.996204 0.0547899 0.0676393
v 0.439768 0.428589 0.887394
f 2238/4997/1829 2237/5000/1830 2289/5001/1830 2287/4998/1829 

v 0.44114 0.433186 0.897757
vn -0.964324 0.24575 0.0984159
v 0.440593 0.434785 0.888404
f 2237/5000/1830 2290/5002/1831 2291/5003/1831 2289/5001/1830 

vn -0.790247 0.120716 0.60078
f 2237/5004/1802 2236/4919/1802 2245/4928/1832 2290/5005/1832 

vn -0.705388 0.323815 0.630533
v 0.443559 0.438976 0.898605
f 2290/5006/1832 2245/4928/1832 2244/4927/1833 2292/5007/1833 

vn -0.570397 0.498823 0.652551
v 0.447407 0.443965 0.899233
f 2292/5008/1833 2244/4927/1833 2243/4926/1834 2293/5009/1834 

vn -0.394473 0.633815 0.665334
v 0.452422 0.447813 0.899597
f 2243/4926/1834 2242/4925/1835 2294/5010/1835 2293/5011/1834 

f 2242/4925/1835 2241/4924/1806 2265/5012/1806 2294/5013/1835 

vn -0.499171 0.848795 0.174287
v 0.451875 0.449411 0.890244
f 2294/5014/1836 2265/4950/1807 2267/4953/1807 2295/5015/1836 

vn -0.705934 0.690139 0.159262
v 0.44686 0.445563 0.88988
f 2293/5016/1837 2294/5017/1836 2295/5018/1836 2296/5019/1837 

vn -0.864589 0.484452 0.133384
v 0.443012 0.440575 0.889252
f 2292/5020/1838 2293/5016/1837 2296/5019/1837 2297/5021/1838 

f 2290/5022/1831 2292/5020/1838 2297/5021/1838 2291/5023/1831 

vn -0.864589 -0.501251 -0.0351055
v 0.443012 0.369392 0.877085
f 2285/5024/1839 2286/5025/1828 2288/5026/1828 2298/5027/1839 

vn -0.705934 -0.703856 -0.079018
v 0.44686 0.364478 0.87602
f 2284/5028/1840 2285/5024/1839 2298/5027/1839 2299/5029/1840 

vn -0.499171 -0.858494 -0.117546
v 0.451875 0.360727 0.875085
f 2283/5030/1841 2284/5028/1840 2299/5029/1840 2300/5031/1841 

vn -0.25839 -0.954627 -0.148063
v 0.457715 0.358396 0.874345
f 2282/5032/1842 2283/5030/1841 2300/5031/1841 2301/5033/1842 

vn -1.48769e-08 -0.985703 -0.168489
v 0.463982 0.357642 0.87385
f 2281/5034/1843 2282/5035/1842 2301/5036/1842 2302/5037/1843 

vn 0.25839 -0.949606 -0.177434
v 0.470249 0.358517 0.873633
f 2280/5038/1844 2281/5034/1843 2302/5037/1843 2303/5039/1844 

vn 0.499171 -0.848795 -0.174287
v 0.476089 0.360963 0.873709
f 2279/5040/1845 2280/5038/1844 2303/5039/1844 2304/5041/1845 

vn 0.705934 -0.690139 -0.159262
v 0.481104 0.364811 0.874074
f 2278/5042/1846 2279/5043/1845 2304/5044/1845 2305/5045/1846 

vn 0.864589 -0.484452 -0.133384
v 0.484952 0.369799 0.874701
f 2277/5046/1847 2278/5042/1846 2305/5045/1846 2306/5047/1847 

vn 0.964324 -0.24575 -0.0984159
v 0.487371 0.375589 0.875549
f 2276/5048/1848 2277/5046/1847 2306/5047/1847 2307/5049/1848 

vn 0.996204 -0.0547899 -0.0676393
v 0.488196 0.381785 0.87656
f 2275/5050/1849 2276/5048/1848 2307/5049/1848 2308/5051/1849 

vn 0.996204 0.0741463 -0.0455998
v 0.488196 0.42906 0.884641
f 2274/5052/1850 2275/5053/1849 2308/5054/1849 2309/5055/1850 

vn 0.964324 0.264487 -0.0111994
v 0.487371 0.43524 0.885746
f 2273/5056/1851 2274/5052/1850 2309/5055/1850 2310/5057/1851 

vn 0.864589 0.501251 0.0351055
v 0.484952 0.440982 0.886869
f 2272/5058/1852 2273/5056/1851 2310/5057/1851 2311/5059/1852 

vn 0.705934 0.703856 0.079018
v 0.481104 0.445896 0.887934
f 2271/5060/1853 2272/5058/1852 2311/5059/1852 2312/5061/1853 

f 2269/4957/1810 2271/5062/1853 2312/5063/1853 2270/4958/1810 

g Mesh16 Component_16_4 Component_24_4 Television_Silver_CRT1 Model

usemtl Black_SemiGloss_01
v 0.461658 0.425407 0.916236
vn -0.380855 0.0955238 0.919687
v 0.463374 0.427118 0.916428
vn -0.198792 0.277051 0.940066
v 0.46146 0.430615 0.913643
vn -0.402919 0.649842 0.644485
v 0.458487 0.427651 0.913311
vn -0.719018 0.334674 0.609103
f 2313/5064/1854 2314/5065/1855 2315/5066/1856 2316/5067/1857 

v 0.465791 0.42292 0.916848
vn 0.0570549 -0.0359096 0.997725
f 2314/5068/1855 2313/5069/1854 2317/5070/1858

v 0.46103 0.423086 0.915876
vn -0.447426 -0.0849457 0.890278
f 2313/5071/1854 2318/5072/1859 2317/5073/1858

v 0.457399 0.423631 0.912687
vn -0.829853 0.020035 0.557622
f 2318/5074/1859 2313/5075/1854 2316/5076/1857 2319/5077/1860 

v 0.457129 0.429051 0.908857
vn -0.820231 0.424409 0.383535
v 0.455873 0.424409 0.908137
vn -0.941823 0.0720063 0.328304
f 2320/5078/1861 2321/5079/1862 2319/5080/1860 2316/5081/1857 

v 0.455873 0.378632 0.900312
vn -0.941823 -0.176968 0.285746
v 0.457399 0.377854 0.904862
vn -0.829853 -0.204118 0.519307
f 2319/5082/1860 2321/5083/1862 2322/5084/1863 2323/5085/1864 

v 0.457129 0.374015 0.899449
vn -0.820231 -0.527707 0.220786
v 0.458487 0.373856 0.904115
vn -0.719018 -0.517992 0.463354
f 2322/5086/1863 2324/5087/1865 2325/5088/1866 2323/5089/1864 

v 0.460562 0.370659 0.898675
vn -0.467263 -0.872777 0.141156
v 0.46146 0.370949 0.903445
vn -0.402919 -0.827019 0.392041
f 2324/5090/1865 2326/5091/1867 2327/5092/1868 2325/5093/1866 

v 0.465251 0.369464 0.898196
vn 0.0148987 -0.995652 0.0919476
v 0.465521 0.369915 0.90303
vn 0.0288807 -0.93706 0.347973
f 2326/5094/1867 2328/5095/1869 2329/5096/1870 2327/5097/1868 

v 0.46994 0.37075 0.898142
vn 0.497061 -0.863409 0.0863479
v 0.469582 0.371028 0.902983
vn 0.46068 -0.818629 0.342958
f 2328/5098/1869 2330/5099/1871 2331/5100/1872 2329/5101/1870 

v 0.473372 0.374173 0.898526
vn 0.850028 -0.511481 0.125857
v 0.472554 0.373992 0.903316
vn 0.776779 -0.503461 0.37834
f 2330/5102/1871 2332/5103/1873 2333/5104/1874 2331/5105/1872 

v 0.474629 0.378815 0.899246
vn 0.971382 -0.158381 0.177009
v 0.473643 0.378012 0.903939
vn 0.887141 -0.187437 0.421721
f 2332/5106/1873 2334/5107/1875 2335/5108/1876 2333/5109/1874 

v 0.474629 0.424591 0.907071
vn 0.971382 0.0905932 0.219567
v 0.473643 0.423789 0.911764
vn 0.887141 0.0367156 0.460036
f 2336/5110/1877 2337/5111/1878 2335/5112/1876 2334/5113/1875 

v 0.473372 0.429208 0.907933
vn 0.850028 0.440636 0.288605
v 0.472554 0.427788 0.912511
vn 0.776779 0.349206 0.524089
f 2336/5114/1877 2338/5115/1879 2339/5116/1880 2337/5117/1878 

v 0.46994 0.432564 0.908708
vn 0.497061 0.785705 0.368236
v 0.469582 0.430694 0.913182
vn 0.46068 0.658232 0.595402
f 2338/5118/1879 2340/5119/1881 2341/5120/1882 2339/5121/1880 

v 0.465251 0.433759 0.909186
vn 0.0148987 0.90858 0.417444
v 0.465521 0.431729 0.913596
vn 0.0288807 0.768273 0.639471
f 2340/5122/1881 2342/5123/1883 2343/5124/1884 2341/5125/1882 

v 0.460562 0.432473 0.909241
vn -0.467263 0.776337 0.423044
f 2342/5126/1883 2344/5127/1885 2315/5128/1856 2343/5129/1884 

f 2344/5130/1885 2320/5131/1861 2316/5132/1857 2315/5133/1856 

v 0.465719 0.427761 0.9164
vn 0.0499106 0.345263 0.937178
f 2314/5134/1855 2345/5135/1886 2343/5136/1884 2315/5137/1856 

f 2345/5138/1886 2314/5139/1855 2317/5140/1858

v 0.468063 0.427164 0.916161
vn 0.298613 0.281883 0.911796
f 2346/5141/1887 2345/5142/1886 2317/5143/1858

f 2345/5144/1886 2346/5145/1887 2341/5146/1882 2343/5147/1884 

v 0.46978 0.425486 0.915774
vn 0.480676 0.103894 0.870722
f 2346/5148/1887 2347/5149/1888 2339/5150/1880 2341/5151/1882 

f 2347/5152/1888 2346/5153/1887 2317/5154/1858

v 0.470408 0.423177 0.915343
vn 0.546969 -0.0752851 0.833761
f 2348/5155/1889 2347/5156/1888 2317/5157/1858

f 2347/5158/1888 2348/5159/1889 2337/5160/1878 2339/5161/1880 

v 0.470408 0.377401 0.907518
vn 0.546969 -0.205932 0.811429
f 2337/5110/1878 2348/5111/1889 2349/5112/1890 2335/5113/1876 

v 0.465791 0.377143 0.909023
vn 0.0570549 -0.297535 0.953005
f 2348/5110/1889 2317/5111/1858 2350/5112/1891 2349/5113/1890 

v 0.46103 0.377309 0.908051
vn -0.447426 -0.215593 0.867946
f 2317/5082/1858 2318/5083/1859 2351/5084/1892 2350/5085/1891 

f 2318/5082/1859 2319/5083/1860 2323/5084/1864 2351/5085/1892 

v 0.461658 0.375001 0.907619
vn -0.380855 -0.395585 0.835741
f 2352/5162/1893 2351/5163/1892 2323/5164/1864 2325/5165/1866 

f 2351/5166/1892 2352/5167/1893 2350/5168/1891

v 0.463374 0.373323 0.907232
vn -0.198792 -0.573574 0.794666
f 2352/5169/1893 2353/5170/1894 2350/5171/1891

f 2353/5172/1894 2352/5173/1893 2325/5174/1866 2327/5175/1868 

v 0.465719 0.372725 0.906993
vn 0.0499106 -0.636954 0.769285
f 2354/5176/1895 2353/5177/1894 2327/5178/1868 2329/5179/1870 

f 2353/5180/1894 2354/5181/1895 2350/5182/1891

v 0.468063 0.373368 0.906966
vn 0.298613 -0.568742 0.766396
f 2354/5183/1895 2355/5184/1896 2350/5185/1891

f 2355/5186/1896 2354/5187/1895 2329/5188/1870 2331/5189/1872 

v 0.46978 0.37508 0.907158
vn 0.480676 -0.387215 0.786775
f 2356/5190/1897 2355/5191/1896 2331/5192/1872 2333/5193/1874 

f 2355/5194/1896 2356/5195/1897 2350/5196/1891

f 2356/5197/1897 2349/5198/1890 2350/5199/1891

f 2349/5200/1890 2356/5201/1897 2333/5202/1874 2335/5203/1876 

g Mesh17 Component_25_5 Component_24_5 Television_Silver_CRT1 Model

usemtl Silver_Noise_01
v 0.523534 0.380213 0.896491
vn -0.814907 -0.152175 0.559258
v 0.523534 0.427488 0.904572
vn -0.814907 -0.042229 0.578052
v 0.510582 0.429467 0.892991
v 0.510582 0.382192 0.88491
f 2357/4918/1898 2358/4919/1899 2359/4920/1899 2360/4921/1898 

v 0.538693 0.439136 0.905595
vn 0.0627905 -0.168157 0.983758
v 0.535576 0.439509 0.905858
v 0.532459 0.43907 0.905982
v 0.529555 0.437851 0.905959
v 0.527061 0.435935 0.905791
v 0.525147 0.433452 0.905488
v 0.523944 0.43057 0.905072
v 0.523944 0.377139 0.895939
v 0.525147 0.374283 0.895374
v 0.527061 0.37184 0.894835
v 0.529555 0.369977 0.894357
v 0.532459 0.368819 0.893974
v 0.535576 0.368447 0.893711
v 0.538693 0.368885 0.893587
v 0.541597 0.370104 0.89361
v 0.544091 0.372021 0.893779
v 0.546004 0.374504 0.894081
v 0.547207 0.377386 0.894497
v 0.547618 0.380468 0.894997
v 0.547618 0.427743 0.903078
v 0.547207 0.430817 0.90363
v 0.546004 0.433673 0.904195
v 0.544091 0.436115 0.904734
v 0.541597 0.437979 0.905212
f 2361/4922/1900 2362/4923/1900 2363/4924/1900 2364/4925/1900 2365/4926/1900 2366/4927/1900 2367/4928/1900 2358/4919/1900 2357/4918/1900 2368/4929/1900 2369/4930/1900 2370/4931/1900 2371/4932/1900 2372/4933/1900 2373/4934/1900 2374/4935/1900 2375/4936/1900 2376/4937/1900 2377/4938/1900 2378/4939/1900 2379/4940/1900 2380/4941/1900 2381/4942/1900 2382/4943/1900 2383/4944/1900 2384/4945/1900 

v 0.534789 0.453632 0.895576
vn 0.032991 0.750331 0.660239
vn 0.252772 0.724083 0.641724
v 0.541054 0.452883 0.895048
f 2385/4946/1901 2362/4923/1901 2361/4922/1902 2386/4947/1902 

v 0.528523 0.452751 0.895826
vn -0.18679 0.719424 0.668984
f 2362/4923/1901 2385/4948/1901 2387/4949/1903 2363/4924/1903 

vn -0.258308 0.949378 0.178767
vn -1.48722e-08 0.985703 0.168489
v 0.534192 0.45523 0.886227
v 0.527927 0.454349 0.886476
f 2387/4950/1904 2385/4951/1905 2388/4952/1905 2389/4953/1904 

vn 0.258308 0.954855 0.146729
v 0.540457 0.454481 0.885699
f 2385/4951/1905 2386/4954/1906 2390/4955/1906 2388/4952/1905 

v 0.546892 0.450557 0.894278
vn 0.499013 0.858934 0.11497
v 0.546295 0.452155 0.884929
f 2386/4956/1906 2391/4957/1907 2392/4958/1907 2390/4959/1906 

vn 0.457575 0.642469 0.614702
f 2361/4922/1902 2384/4945/1908 2391/4960/1908 2386/4961/1902 

vn 0.633443 0.511051 0.581013
v 0.551905 0.446811 0.893318
f 2384/4945/1908 2383/4944/1909 2393/4962/1909 2391/4963/1908 

vn 0.768392 0.338785 0.542953
v 0.555752 0.4419 0.892233
f 2382/4943/1910 2394/4964/1910 2393/4965/1909 2383/4944/1909 

vn 0.853224 0.13741 0.503117
v 0.55817 0.43616 0.891097
f 2381/4942/1911 2395/4966/1911 2394/4967/1910 2382/4943/1910 

vn 0.880786 -0.0242539 0.472893
v 0.558995 0.429981 0.889989
f 2380/4941/1912 2396/4968/1912 2395/4969/1911 2381/4942/1911 

vn 0.880786 -0.1342 0.4541
v 0.558995 0.382705 0.881908
f 2380/4941/1912 2379/4940/1913 2397/4970/1913 2396/4971/1912 

vn 0.853224 -0.296724 0.428909
v 0.55817 0.376509 0.880901
f 2397/4972/1913 2379/4940/1913 2378/4939/1914 2398/4973/1914 

vn 0.768392 -0.499898 0.399595
v 0.555752 0.370717 0.880065
f 2398/4974/1914 2378/4939/1914 2377/4938/1915 2399/4975/1915 

vn 0.633443 -0.675025 0.378273
v 0.551905 0.365725 0.879458
f 2399/4976/1915 2377/4938/1915 2376/4937/1916 2400/4977/1916 

vn 0.457575 -0.810172 0.366397
v 0.546892 0.361873 0.879119
f 2376/4937/1916 2375/4936/1917 2401/4978/1917 2400/4979/1916 

vn 0.252772 -0.896128 0.364776
v 0.541054 0.359422 0.879073
f 2375/4936/1917 2374/4935/1918 2402/4980/1918 2401/4981/1917 

vn 0.032991 -0.927035 0.373521
v 0.534789 0.358541 0.879322
f 2373/4934/1919 2403/4982/1919 2402/4983/1918 2374/4935/1918 

vn -0.18679 -0.900787 0.392036
v 0.528523 0.35929 0.87985
f 2403/4984/1919 2373/4934/1919 2372/4933/1920 2404/4985/1920 

vn -0.391593 -0.819173 0.419058
v 0.522685 0.361616 0.88062
f 2372/4933/1920 2371/4932/1921 2405/4986/1921 2404/4987/1920 

vn -0.567461 -0.687755 0.452747
v 0.517672 0.365362 0.881581
f 2371/4932/1921 2370/4931/1922 2406/4988/1922 2405/4989/1921 

vn -0.70241 -0.515489 0.490807
v 0.513825 0.370273 0.882666
f 2369/4930/1923 2407/4990/1923 2406/4991/1922 2370/4931/1922 

vn -0.787242 -0.314114 0.530643
v 0.511407 0.376013 0.883801
f 2368/4929/1924 2408/4992/1924 2407/4993/1923 2369/4930/1923 

f 2357/4918/1898 2360/4994/1898 2408/4995/1924 2368/4929/1924 

vn -0.96402 -0.265338 0.0161756
vn -0.99589 -0.075025 0.0507406
v 0.509985 0.38379 0.87556
v 0.51081 0.377611 0.874451
f 2408/4996/1925 2360/4997/1926 2409/4998/1926 2410/4999/1925 

vn -0.99589 0.0539112 0.07278
v 0.509985 0.431066 0.883641
f 2360/4997/1926 2359/5000/1927 2411/5001/1927 2409/4998/1926 

v 0.511407 0.435664 0.893997
vn -0.96402 0.2449 0.103392
v 0.51081 0.437262 0.884648
f 2359/5000/1927 2412/5002/1928 2413/5003/1928 2411/5001/1927 

vn -0.787242 0.12002 0.604851
f 2359/5004/1899 2358/4919/1899 2367/4928/1929 2412/5005/1929 

vn -0.70241 0.323194 0.634165
v 0.513825 0.441456 0.894833
f 2412/5006/1929 2367/4928/1929 2366/4927/1930 2414/5007/1930 

vn -0.567461 0.498321 0.655487
v 0.517672 0.446448 0.895441
f 2414/5008/1930 2366/4927/1930 2365/4926/1931 2415/5009/1931 

vn -0.391593 0.633468 0.667363
v 0.522685 0.4503 0.895779
f 2365/4926/1931 2364/4925/1932 2416/5010/1932 2415/5011/1931 

f 2364/4925/1932 2363/4924/1903 2387/5012/1903 2416/5013/1932 

vn -0.499013 0.848354 0.176862
v 0.522089 0.451898 0.88643
f 2416/5014/1933 2387/4950/1904 2389/4953/1904 2417/5015/1933 

vn -0.705711 0.689517 0.162905
v 0.517075 0.448046 0.886091
f 2415/5016/1934 2416/5017/1933 2417/5018/1933 2418/5019/1934 

vn -0.864317 0.48369 0.137845
v 0.513228 0.443054 0.885483
f 2414/5020/1935 2415/5016/1934 2418/5019/1934 2419/5021/1935 

f 2412/5022/1928 2414/5020/1935 2419/5021/1935 2413/5023/1928 

vn -0.864317 -0.502014 -0.0306439
v 0.513228 0.371871 0.873316
f 2407/5024/1936 2408/5025/1925 2410/5026/1925 2420/5027/1936 

vn -0.705711 -0.704478 -0.0753751
v 0.517075 0.36696 0.872231
f 2406/5028/1937 2407/5024/1936 2420/5027/1936 2421/5029/1937 

vn -0.499013 -0.858934 -0.11497
v 0.522089 0.363214 0.871271
f 2405/5030/1938 2406/5028/1937 2421/5029/1937 2422/5031/1938 

vn -0.258308 -0.954855 -0.146729
v 0.527927 0.360888 0.8705
f 2404/5032/1939 2405/5030/1938 2422/5031/1938 2423/5033/1939 

vn -1.48722e-08 -0.985703 -0.168489
v 0.534192 0.36014 0.869973
f 2403/5034/1940 2404/5035/1939 2423/5036/1939 2424/5037/1940 

vn 0.258308 -0.949378 -0.178767
v 0.540457 0.361021 0.869723
f 2402/5038/1941 2403/5034/1940 2424/5037/1940 2425/5039/1941 

vn 0.499013 -0.848354 -0.176862
v 0.546295 0.363471 0.869769
f 2401/5040/1942 2402/5038/1941 2425/5039/1941 2426/5041/1942 

vn 0.705711 -0.689517 -0.162905
v 0.551308 0.367323 0.870108
f 2400/5042/1943 2401/5043/1942 2426/5044/1942 2427/5045/1943 

vn 0.864316 -0.48369 -0.137845
v 0.555155 0.372316 0.870716
f 2399/5046/1944 2400/5042/1943 2427/5045/1943 2428/5047/1944 

vn 0.96402 -0.2449 -0.103392
v 0.557573 0.378107 0.871551
f 2398/5048/1945 2399/5046/1944 2428/5047/1944 2429/5049/1945 

vn 0.99589 -0.0539112 -0.07278
v 0.558398 0.384304 0.872558
f 2397/5050/1946 2398/5048/1945 2429/5049/1945 2430/5051/1946 

vn 0.99589 0.075025 -0.0507406
v 0.558398 0.431579 0.880639
f 2396/5052/1947 2397/5053/1946 2430/5054/1946 2431/5055/1947 

vn 0.96402 0.265338 -0.0161756
v 0.557573 0.437758 0.881748
f 2395/5056/1948 2396/5052/1947 2431/5055/1947 2432/5057/1948 

vn 0.864316 0.502014 0.0306439
v 0.555155 0.443498 0.882883
f 2394/5058/1949 2395/5056/1948 2432/5057/1948 2433/5059/1949 

vn 0.705711 0.704478 0.0753751
v 0.551308 0.448409 0.883968
f 2393/5060/1950 2394/5058/1949 2433/5059/1949 2434/5061/1950 

f 2391/4957/1907 2393/5062/1950 2434/5063/1950 2392/4958/1907 

g Mesh18 Component_16_5 Component_24_5 Television_Silver_CRT1 Model

usemtl Black_SemiGloss_01
v 0.532027 0.427902 0.91237
vn -0.376187 0.0951898 0.921641
v 0.533743 0.429615 0.912553
vn -0.194182 0.276877 0.94108
v 0.531811 0.43311 0.909779
vn -0.40016 0.649488 0.646558
v 0.528839 0.430144 0.909461
vn -0.71616 0.334041 0.612807
f 2435/5064/1951 2436/5065/1952 2437/5066/1953 2438/5067/1954 

v 0.536166 0.425419 0.912961
vn 0.0622351 -0.0358569 0.997417
f 2436/5068/1952 2435/5069/1951 2439/5070/1955

v 0.531399 0.425581 0.912013
vn -0.44275 -0.0853383 0.892575
f 2435/5071/1951 2440/5072/1956 2439/5073/1955

v 0.527752 0.426123 0.908844
vn -0.826982 0.0193041 0.561898
f 2440/5074/1956 2435/5075/1951 2438/5076/1954 2441/5077/1957 

v 0.527457 0.431542 0.905014
vn -0.818614 0.423686 0.387764
v 0.526201 0.426899 0.904301
vn -0.94018 0.0711761 0.333161
f 2442/5078/1958 2443/5079/1959 2441/5080/1957 2438/5081/1954 

v 0.526201 0.381123 0.896476
vn -0.94018 -0.177798 0.290603
v 0.527752 0.380346 0.901019
vn -0.826982 -0.204849 0.523582
f 2441/5082/1957 2443/5083/1959 2444/5084/1960 2445/5085/1961 

v 0.527457 0.376506 0.895607
vn -0.818614 -0.52843 0.225016
v 0.528839 0.376348 0.900266
vn -0.71616 -0.518625 0.467058
f 2444/5086/1960 2446/5087/1962 2447/5088/1963 2445/5089/1961 

v 0.530888 0.373154 0.894815
vn -0.465759 -0.873189 0.143563
v 0.531811 0.373445 0.89958
vn -0.40016 -0.827373 0.394113
f 2446/5090/1962 2448/5091/1964 2449/5092/1965 2447/5093/1963 

v 0.535576 0.371963 0.894312
vn 0.0162514 -0.995639 0.0918672
v 0.535871 0.372414 0.899145
vn 0.0315029 -0.937033 0.347817
f 2448/5094/1964 2450/5095/1966 2451/5096/1967 2449/5097/1965 

v 0.540263 0.373253 0.894233
vn 0.498261 -0.86297 0.0837794
v 0.53993 0.373531 0.899077
vn 0.463166 -0.818222 0.340574
f 2450/5098/1966 2452/5099/1968 2453/5100/1969 2451/5101/1967 

v 0.543695 0.376679 0.8946
vn 0.851117 -0.51073 0.121467
v 0.542902 0.376498 0.899394
vn 0.779165 -0.502774 0.374325
f 2452/5102/1968 2454/5103/1970 2455/5104/1971 2453/5105/1969 

v 0.544951 0.381322 0.895313
vn 0.972422 -0.157524 0.171993
v 0.54399 0.380518 0.900012
vn 0.889471 -0.186653 0.417136
f 2454/5106/1970 2456/5107/1972 2457/5108/1973 2455/5109/1971 

v 0.544951 0.427098 0.903138
vn 0.972422 0.0914506 0.21455
v 0.54399 0.426295 0.907837
vn 0.889471 0.0374993 0.455451
f 2458/5110/1974 2459/5111/1975 2457/5112/1973 2456/5113/1972 

v 0.543695 0.431714 0.904007
vn 0.851117 0.441386 0.284215
v 0.542902 0.430293 0.908589
vn 0.779165 0.349892 0.520074
f 2458/5114/1974 2460/5115/1976 2461/5116/1977 2459/5117/1975 

v 0.540263 0.435067 0.904799
vn 0.498261 0.786144 0.365668
v 0.53993 0.433196 0.909275
vn 0.463166 0.65864 0.593018
f 2460/5118/1976 2462/5119/1978 2463/5120/1979 2461/5121/1977 

v 0.535576 0.436258 0.905302
vn 0.0162514 0.908594 0.417364
v 0.535871 0.434228 0.909711
vn 0.0315029 0.7683 0.639315
f 2462/5122/1978 2464/5123/1980 2465/5124/1981 2463/5125/1979 

v 0.530888 0.434968 0.905381
vn -0.465759 0.775925 0.425451
f 2464/5126/1980 2466/5127/1982 2437/5128/1953 2465/5129/1981 

f 2466/5130/1982 2442/5131/1958 2438/5132/1954 2437/5133/1953 

v 0.536087 0.43026 0.912514
vn 0.0544422 0.345309 0.936909
f 2436/5134/1952 2467/5135/1983 2465/5136/1981 2437/5137/1953 

f 2467/5138/1983 2436/5139/1952 2439/5140/1955

v 0.53843 0.429665 0.912262
vn 0.303066 0.282148 0.910243
f 2468/5141/1984 2467/5142/1983 2439/5143/1955

f 2467/5144/1983 2468/5145/1984 2463/5146/1979 2465/5147/1981 

v 0.540146 0.427989 0.911866
vn 0.485072 0.10432 0.86823
f 2468/5148/1984 2469/5149/1985 2461/5150/1977 2463/5151/1979 

f 2469/5152/1985 2468/5153/1984 2439/5154/1955

v 0.540774 0.42568 0.911432
vn 0.551331 -0.0748006 0.830927
f 2470/5155/1986 2469/5156/1985 2439/5157/1955

f 2469/5158/1985 2470/5159/1986 2459/5160/1975 2461/5161/1977 

v 0.540774 0.379904 0.903607
vn 0.551331 -0.205448 0.808595
f 2459/5110/1975 2470/5111/1986 2471/5112/1987 2457/5113/1973 

v 0.536166 0.379643 0.905136
vn 0.0622351 -0.297482 0.952697
f 2470/5110/1986 2439/5111/1955 2472/5112/1988 2471/5113/1987 

v 0.531399 0.379805 0.904188
vn -0.44275 -0.215986 0.870243
f 2439/5082/1955 2440/5083/1956 2473/5084/1989 2472/5085/1988 

f 2440/5082/1956 2441/5083/1957 2445/5084/1961 2473/5085/1989 

v 0.532027 0.377496 0.903754
vn -0.376187 -0.395918 0.837694
f 2474/5162/1990 2473/5163/1989 2445/5164/1961 2447/5165/1963 

f 2473/5166/1989 2474/5167/1990 2472/5168/1988

v 0.533743 0.37582 0.903358
vn -0.194182 -0.573747 0.795681
f 2474/5169/1990 2475/5170/1991 2472/5171/1988

f 2475/5172/1991 2474/5173/1990 2447/5174/1963 2449/5175/1965 

v 0.536087 0.375225 0.903106
vn 0.0544422 -0.636908 0.769015
f 2476/5176/1992 2475/5177/1991 2449/5178/1965 2451/5179/1967 

f 2475/5180/1991 2476/5181/1992 2472/5182/1988

v 0.53843 0.37587 0.903067
vn 0.303066 -0.568476 0.764844
f 2476/5183/1992 2477/5184/1993 2472/5185/1988

f 2477/5186/1993 2476/5187/1992 2451/5188/1967 2453/5189/1969 

v 0.540146 0.377582 0.90325
vn 0.485072 -0.386789 0.784283
f 2478/5190/1994 2477/5191/1993 2453/5192/1969 2455/5193/1971 

f 2477/5194/1993 2478/5195/1994 2472/5196/1988

f 2478/5197/1994 2471/5198/1987 2472/5199/1988

f 2471/5200/1987 2478/5201/1994 2455/5202/1971 2457/5203/1973 

g Mesh19 Component_25_6 Component_24_6 Television_Silver_CRT1 Model

usemtl Silver_Noise_01
v 0.593844 0.382688 0.892637
v 0.593844 0.429963 0.900718
v 0.580954 0.431954 0.889071
v 0.580954 0.384679 0.88099
f 2479/4918/1801 2480/4919/1802 2481/4920/1802 2482/4921/1801 

v 0.609007 0.441598 0.90182
v 0.60589 0.441973 0.902066
v 0.602772 0.441538 0.902174
v 0.599867 0.440321 0.902136
v 0.597372 0.438407 0.901955
v 0.595458 0.435925 0.901643
v 0.594255 0.433045 0.901221
v 0.594255 0.379614 0.892088
v 0.595458 0.376757 0.891529
v 0.597372 0.374313 0.890999
v 0.599867 0.372447 0.890534
v 0.602772 0.371287 0.890166
v 0.60589 0.370912 0.88992
v 0.609007 0.371347 0.889812
v 0.611913 0.372564 0.88985
v 0.614407 0.374478 0.890031
v 0.616322 0.37696 0.890343
v 0.617525 0.37984 0.890765
v 0.617936 0.382922 0.891268
v 0.617936 0.430197 0.899349
v 0.617525 0.433271 0.899898
v 0.616322 0.436128 0.900457
v 0.614407 0.438573 0.900987
v 0.611913 0.440438 0.901452
f 2483/4922/1803 2484/4923/1803 2485/4924/1803 2486/4925/1803 2487/4926/1803 2488/4927/1803 2489/4928/1803 2480/4919/1803 2479/4918/1803 2490/4929/1803 2491/4930/1803 2492/4931/1803 2493/4932/1803 2494/4933/1803 2495/4934/1803 2496/4935/1803 2497/4936/1803 2498/4937/1803 2499/4938/1803 2500/4939/1803 2501/4940/1803 2502/4941/1803 2503/4942/1803 2504/4943/1803 2505/4944/1803 2506/4945/1803 

v 0.605168 0.456097 0.891781
v 0.611435 0.455343 0.891285
f 2507/4946/1804 2484/4923/1804 2483/4922/1805 2508/4947/1805 

v 0.598901 0.455221 0.891998
f 2484/4923/1804 2507/4948/1804 2509/4949/1806 2485/4924/1806 

v 0.604621 0.457696 0.882428
v 0.598354 0.45682 0.882645
f 2509/4950/1807 2507/4951/1808 2510/4952/1808 2511/4953/1807 

v 0.610888 0.456942 0.881933
f 2507/4951/1808 2508/4954/1809 2512/4955/1809 2510/4952/1808 

v 0.617275 0.453011 0.890545
v 0.616728 0.45461 0.881193
f 2508/4956/1809 2513/4957/1810 2514/4958/1810 2512/4959/1809 

f 2483/4922/1805 2506/4945/1811 2513/4960/1811 2508/4961/1805 

v 0.62229 0.449261 0.889611
f 2506/4945/1811 2505/4944/1812 2515/4962/1812 2513/4963/1811 

v 0.626138 0.444347 0.888546
f 2504/4943/1813 2516/4964/1813 2515/4965/1812 2505/4944/1812 

v 0.628557 0.438604 0.887423
f 2503/4942/1814 2517/4966/1814 2516/4967/1813 2504/4943/1813 

v 0.629382 0.432425 0.886318
f 2502/4941/1815 2518/4968/1815 2517/4969/1814 2503/4942/1814 

v 0.629382 0.385149 0.878237
f 2502/4941/1815 2501/4940/1816 2519/4970/1816 2518/4971/1815 

v 0.628557 0.378954 0.877226
f 2519/4972/1816 2501/4940/1816 2500/4939/1817 2520/4973/1817 

v 0.626138 0.373164 0.876378
f 2520/4974/1817 2500/4939/1817 2499/4938/1818 2521/4975/1818 

v 0.62229 0.368175 0.875751
f 2521/4976/1818 2499/4938/1818 2498/4937/1819 2522/4977/1819 

v 0.617275 0.364327 0.875386
f 2498/4937/1819 2497/4936/1820 2523/4978/1820 2522/4979/1819 

v 0.611435 0.361882 0.87531
f 2497/4936/1820 2496/4935/1821 2524/4980/1821 2523/4981/1820 

v 0.605168 0.361007 0.875527
f 2495/4934/1822 2525/4982/1822 2524/4983/1821 2496/4935/1821 

v 0.598901 0.36176 0.876022
f 2525/4984/1822 2495/4934/1822 2494/4933/1823 2526/4985/1823 

v 0.593061 0.364092 0.876762
f 2494/4933/1823 2493/4932/1824 2527/4986/1824 2526/4987/1823 

v 0.588046 0.367843 0.877697
f 2493/4932/1824 2492/4931/1825 2528/4988/1825 2527/4989/1824 

v 0.584198 0.372757 0.878762
f 2491/4930/1826 2529/4990/1826 2528/4991/1825 2492/4931/1825 

v 0.581779 0.378499 0.879885
f 2490/4929/1827 2530/4992/1827 2529/4993/1826 2491/4930/1826 

f 2479/4918/1801 2482/4994/1801 2530/4995/1827 2490/4929/1827 

v 0.580407 0.386278 0.871637
v 0.581232 0.380098 0.870532
f 2530/4996/1828 2482/4997/1829 2531/4998/1829 2532/4999/1828 

v 0.580407 0.433553 0.879718
f 2482/4997/1829 2481/5000/1830 2533/5001/1830 2531/4998/1829 

v 0.581779 0.43815 0.890081
v 0.581232 0.439748 0.880729
f 2481/5000/1830 2534/5002/1831 2535/5003/1831 2533/5001/1830 

f 2481/5004/1802 2480/4919/1802 2489/4928/1832 2534/5005/1832 

v 0.584198 0.443939 0.890929
f 2534/5006/1832 2489/4928/1832 2488/4927/1833 2536/5007/1833 

v 0.588046 0.448928 0.891557
f 2536/5008/1833 2488/4927/1833 2487/4926/1834 2537/5009/1834 

v 0.593061 0.452776 0.891922
f 2487/4926/1834 2486/4925/1835 2538/5010/1835 2537/5011/1834 

f 2486/4925/1835 2485/4924/1806 2509/5012/1806 2538/5013/1835 

v 0.592514 0.454375 0.882569
f 2538/5014/1836 2509/4950/1807 2511/4953/1807 2539/5015/1836 

v 0.587499 0.450527 0.882205
f 2537/5016/1837 2538/5017/1836 2539/5018/1836 2540/5019/1837 

v 0.583651 0.445538 0.881577
f 2536/5020/1838 2537/5016/1837 2540/5019/1837 2541/5021/1838 

f 2534/5022/1831 2536/5020/1838 2541/5021/1838 2535/5023/1831 

v 0.583651 0.374355 0.869409
f 2529/5024/1839 2530/5025/1828 2532/5026/1828 2542/5027/1839 

v 0.587499 0.369441 0.868344
f 2528/5028/1840 2529/5024/1839 2542/5027/1839 2543/5029/1840 

v 0.592514 0.365691 0.86741
f 2527/5030/1841 2528/5028/1840 2543/5029/1840 2544/5031/1841 

v 0.598354 0.363359 0.86667
f 2526/5032/1842 2527/5030/1841 2544/5031/1841 2545/5033/1842 

v 0.604621 0.362605 0.866174
f 2525/5034/1843 2526/5035/1842 2545/5036/1842 2546/5037/1843 

v 0.610888 0.363481 0.865957
f 2524/5038/1844 2525/5034/1843 2546/5037/1843 2547/5039/1844 

v 0.616728 0.365926 0.866034
f 2523/5040/1845 2524/5038/1844 2547/5039/1844 2548/5041/1845 

v 0.621743 0.369774 0.866398
f 2522/5042/1846 2523/5043/1845 2548/5044/1845 2549/5045/1846 

v 0.625591 0.374763 0.867026
f 2521/5046/1847 2522/5042/1846 2549/5045/1846 2550/5047/1847 

v 0.62801 0.380552 0.867874
f 2520/5048/1848 2521/5046/1847 2550/5047/1847 2551/5049/1848 

v 0.628835 0.386748 0.868885
f 2519/5050/1849 2520/5048/1848 2551/5049/1848 2552/5051/1849 

v 0.628835 0.434023 0.876966
f 2518/5052/1850 2519/5053/1849 2552/5054/1849 2553/5055/1850 

v 0.62801 0.440203 0.87807
f 2517/5056/1851 2518/5052/1850 2553/5055/1850 2554/5057/1851 

v 0.625591 0.445945 0.879193
f 2516/5058/1852 2517/5056/1851 2554/5057/1851 2555/5059/1852 

v 0.621743 0.45086 0.880258
f 2515/5060/1853 2516/5058/1852 2555/5059/1852 2556/5061/1853 

f 2513/4957/1810 2515/5062/1853 2556/5063/1853 2514/4958/1810 

g Mesh20 Component_16_6 Component_24_6 Television_Silver_CRT1 Model

usemtl Black_SemiGloss_01
v 0.602297 0.43037 0.90856
v 0.604014 0.432082 0.908752
v 0.602099 0.435578 0.905968
v 0.599127 0.432614 0.905635
f 2557/5064/1854 2558/5065/1855 2559/5066/1856 2560/5067/1857 

v 0.606431 0.427883 0.909172
f 2558/5068/1855 2557/5069/1854 2561/5070/1858

v 0.601669 0.428049 0.9082
f 2557/5071/1854 2562/5072/1859 2561/5073/1858

v 0.598039 0.428594 0.905012
f 2562/5074/1859 2557/5075/1854 2560/5076/1857 2563/5077/1860 

v 0.597768 0.434014 0.901181
v 0.596512 0.429372 0.900461
f 2564/5078/1861 2565/5079/1862 2563/5080/1860 2560/5081/1857 

v 0.596512 0.383596 0.892636
v 0.598039 0.382818 0.897187
f 2563/5082/1860 2565/5083/1862 2566/5084/1863 2567/5085/1864 

v 0.597768 0.378978 0.891774
v 0.599127 0.378819 0.89644
f 2566/5086/1863 2568/5087/1865 2569/5088/1866 2567/5089/1864 

v 0.601201 0.375623 0.890999
v 0.602099 0.375913 0.895769
f 2568/5090/1865 2570/5091/1867 2571/5092/1868 2569/5093/1866 

v 0.60589 0.374428 0.890521
v 0.60616 0.374878 0.895355
f 2570/5094/1867 2572/5095/1869 2573/5096/1870 2571/5097/1868 

v 0.610579 0.375714 0.890466
v 0.610221 0.375992 0.895307
f 2572/5098/1869 2574/5099/1871 2575/5100/1872 2573/5101/1870 

v 0.614011 0.379136 0.89085
v 0.613194 0.378956 0.89564
f 2574/5102/1871 2576/5103/1873 2577/5104/1874 2575/5105/1872 

v 0.615268 0.383778 0.89157
v 0.614282 0.382976 0.896264
f 2576/5106/1873 2578/5107/1875 2579/5108/1876 2577/5109/1874 

v 0.615268 0.429554 0.899395
v 0.614282 0.428752 0.904088
f 2580/5110/1877 2581/5111/1878 2579/5112/1876 2578/5113/1875 

v 0.614011 0.434172 0.900258
v 0.613194 0.432751 0.904836
f 2580/5114/1877 2582/5115/1879 2583/5116/1880 2581/5117/1878 

v 0.610579 0.437528 0.901032
v 0.610221 0.435657 0.905506
f 2582/5118/1879 2584/5119/1881 2585/5120/1882 2583/5121/1880 

v 0.60589 0.438723 0.901511
v 0.60616 0.436692 0.905921
f 2584/5122/1881 2586/5123/1883 2587/5124/1884 2585/5125/1882 

v 0.601201 0.437437 0.901565
f 2586/5126/1883 2588/5127/1885 2559/5128/1856 2587/5129/1884 

f 2588/5130/1885 2564/5131/1861 2560/5132/1857 2559/5133/1856 

v 0.606358 0.432725 0.908725
f 2558/5134/1855 2589/5135/1886 2587/5136/1884 2559/5137/1856 

f 2589/5138/1886 2558/5139/1855 2561/5140/1858

v 0.608703 0.432127 0.908486
f 2590/5141/1887 2589/5142/1886 2561/5143/1858

f 2589/5144/1886 2590/5145/1887 2585/5146/1882 2587/5147/1884 

v 0.610419 0.430449 0.908098
f 2590/5148/1887 2591/5149/1888 2583/5150/1880 2585/5151/1882 

f 2591/5152/1888 2590/5153/1887 2561/5154/1858

v 0.611047 0.42814 0.907667
f 2592/5155/1889 2591/5156/1888 2561/5157/1858

f 2591/5158/1888 2592/5159/1889 2581/5160/1878 2583/5161/1880 

v 0.611047 0.382364 0.899842
f 2581/5110/1878 2592/5111/1889 2593/5112/1890 2579/5113/1876 

v 0.606431 0.382107 0.901347
f 2592/5110/1889 2561/5111/1858 2594/5112/1891 2593/5113/1890 

v 0.601669 0.382273 0.900375
f 2561/5082/1858 2562/5083/1859 2595/5084/1892 2594/5085/1891 

f 2562/5082/1859 2563/5083/1860 2567/5084/1864 2595/5085/1892 

v 0.602297 0.379964 0.899944
f 2596/5162/1893 2595/5163/1892 2567/5164/1864 2569/5165/1866 

f 2595/5166/1892 2596/5167/1893 2594/5168/1891

v 0.604014 0.378286 0.899557
f 2596/5169/1893 2597/5170/1894 2594/5171/1891

f 2597/5172/1894 2596/5173/1893 2569/5174/1866 2571/5175/1868 

v 0.606358 0.377689 0.899317
f 2598/5176/1895 2597/5177/1894 2571/5178/1868 2573/5179/1870 

f 2597/5180/1894 2598/5181/1895 2594/5182/1891

v 0.608703 0.378332 0.89929
f 2598/5183/1895 2599/5184/1896 2594/5185/1891

f 2599/5186/1896 2598/5187/1895 2573/5188/1870 2575/5189/1872 

v 0.610419 0.380043 0.899482
f 2600/5190/1897 2599/5191/1896 2575/5192/1872 2577/5193/1874 

f 2599/5194/1896 2600/5195/1897 2594/5196/1891

f 2600/5197/1897 2593/5198/1890 2594/5199/1891

f 2593/5200/1890 2600/5201/1897 2577/5202/1874 2579/5203/1876 

g Mesh21 BTEC1 Television_Silver_CRT1 Model

usemtl White_Semi_Gloss_001
v -0.0315226 0.590461 0.932916
vt -0.0906677 0.967997
vn -0.000265124 0.114853 -0.993382
v -0.0353648 0.588152 0.93265
vt 0 0.91333
v -0.035368 0.590456 0.932916
vt 0 0.967997
f 2601/5204/1995 2602/5205/1995 2603/5206/1995

v -0.0353491 0.576861 0.931344
vt 0 0.645335
f 2602/5205/1995 2601/5204/1995 2604/5207/1995

v -0.035346 0.574614 0.931085
vt 0 0.592
f 2604/5207/1995 2601/5204/1995 2605/5208/1995

v -0.0353207 0.55647 0.928987
vt 0 0.161336
f 2605/5208/1995 2601/5204/1995 2606/5209/1995

v -0.0349507 0.554673 0.928779
vt -0.00866445 0.118668
f 2606/5209/1995 2601/5204/1995 2607/5210/1995

v -0.0341856 0.553326 0.928623
vt -0.0266622 0.0866699
f 2607/5210/1995 2601/5204/1995 2608/5211/1995

v -0.0328831 0.552106 0.928481
vt -0.0573324 0.0576681
f 2608/5211/1995 2601/5204/1995 2609/5212/1995

v -0.0313551 0.551251 0.928382
vt -0.0933329 0.0373332
f 2609/5212/1995 2601/5204/1995 2610/5213/1995

v -0.0277841 0.585973 0.932396
vt -0.17867 0.861338
f 2610/5213/1995 2601/5204/1995 2611/5214/1995

v -0.0163677 0.590482 0.932914
vt -0.447998 0.967997
f 2611/5214/1995 2601/5204/1995 2612/5215/1995

vt -0.447998 0
vn 0.0216607 0.99315 0.11482
vt -0.0906677 0
vn -0.00138196 0.993382 0.114853
v -0.0315212 0.589852 0.938182
vt -0.0906677 0.125
v -0.0163663 0.589873 0.93818
vt -0.447998 0.125
f 2612/5216/1996 2601/5217/1997 2613/5218/1997 2614/5219/1996 

vt 0 0
v -0.0353666 0.589847 0.938182
vt 0 0.125
f 2601/5217/1997 2603/5220/1997 2615/5221/1997 2613/5218/1997 

vt -0.967997 0
vn -0.999999 -0.00140327 0.000104648
vt -0.91333 0
v -0.0353634 0.587543 0.937916
vt -0.91333 0.125
vt -0.967997 0.125
f 2603/5222/1998 2602/5223/1998 2616/5224/1998 2615/5225/1998 

vt -0.645335 0
v -0.0353477 0.576253 0.936611
vt -0.645335 0.125
f 2602/5223/1998 2604/5226/1998 2617/5227/1998 2616/5224/1998 

vt -0.592 0
v -0.0353446 0.574006 0.936351
vt -0.592 0.125
f 2604/5226/1998 2605/5228/1998 2618/5229/1998 2617/5227/1998 

vt -0.161336 0
vn -0.994848 -0.100737 -0.0113814
v -0.0353193 0.555861 0.934253
vt -0.161336 0.125
f 2605/5228/1998 2606/5230/1999 2619/5231/1999 2618/5229/1998 

vt -0.158109 0
vt -0.11457 0
vn -0.936692 -0.347865 -0.0399694
v -0.0349493 0.554064 0.934045
vt -0.11457 0.125
vt -0.158109 0.125
f 2606/5232/1999 2607/5233/2000 2620/5234/2000 2619/5235/1999 

vt -0.0991814 0
vt -0.0624694 0
vn -0.787386 -0.612405 -0.0705948
v -0.0341841 0.552717 0.933889
vt -0.0624694 0.125
vt -0.0991814 0.125
f 2607/5236/2000 2608/5237/2001 2621/5238/2001 2620/5239/2000 

vt -0.0401757 0
vt 0.00203529 0
vn -0.592717 -0.800099 -0.0923475
v -0.0328817 0.551497 0.933748
vt 0.00203529 0.125
vt -0.0401757 0.125
f 2608/5240/2001 2609/5241/2002 2622/5242/2002 2621/5243/2001 

vt 0.0215573 0
vt 0.062904 0
vn -0.416325 -0.903212 -0.104316
v -0.0313536 0.550642 0.933649
vt 0.062904 0.125
vt 0.0215573 0.125
f 2609/5244/2002 2610/5245/2003 2623/5246/2003 2622/5247/2002 

vt 0.0750476 0
v -0.0280737 0.550076 0.928246
vt 0.157292 0
vn -0.242532 -0.963731 -0.11136
v -0.0280723 0.549467 0.933512
vt 0.157292 0.125
vt 0.0750476 0.125
f 2610/5248/2003 2624/5249/2004 2625/5250/2004 2623/5251/2003 

vt -0.170664 0.00933329
f 2610/5213/1995 2611/5214/1995 2624/5252/1995

v -0.027743 0.556481 0.928986
vt -0.17867 0.161336
f 2626/5253/1995 2624/5252/1995 2611/5214/1995

v -0.0274306 0.5554 0.928861
vt -0.186002 0.135666
f 2627/5254/1995 2624/5252/1995 2626/5253/1995

v -0.0257547 0.549742 0.928206
vt -0.225332 0.0013326
f 2624/5252/1995 2627/5254/1995 2628/5255/1995

v -0.0264966 0.554629 0.928771
vt -0.207998 0.11733
f 2628/5255/1995 2627/5254/1995 2629/5256/1995

vt -0.0846373 0
vn 0.418789 0.902087 0.104186
vt -0.0560015 0
vn 0.639253 0.763927 0.088153
v -0.0274292 0.554791 0.934127
vt -0.0560015 0.125
v -0.0264952 0.55402 0.934038
vt -0.0846373 0.125
f 2629/5257/2005 2627/5258/2006 2630/5259/2006 2631/5260/2005 

vt 0.0793671 0
vn 0.961169 0.274165 0.0314418
vt 0.106064 0
vn 0.990148 0.139128 0.0158214
v -0.0277416 0.555872 0.934252
vt 0.106064 0.125
vt 0.0793671 0.125
f 2627/5261/2007 2626/5262/2008 2632/5263/2008 2630/5264/2007 

vt 0.161336 0
v -0.0277594 0.568221 0.930343
vt 0.440002 0
vn 0.999999 0.00140327 -0.000104648
v -0.027758 0.567612 0.93561
vt 0.440002 0.125
vt 0.161336 0.125
f 2626/5265/2008 2633/5266/2009 2634/5267/2009 2632/5268/2008 

v -0.0277683 0.574625 0.931084
vt -0.17867 0.592
vt -0.17867 0.440002
f 2626/5253/1995 2635/5269/1995 2633/5270/1995

v -0.0277714 0.576872 0.931344
vt -0.17867 0.645335
f 2626/5253/1995 2636/5271/1995 2635/5269/1995

f 2626/5253/1995 2611/5214/1995 2636/5271/1995

vt 0.645335 0
vt 0.861338 0
v -0.0277827 0.585364 0.937662
vt 0.861338 0.125
v -0.02777 0.576263 0.93661
vt 0.645335 0.125
f 2636/5272/2009 2611/5273/2009 2637/5274/2009 2638/5275/2009 

vt 0.17867 0
vn 0.00138196 -0.993382 -0.114853
v -0.0163614 0.585989 0.932395
vt 0.447998 0
vn -0.105462 -0.987846 -0.114184
v -0.01636 0.58538 0.937661
vt 0.447998 0.125
vt 0.17867 0.125
f 2611/5276/2010 2639/5277/2011 2640/5278/2011 2637/5279/2010 

vt -0.447998 0.861338
f 2611/5214/1995 2612/5215/1995 2639/5280/1995

v -0.0145295 0.590401 0.932904
vt -0.491338 0.965998
f 2639/5280/1995 2612/5215/1995 2641/5281/1995

vt -0.446311 0
vn 0.101693 0.988236 0.114231
vt -0.402924 0
vt -0.402924 0.125
v -0.0145281 0.589792 0.93817
vt -0.446311 0.125
f 2641/5282/2012 2612/5283/1996 2614/5284/1996 2642/5285/2012 

vt 0.447998 0.967997
vn 0.000265124 -0.114853 0.993382
v -0.0137577 0.584821 0.937596
vt 0.509338 0.848002
vt 0.491338 0.965998
f 2614/5286/2013 2643/5287/2013 2642/5288/2013

vt 0.447998 0.861338
f 2614/5286/2013 2640/5289/2013 2643/5287/2013

vt 0.17867 0.861338
f 2614/5286/2013 2637/5290/2013 2640/5289/2013

vt 0.0906677 0.967997
f 2613/5291/2013 2637/5290/2013 2614/5286/2013

vt 0.0933329 0.0373332
f 2613/5291/2013 2623/5292/2013 2637/5290/2013

vt 0.0573324 0.0576681
f 2613/5291/2013 2622/5293/2013 2623/5292/2013

vt 0.0266622 0.0866699
f 2613/5291/2013 2621/5294/2013 2622/5293/2013

vt 0.00866445 0.118668
f 2613/5291/2013 2620/5295/2013 2621/5294/2013

f 2615/5206/2013 2620/5295/2013 2613/5291/2013

f 2616/5205/2013 2620/5295/2013 2615/5206/2013

f 2617/5207/2013 2620/5295/2013 2616/5205/2013

f 2618/5208/2013 2620/5295/2013 2617/5207/2013

f 2620/5295/2013 2618/5208/2013 2619/5209/2013

vt 0.170664 0.00933329
f 2637/5290/2013 2623/5292/2013 2625/5296/2013

vt 0.17867 0.161336
f 2637/5290/2013 2625/5296/2013 2632/5297/2013

vt 0.186002 0.135666
f 2625/5296/2013 2630/5298/2013 2632/5297/2013

v -0.0257533 0.549134 0.933473
vt 0.225332 0.0013326
f 2630/5298/2013 2625/5296/2013 2644/5299/2013

vt 0.167514 0
vt 0.222764 0
vn -0.0863075 -0.989678 -0.114401
vt 0.222764 0.125
vt 0.167514 0.125
f 2624/5300/2004 2628/5301/2014 2644/5302/2014 2625/5303/2004 

vt 0.225188 0
v -0.0238882 0.549689 0.9282
vt 0.269215 0
vn -0.013754 -0.993289 -0.114838
v -0.0238868 0.54908 0.933466
vt 0.269215 0.125
vt 0.225188 0.125
f 2628/5304/2014 2645/5305/2015 2646/5306/2015 2644/5307/2014 

v -0.0238945 0.554183 0.928719
vt -0.269338 0.106669
vt -0.269338 0
f 2628/5255/1995 2647/5308/1995 2645/5309/1995

f 2628/5255/1995 2629/5256/1995 2647/5308/1995

vt -0.247095 0
vn 0.0845564 0.989828 0.114419
vt -0.184835 0
vt -0.184835 0.125
v -0.0238931 0.553574 0.933986
vt -0.247095 0.125
f 2647/5310/2016 2629/5311/2005 2631/5312/2005 2648/5313/2016 

vt 0.207998 0.11733
vt 0.269338 0.106669
f 2631/5314/2013 2644/5299/2013 2648/5315/2013

f 2630/5298/2013 2644/5299/2013 2631/5314/2013

vt 0.269338 0
f 2648/5315/2013 2644/5299/2013 2646/5316/2013

v -0.00873188 0.549101 0.933464
vt 0.626668 0
f 2648/5315/2013 2646/5316/2013 2649/5317/2013

v -0.00873328 0.54971 0.928198
vt 0.626668 0.125
vt 0.269338 0.125
f 2645/5316/2015 2650/5317/2010 2649/5318/2010 2646/5319/2015 

v -0.0124719 0.554199 0.928718
vt -0.538666 0.106669
vt -0.626668 0
f 2645/5309/1995 2651/5320/1995 2650/5321/1995

f 2645/5309/1995 2647/5308/1995 2651/5320/1995

vt -0.538666 0
vt -0.269338 0.125
v -0.0124705 0.55359 0.933984
vt -0.538666 0.125
f 2651/5322/1997 2647/5309/2016 2648/5323/2016 2652/5324/1997 

vt 0.538666 0.106669
f 2648/5315/2013 2649/5317/2013 2652/5325/2013

v -0.0124862 0.564937 0.935296
vt 0.538666 0.375997
f 2652/5325/2013 2649/5317/2013 2653/5326/2013

v -0.0125002 0.574992 0.936459
vt 0.538666 0.614665
f 2653/5326/2013 2649/5317/2013 2654/5327/2013

v -0.0125115 0.583082 0.937394
vt 0.538666 0.806671
f 2654/5327/2013 2649/5317/2013 2655/5328/2013

v -0.0106538 0.589039 0.938082
vt 0.582662 0.947998
f 2655/5328/2013 2649/5317/2013 2656/5329/2013

v -0.00944022 0.570447 0.935933
vt 0.610667 0.506663
f 2656/5329/2013 2649/5317/2013 2657/5330/2013

v -0.00805399 0.569803 0.935858
vt 0.643331 0.491333
f 2657/5330/2013 2649/5317/2013 2658/5331/2013

v -0.00488652 0.549107 0.933464
vt 0.717336 0
f 2658/5331/2013 2649/5317/2013 2659/5332/2013

v -0.00488792 0.549716 0.928198
vt 0.717336 0.125
f 2650/5317/2010 2660/5332/2010 2659/5333/2010 2649/5318/2010 

v -0.00805539 0.570412 0.930591
vt -0.643331 0.491333
vt -0.717336 0
f 2650/5321/1995 2661/5334/1995 2660/5335/1995

v -0.00944162 0.571055 0.930666
vt -0.610667 0.506663
f 2650/5321/1995 2662/5336/1995 2661/5334/1995

v -0.0106552 0.589648 0.932816
vt -0.582662 0.947998
f 2650/5321/1995 2663/5337/1995 2662/5336/1995

f 2650/5321/1995 2651/5320/1995 2663/5337/1995

v -0.0124876 0.565546 0.93003
vt -0.538666 0.375997
f 2664/5338/1995 2663/5337/1995 2651/5320/1995

v -0.0125016 0.575601 0.931193
vt -0.538666 0.614665
f 2665/5339/1995 2663/5337/1995 2664/5338/1995

v -0.0125129 0.583691 0.932128
vt -0.538666 0.806671
f 2666/5340/1995 2663/5337/1995 2665/5339/1995

v -0.0126066 0.590094 0.932868
vt -0.536667 0.958664
f 2666/5340/1995 2667/5341/1995 2663/5337/1995

v -0.0128253 0.584772 0.932253
vt -0.531334 0.832334
f 2668/5342/1995 2667/5341/1995 2666/5340/1995

v -0.0137591 0.58543 0.932329
vt -0.509338 0.848002
f 2669/5343/1995 2667/5341/1995 2668/5342/1995

f 2669/5343/1995 2641/5281/1995 2667/5341/1995

f 2639/5280/1995 2641/5281/1995 2669/5343/1995

vt 0.25478 0
vt 0.317553 0
vn -0.403316 -0.909018 -0.104991
vt 0.317553 0.125
vt 0.25478 0.125
f 2639/5344/2011 2669/5345/2017 2643/5346/2017 2640/5347/2011 

vt -0.0771517 0
vt -0.0501462 0
vn -0.57906 -0.809907 -0.0934852
v -0.0128239 0.584163 0.937519
vt -0.0501462 0.125
vt -0.0771517 0.125
f 2669/5348/2017 2668/5349/2018 2670/5350/2018 2643/5351/2017 

vt -0.65435 0
vn -0.961147 -0.27424 -0.0314505
vt -0.62766 0
vn -0.990143 -0.139166 -0.0158259
vt -0.62766 0.125
vt -0.65435 0.125
f 2668/5352/2019 2666/5353/2020 2655/5354/2020 2670/5355/2019 

vt -0.806671 0
vt -0.614665 0
vt -0.614665 0.125
vt -0.806671 0.125
f 2666/5356/2020 2665/5357/1998 2654/5358/1998 2655/5359/2020 

vt -0.778902 0
vn -0.518287 0.849532 0.0983594
v -0.0179258 0.572336 0.930816
vt -0.629355 0
v -0.0179244 0.571727 0.936083
vt -0.629355 0.125
vt -0.778902 0.125
f 2665/5360/2021 2671/5361/2021 2672/5362/2021 2654/5363/2021 

v -0.0163362 0.567844 0.930297
vt -0.447998 0.430664
vt -0.410665 0.537333
f 2673/5364/1995 2671/5365/1995 2665/5339/1995

v -0.0201816 0.567838 0.930297
vt -0.35733 0.430664
f 2674/5366/1995 2671/5365/1995 2673/5364/1995

v -0.0201878 0.572333 0.930817
vt -0.35733 0.537333
f 2674/5366/1995 2675/5367/1995 2671/5365/1995

v -0.0239135 0.567833 0.930297
vt -0.269338 0.430664
f 2676/5368/1995 2675/5367/1995 2674/5366/1995

v -0.0239197 0.572327 0.930817
vt -0.269338 0.537333
f 2676/5368/1995 2677/5369/1995 2675/5367/1995

v -0.0252772 0.572438 0.93083
vt -0.237335 0.539998
f 2676/5368/1995 2678/5370/1995 2677/5369/1995

v -0.0259495 0.567915 0.930307
vt -0.221334 0.432663
f 2679/5371/1995 2678/5370/1995 2676/5368/1995

v -0.0265218 0.572717 0.930863
vt -0.207998 0.546672
f 2679/5371/1995 2680/5372/1995 2678/5370/1995

v -0.0274558 0.573558 0.93096
vt -0.186002 0.566666
f 2679/5371/1995 2681/5373/1995 2680/5372/1995

f 2633/5270/1995 2681/5373/1995 2679/5371/1995

f 2681/5373/1995 2633/5270/1995 2635/5269/1995

vt 0.492622 0
vn 0.960198 0.277501 0.0318277
vt 0.518997 0
vn 0.989902 0.140847 0.0160202
v -0.0277669 0.574016 0.93635
vt 0.518997 0.125
v -0.0274544 0.572949 0.936227
vt 0.492622 0.125
f 2681/5374/2022 2635/5375/2023 2682/5376/2023 2683/5377/2022 

vt 0.592 0
vt 0.592 0.125
f 2635/5378/2023 2636/5272/2009 2638/5275/2009 2682/5379/2023 

vt 0.17867 0.592
vt 0.17867 0.645335
f 2637/5290/2013 2682/5380/2013 2638/5381/2013

vt 0.17867 0.440002
f 2637/5290/2013 2634/5382/2013 2682/5380/2013

f 2637/5290/2013 2632/5297/2013 2634/5382/2013

v -0.0259481 0.567306 0.935574
vt 0.221334 0.432663
f 2684/5383/2013 2682/5380/2013 2634/5382/2013

vt 0.186002 0.566666
f 2682/5380/2013 2684/5383/2013 2683/5384/2013

v -0.0265204 0.572108 0.936129
vt 0.207998 0.546672
f 2683/5384/2013 2684/5383/2013 2685/5385/2013

v -0.0252757 0.571829 0.936097
vt 0.237335 0.539998
f 2685/5385/2013 2684/5383/2013 2686/5386/2013

v -0.0239121 0.567224 0.935564
vt 0.269338 0.430664
f 2686/5386/2013 2684/5383/2013 2687/5387/2013

vt 0.203142 0
vn -0.104417 -0.987955 -0.114197
vt 0.251187 0
vn -0.0194249 -0.993196 -0.114826
vt 0.251187 0.125
vt 0.203142 0.125
f 2679/5388/2024 2676/5389/2025 2687/5390/2025 2684/5391/2024 

vt 0.35733 0
v -0.0201802 0.56723 0.935563
vt 0.35733 0.125
f 2676/5316/2025 2674/5392/2010 2688/5393/2010 2687/5319/2025 

vn -0.054922 -0.991885 -0.114665
v -0.0163348 0.567235 0.935563
f 2674/5392/2010 2673/5277/2026 2689/5278/2026 2688/5393/2010 

vt 0.39674 0
v -0.0148374 0.567678 0.930277
vt 0.4323 0
vn -0.111052 -0.987241 -0.114113
v -0.014836 0.567069 0.935543
vt 0.4323 0.125
vt 0.39674 0.125
f 2673/5394/2026 2690/5395/2027 2691/5396/2027 2689/5397/2026 

vt -0.483332 0.426666
f 2673/5364/1995 2665/5339/1995 2690/5398/1995

v -0.013734 0.567342 0.930238
vt -0.509338 0.418671
f 2690/5398/1995 2665/5339/1995 2692/5399/1995

v -0.0128001 0.566641 0.930157
vt -0.531334 0.402
f 2692/5399/1995 2665/5339/1995 2693/5400/1995

f 2693/5400/1995 2665/5339/1995 2664/5338/1995

vt -0.242724 0
vn -0.962098 -0.27093 -0.0310675
vt -0.215707 0
vn -0.990384 -0.137462 -0.0156288
vt -0.215707 0.125
v -0.0127987 0.566032 0.935423
vt -0.242724 0.125
f 2693/5401/2028 2664/5402/2029 2653/5403/2029 2694/5404/2028 

vt -0.375997 0
vt -0.106669 0
vt -0.106669 0.125
vt -0.375997 0.125
f 2664/5405/2029 2651/5406/1998 2652/5407/1998 2653/5408/2029 

vt 0.531334 0.402
f 2654/5327/2013 2694/5409/2013 2653/5326/2013

v -0.0137326 0.566733 0.935504
vt 0.509338 0.418671
f 2654/5327/2013 2695/5410/2013 2694/5409/2013

vt 0.483332 0.426666
f 2654/5327/2013 2691/5411/2013 2695/5410/2013

vt 0.447998 0.430664
f 2654/5327/2013 2689/5412/2013 2691/5411/2013

vt 0.410665 0.537333
f 2672/5413/2013 2689/5412/2013 2654/5327/2013

v -0.0201864 0.571724 0.936083
vt 0.35733 0.537333
f 2696/5414/2013 2689/5412/2013 2672/5413/2013

vt 0.35733 0.430664
f 2696/5414/2013 2688/5415/2013 2689/5412/2013

v -0.0239183 0.571718 0.936083
vt 0.269338 0.537333
f 2697/5416/2013 2688/5415/2013 2696/5414/2013

f 2697/5416/2013 2687/5387/2013 2688/5415/2013

f 2686/5386/2013 2687/5387/2013 2697/5416/2013

vt -0.223814 0
vn 0.0401516 0.992583 0.11475
vt -0.1917 0
vn 0.0816158 0.990071 0.114448
vt -0.1917 0.125
vt -0.223814 0.125
f 2677/5417/2030 2678/5418/2031 2686/5419/2031 2697/5420/2030 

vt -0.111654 0
vn 0.220449 0.968951 0.111969
vt -0.0815672 0
vt -0.0815672 0.125
vt -0.111654 0.125
f 2678/5421/2032 2680/5422/2032 2685/5423/2032 2686/5424/2032 

vt 0.2138 0
vn 0.671615 0.736017 0.0849175
vt 0.243525 0
vt 0.243525 0.125
vt 0.2138 0.125
f 2680/5425/2033 2681/5426/2033 2683/5427/2033 2685/5428/2033 

vt -0.35733 0
vt -0.35733 0.125
f 2675/5429/1997 2677/5309/2030 2697/5323/2030 2696/5430/1997 

vt -0.410665 0
vt -0.410665 0.125
f 2671/5431/1997 2675/5429/1997 2696/5430/1997 2672/5432/1997 

vt 0.336603 0
vn -0.292554 -0.94993 -0.109751
vt 0.363811 0
vt 0.363811 0.125
vt 0.336603 0.125
f 2690/5433/2034 2692/5434/2034 2695/5435/2034 2691/5436/2034 

vt 0.153044 0
vn -0.602915 -0.792544 -0.0914713
vt 0.180643 0
vt 0.180643 0.125
vt 0.153044 0.125
f 2692/5437/2035 2693/5438/2035 2694/5439/2035 2695/5440/2035 

vt 0.101485 0
vn -0.168179 -0.979238 -0.113173
vt 0.144775 0
vt 0.144775 0.125
vt 0.101485 0.125
f 2633/5441/2036 2679/5442/2024 2684/5443/2024 2634/5444/2036 

v -0.0126052 0.589485 0.938135
vt 0.536667 0.958664
vt 0.531334 0.832334
f 2698/5445/2013 2670/5446/2013 2655/5328/2013

f 2698/5445/2013 2643/5287/2013 2670/5446/2013

f 2642/5288/2013 2643/5287/2013 2698/5445/2013

vt -0.376652 0
vn 0.191566 0.974991 0.112675
vt -0.330734 0
vt -0.330734 0.125
vt -0.376652 0.125
f 2667/5447/2037 2641/5448/2012 2642/5449/2012 2698/5450/2037 

vt -0.35345 0
vn 0.317624 0.941952 0.108822
vt -0.306234 0
vt -0.306234 0.125
vt -0.35345 0.125
f 2663/5451/2038 2667/5452/2037 2698/5453/2037 2656/5454/2038 

f 2698/5445/2013 2655/5328/2013 2656/5329/2013

v -0.0090139 0.58892 0.932731
vt -0.186366 0
vn 0.456411 0.883895 0.102072
vt -0.143984 0
vt -0.143984 0.125
v -0.00901249 0.588311 0.937998
vt -0.186366 0.125
f 2699/5455/2039 2663/5456/2038 2656/5457/2038 2700/5458/2039 

vt -0.621338 0.930664
f 2699/5459/1995 2662/5336/1995 2663/5337/1995

v -0.00605157 0.573027 0.930893
vt -0.690664 0.553335
f 2662/5336/1995 2699/5459/1995 2701/5460/1995

v -0.00751454 0.588051 0.932631
vt -0.656662 0.909999
f 2701/5460/1995 2699/5459/1995 2702/5461/1995

vt -0.10728 0
vn 0.592134 0.800525 0.0923969
vt -0.0663549 0
vt -0.0663549 0.125
v -0.00751313 0.587442 0.937897
vt -0.10728 0.125
f 2702/5462/2040 2699/5463/2039 2700/5464/2039 2703/5465/2040 

vt 0.621338 0.930664
v -0.00605016 0.572418 0.936159
vt 0.690664 0.553335
vt 0.656662 0.909999
f 2700/5466/2013 2704/5467/2013 2703/5468/2013

f 2700/5466/2013 2657/5330/2013 2704/5467/2013

f 2657/5330/2013 2700/5466/2013 2656/5329/2013

vt 0.782782 0
vn 0.505119 -0.857323 -0.0992567
vt 0.875398 0
vn 0.494151 -0.863608 -0.0999804
vt 0.875398 0.125
vt 0.782782 0.125
f 2662/5469/2041 2701/5470/2042 2704/5471/2042 2657/5472/2041 

vt 0.871828 0
v -0.00492121 0.573646 0.930964
vt 0.902268 0
vn 0.483104 -0.869755 -0.100688
v -0.00491981 0.573037 0.936231
vt 0.902268 0.125
vt 0.871828 0.125
f 2701/5473/2042 2705/5474/2043 2706/5475/2043 2704/5476/2042 

v -0.00524869 0.585442 0.932328
vt -0.710002 0.848002
vt -0.717336 0.568003
f 2701/5460/1995 2707/5477/1995 2705/5478/1995

v -0.00618383 0.586845 0.932491
vt -0.687998 0.881337
f 2701/5460/1995 2708/5479/1995 2707/5477/1995

f 2701/5460/1995 2702/5461/1995 2708/5479/1995

vt 0.0871422 0
vn 0.75962 0.646086 0.0744964
vt 0.129609 0
vt 0.129609 0.125
v -0.00618242 0.586237 0.937757
vt 0.0871422 0.125
f 2708/5480/2044 2702/5481/2040 2703/5482/2040 2709/5483/2044 

vt 0.687998 0.881337
f 2703/5468/2013 2704/5467/2013 2709/5484/2013

v -0.00524728 0.584833 0.937595
vt 0.710002 0.848002
f 2709/5484/2013 2704/5467/2013 2710/5485/2013

vt 0.717336 0.568003
f 2710/5485/2013 2704/5467/2013 2706/5486/2013

v -0.0049338 0.583093 0.937393
vt 0.717336 0.806671
f 2710/5485/2013 2706/5486/2013 2711/5487/2013

v -0.00492121 0.574048 0.936348
vt 0.717336 0.592
f 2711/5487/2013 2706/5486/2013 2712/5488/2013

vt 0.568003 0
v -0.00492262 0.574657 0.931081
vt 0.568003 0.125
f 2705/5489/2009 2713/5378/2009 2712/5379/2009 2706/5490/2009 

v -0.0049352 0.583701 0.932127
vt -0.717336 0.806671
vt -0.717336 0.592
f 2705/5478/1995 2714/5491/1995 2713/5492/1995

f 2705/5478/1995 2707/5477/1995 2714/5491/1995

vt 0.668926 0
vn 0.996025 0.088518 0.00996843
vt 0.710902 0
vn 0.92833 0.369325 0.0424528
vt 0.710902 0.125
vt 0.668926 0.125
f 2714/5493/2045 2707/5494/2046 2710/5495/2046 2711/5496/2045 

vt 0.316611 0
vt 0.356553 0
vt 0.356553 0.125
vt 0.316611 0.125
f 2707/5497/2046 2708/5498/2044 2709/5499/2044 2710/5500/2046 

vt 0.806671 0
vt 0.806671 0.125
f 2713/5378/2009 2714/5501/2045 2711/5502/2045 2712/5379/2009 

vt -0.373633 0
vn 0.545367 0.832667 0.0961256
vt -0.337551 0
vn 0.423609 0.899864 0.103927
vt -0.337551 0.125
vt -0.373633 0.125
f 2661/5503/2047 2662/5504/2048 2657/5505/2048 2658/5506/2047 

v -0.00627186 0.568869 0.930413
vt -0.21733 0
vn 0.749027 0.658178 0.0758972
vt -0.161578 0
vt -0.161578 0.125
v -0.00627045 0.568261 0.935679
vt -0.21733 0.125
f 2715/5507/2049 2661/5508/2047 2658/5509/2047 2716/5510/2049 

vt -0.685333 0.454671
f 2660/5335/1995 2661/5334/1995 2715/5511/1995

v -0.00528012 0.56741 0.930244
vt -0.708669 0.420003
f 2660/5335/1995 2715/5511/1995 2717/5512/1995

vt -0.0473 0
vn 0.923058 0.382144 0.0439363
vt -0.00550977 0
vt -0.00550977 0.125
v -0.00527871 0.566801 0.93551
vt -0.0473 0.125
f 2717/5513/2050 2715/5514/2049 2716/5515/2049 2718/5516/2050 

vt 0.685333 0.454671
vt 0.708669 0.420003
f 2716/5517/2013 2659/5332/2013 2718/5518/2013

f 2658/5331/2013 2659/5332/2013 2716/5517/2013

v -0.00490855 0.564948 0.935296
vt 0.717336 0.375997
f 2718/5518/2013 2659/5332/2013 2719/5519/2013

v -0.00488972 0.55141 0.93373
vt 0.717336 0.0546672
f 2719/5519/2013 2659/5332/2013 2720/5520/2013

v -0.00489113 0.552019 0.928464
vt 0.0546672 0
vt 0.0546672 0.125
f 2660/5220/2009 2721/5521/2009 2720/5522/2009 2659/5221/2009 

v -0.00490996 0.565557 0.930029
vt -0.717336 0.375997
vt -0.717336 0.0546672
f 2660/5335/1995 2722/5523/1995 2721/5524/1995

f 2660/5335/1995 2717/5512/1995 2722/5523/1995

vt 0.230295 0
vn 0.995142 0.097831 0.0110454
vt 0.275146 0
vt 0.275146 0.125
vt 0.230295 0.125
f 2722/5525/2051 2717/5526/2050 2718/5527/2050 2719/5528/2051 

vt 0.375997 0
vt 0.375997 0.125
f 2721/5521/2009 2722/5529/2051 2719/5530/2051 2720/5522/2009 

g Mesh22 BTEC1 Television_Silver_CRT1 Model

v 0.0277538 0.58605 0.93239
vt -1.48817 0.861338
v 0.0239085 0.586045 0.93239
vt -1.3975 0.861338
v 0.0157652 0.586034 0.932391
vt -1.2055 0.861338
v 0.0161061 0.585051 0.932277
vt -1.2135 0.837997
v 0.016334 0.583731 0.932125
vt -1.21883 0.806671
v 0.0163781 0.552049 0.928462
vt -1.21883 0.0546672
v 0.0163813 0.549745 0.928195
vt -1.21883 0
v 0.013186 0.550022 0.928228
vt -1.1435 0.00666555
v 0.010951 0.550861 0.928326
vt -1.09083 0.0266622
v 0.00979025 0.551927 0.928449
vt -1.0635 0.052002
v 0.00902549 0.553049 0.928579
vt -1.0455 0.0786641
v 0.00879777 0.554229 0.928716
vt -1.04017 0.106669
v 0.00875675 0.583721 0.932126
vt -1.04017 0.806671
v 0.00844418 0.584801 0.932251
vt -1.03284 0.832334
v 0.00751007 0.58546 0.932327
vt -1.01083 0.848002
v 0.00490818 0.586018 0.932392
vt -0.949504 0.861338
v 0.00162795 0.586281 0.932423
vt -0.872169 0.867671
v -0.00052202 0.587078 0.932516
vt -0.821503 0.886668
v -0.00171106 0.588172 0.932643
vt -0.793503 0.912669
v -0.00244796 0.589266 0.93277
vt -0.776164 0.93867
v -0.00267575 0.590501 0.932913
vt -0.770833 0.967997
v 0.00116961 0.590507 0.932912
vt -0.861501 0.967997
v 0.00490193 0.590512 0.932912
vt -0.949504 0.967997
v 0.0201699 0.590533 0.93291
vt -1.3095 0.967997
v 0.0207353 0.590506 0.932907
vt -1.32283 0.967331
v 0.0219796 0.590311 0.932884
vt -1.35216 0.962667
v 0.0236766 0.590019 0.93285
vt -1.39216 0.955666
v 0.0257136 0.589137 0.932747
vt -1.44017 0.934662
v 0.0272423 0.587889 0.932603
vt -1.47617 0.904999
f 2723/5531/1995 2724/5532/1995 2725/5533/1995 2726/5534/1995 2727/5535/1995 2728/5536/1995 2729/5537/1995 2730/5538/1995 2731/5539/1995 2732/5540/1995 2733/5541/1995 2734/5542/1995 2735/5543/1995 2736/5544/1995 2737/5545/1995 2738/5546/1995 2739/5547/1995 2740/5548/1995 2741/5549/1995 2742/5550/1995 2743/5551/1995 2744/5552/1995 2745/5553/1995 2746/5554/1995 2747/5555/1995 2748/5556/1995 2749/5557/1995 2750/5558/1995 2751/5559/1995 

vt 1.3975 0
vt 1.48817 0
v 0.0277552 0.585442 0.937656
vt 1.48817 0.125
v 0.0239099 0.585436 0.937657
vt 1.3975 0.125
f 2724/5560/2010 2723/5561/2010 2752/5562/2010 2753/5563/2010 

vt 0.436107 0
vn 0.96387 0.264641 0.0303399
vt 0.481387 0
v 0.0272437 0.58728 0.937869
vt 0.481387 0.125
vt 0.436107 0.125
f 2723/5564/2052 2751/5565/2052 2754/5566/2052 2752/5567/2052 

vt -0.56382 0
vn 0.634812 0.767573 0.0885757
vt -0.517171 0
vn 0.522195 0.847198 0.0978118
v 0.025715 0.588528 0.938014
vt -0.517171 0.125
vt -0.56382 0.125
f 2751/5568/2053 2750/5569/2054 2755/5570/2054 2754/5571/2053 

vt -0.944712 0
vt -0.892316 0
vn 0.287375 0.951488 0.109932
v 0.023678 0.58941 0.938116
vt -0.892316 0.125
vt -0.944712 0.125
f 2750/5572/2054 2749/5573/2055 2756/5574/2055 2755/5575/2054 

vt -1.20655 0
vt -1.16595 0
vn 0.163363 0.980043 0.113267
v 0.021981 0.589703 0.93815
vt -1.16595 0.125
vt -1.20655 0.125
f 2749/5576/2055 2748/5577/2056 2757/5578/2056 2756/5579/2055 

vt -1.18421 0
vt -1.15451 0
vn 0.15567 0.981277 0.113412
v 0.0207367 0.589897 0.938173
vt -1.15451 0.125
vt -1.18421 0.125
f 2748/5580/2056 2747/5581/2057 2758/5582/2057 2757/5583/2056 

vt -1.27289 0
vn 0.0485383 0.992213 0.114705
vt -1.25955 0
vn 0.0235855 0.993107 0.114815
v 0.0201713 0.589925 0.938177
vt -1.25955 0.125
vt -1.27289 0.125
f 2747/5584/2058 2746/5585/2059 2759/5586/2059 2758/5587/2058 

vt -1.3095 0
vt -0.949504 0
v 0.00490334 0.589903 0.938178
vt -0.949504 0.125
vt -1.3095 0.125
f 2746/5588/2059 2745/5589/1997 2760/5590/1997 2759/5591/2059 

vt -0.861501 0
v 0.00117101 0.589898 0.938179
vt -0.861501 0.125
f 2745/5589/1997 2744/5592/1997 2761/5593/1997 2760/5590/1997 

vt -0.770833 0
v -0.00267435 0.589893 0.938179
vt -0.770833 0.125
f 2744/5592/1997 2743/5594/1997 2762/5595/1997 2761/5593/1997 

vt -0.814549 0
vn -0.983633 -0.179022 -0.0204357
vt -0.784741 0
v -0.00244656 0.588657 0.938036
vt -0.784741 0.125
vt -0.814549 0.125
f 2743/5596/2060 2742/5597/2060 2763/5598/2060 2762/5599/2060 

vt -0.350324 0
vn -0.831208 -0.552308 -0.0636348
vt -0.319072 0
vn -0.760541 -0.645016 -0.0743723
v -0.00170966 0.587563 0.937909
vt -0.319072 0.125
vt -0.350324 0.125
f 2742/5600/2061 2741/5601/2062 2764/5602/2062 2763/5603/2061 

vt -0.0395781 0
vt -0.00136758 0
vn -0.524543 -0.845766 -0.0976456
v -0.000520614 0.586469 0.937783
vt -0.00136758 0.125
vt -0.0395781 0.125
f 2741/5604/2062 2740/5605/2063 2765/5606/2063 2764/5607/2062 

vt 0.457922 0
vt 0.512034 0
vn -0.217087 -0.969699 -0.112057
v 0.00162936 0.585672 0.93769
vt 0.512034 0.125
vt 0.457922 0.125
f 2740/5608/2063 2739/5609/2064 2766/5610/2064 2765/5611/2063 

vt 0.798449 0
vt 0.876042 0
vn -0.146003 -0.982742 -0.113584
v 0.00490959 0.58541 0.937659
vt 0.876042 0.125
vt 0.798449 0.125
f 2739/5612/2064 2738/5613/2065 2767/5614/2065 2766/5615/2064 

vt 0.744801 0
vt 0.807565 0
vn -0.403257 -0.909044 -0.104994
v 0.00751148 0.584851 0.937593
vt 0.807565 0.125
vt 0.744801 0.125
f 2738/5616/2065 2737/5617/2066 2768/5618/2066 2767/5619/2065 

vt 0.331517 0
vt 0.358529 0
vn -0.578927 -0.810001 -0.0934961
v 0.00844558 0.584192 0.937517
vt 0.358529 0.125
vt 0.331517 0.125
f 2737/5620/2066 2736/5621/2067 2769/5622/2067 2768/5623/2066 

vt -0.516471 0
vn -0.961122 -0.274327 -0.0314606
vt -0.489781 0
vn -0.990136 -0.139212 -0.0158311
v 0.00875815 0.583112 0.937392
vt -0.489781 0.125
vt -0.516471 0.125
f 2736/5624/2068 2735/5625/2069 2770/5626/2069 2769/5627/2068 

vn -0.99545 -0.094681 -0.0106811
v 0.00879918 0.55362 0.933982
f 2735/5356/2069 2734/5406/2070 2771/5407/2070 2770/5359/2069 

vt 0.0897044 0
vt 0.118212 0
vn -0.982104 -0.187122 -0.0213725
v 0.00902689 0.55244 0.933846
vt 0.118212 0.125
vt 0.0897044 0.125
f 2734/5628/2070 2733/5629/2071 2772/5630/2071 2771/5631/2070 

vt 0.519687 0
vn -0.8281 -0.556895 -0.064166
vt 0.551854 0
vn -0.75846 -0.64743 -0.0746521
v 0.00979166 0.551318 0.933716
vt 0.551854 0.125
vt 0.519687 0.125
f 2733/5632/2072 2732/5633/2073 2773/5634/2073 2772/5635/2072 

vt 0.744559 0
vt 0.781831 0
vn -0.525942 -0.844908 -0.0975461
v 0.0109524 0.550252 0.933592
vt 0.781831 0.125
vt 0.744559 0.125
f 2732/5636/2073 2731/5637/2074 2774/5638/2074 2773/5639/2073 

vt 1.01034 0
vt 1.06668 0
vn -0.222295 -0.968534 -0.111921
v 0.0131874 0.549413 0.933495
vt 1.06668 0.125
vt 1.01034 0.125
f 2731/5640/2074 2730/5641/2075 2775/5642/2075 2774/5643/2074 

vt 1.13846 0
vt 1.21409 0
vn -0.0867635 -0.989639 -0.114397
v 0.0163827 0.549137 0.933462
vt 1.21409 0.125
vt 1.13846 0.125
f 2730/5644/2075 2729/5645/2076 2776/5646/2076 2775/5647/2075 

v 0.0163795 0.55144 0.933728
f 2729/5220/2009 2728/5521/2009 2777/5522/2009 2776/5221/2009 

vn 0.996334 0.0850131 0.00956312
v 0.0163354 0.583122 0.937391
f 2728/5521/2009 2727/5501/2077 2778/5502/2077 2777/5522/2009 

vt 0.590786 0
vt 0.622563 0
vn 0.985597 0.16802 0.019163
v 0.0161075 0.584442 0.937544
vt 0.622563 0.125
vt 0.590786 0.125
f 2727/5648/2077 2726/5649/2078 2779/5650/2078 2778/5651/2077 

vt 0.398958 0
vn 0.945457 0.32362 0.0371639
vt 0.423634 0
v 0.0157666 0.585425 0.937658
vt 0.423634 0.125
vt 0.398958 0.125
f 2726/5652/2079 2725/5653/2079 2780/5654/2079 2779/5655/2079 

vt 1.2055 0
vt 1.2055 0.125
f 2725/5656/2010 2724/5560/2010 2753/5563/2010 2780/5657/2010 

vt 1.3975 0.861338
vt 1.48817 0.861338
vt 1.47617 0.904999
vt 1.44017 0.934662
vt 1.39216 0.955666
vt 1.35216 0.962667
vt 1.32283 0.967331
vt 1.3095 0.967997
vt 0.949504 0.967997
vt 0.861501 0.967997
vt 0.770833 0.967997
vt 0.776164 0.93867
vt 0.793503 0.912669
vt 0.821503 0.886668
vt 0.872169 0.867671
vt 0.949504 0.861338
vt 1.01083 0.848002
vt 1.03284 0.832334
vt 1.04017 0.806671
vt 1.04017 0.106669
vt 1.0455 0.0786641
vt 1.0635 0.052002
vt 1.09083 0.0266622
vt 1.1435 0.00666555
vt 1.21883 0
vt 1.21883 0.0546672
vt 1.21883 0.806671
vt 1.2135 0.837997
vt 1.2055 0.861338
f 2753/5658/2013 2752/5659/2013 2754/5660/2013 2755/5661/2013 2756/5662/2013 2757/5663/2013 2758/5664/2013 2759/5665/2013 2760/5666/2013 2761/5667/2013 2762/5668/2013 2763/5669/2013 2764/5670/2013 2765/5671/2013 2766/5672/2013 2767/5673/2013 2768/5674/2013 2769/5675/2013 2770/5676/2013 2771/5677/2013 2772/5678/2013 2773/5679/2013 2774/5680/2013 2775/5681/2013 2776/5682/2013 2777/5683/2013 2778/5684/2013 2779/5685/2013 2780/5686/2013 

g Mesh23 BTEC1 Television_Silver_CRT1 Model

v 0.0528621 0.590579 0.932907
vt -2.08033 0.967997
v 0.0534276 0.590552 0.932904
vt -2.09366 0.967331
v 0.0546719 0.590357 0.932881
vt -2.123 0.962667
v 0.0563688 0.590065 0.932846
vt -2.163 0.955666
v 0.0584059 0.589183 0.932744
vt -2.211 0.934662
v 0.0599345 0.587935 0.932599
vt -2.247 0.904999
v 0.0604461 0.586096 0.932386
vt -2.259 0.861338
v 0.0566007 0.586091 0.932387
vt -2.16833 0.861338
v 0.0376004 0.586064 0.932389
vt -1.72034 0.861338
v 0.0376162 0.574717 0.931077
vt -1.72034 0.592
v 0.037787 0.573874 0.930979
vt -1.72434 0.572001
v 0.038297 0.573145 0.930895
vt -1.73634 0.554667
v 0.0392589 0.572669 0.93084
vt -1.759 0.543335
v 0.0414648 0.572419 0.93081
vt -1.811 0.537333
v 0.0451967 0.572424 0.93081
vt -1.899 0.537333
v 0.0471197 0.572315 0.930797
vt -1.94434 0.534668
v 0.0508818 0.571056 0.93065
vt -2.033 0.504669
v 0.0523892 0.569787 0.930503
vt -2.0685 0.4745
v 0.0528936 0.567941 0.930289
vt -2.08033 0.430664
v 0.0490483 0.567936 0.93029
vt -1.98966 0.430664
v 0.041471 0.567925 0.930291
vt -1.811 0.430664
v 0.0376252 0.568257 0.93033
vt -1.72034 0.43867
v 0.0376415 0.556573 0.928979
vt -1.72034 0.161336
v 0.0379539 0.555491 0.928854
vt -1.72767 0.135666
v 0.0388879 0.55472 0.928765
vt -1.74966 0.11733
v 0.04149 0.554275 0.928712
vt -1.811 0.106669
v 0.0529126 0.554291 0.928711
vt -2.08033 0.106669
v 0.0547222 0.554181 0.928698
vt -2.123 0.104004
v 0.0564474 0.553874 0.928662
vt -2.16366 0.0966695
v 0.0584563 0.55295 0.928555
vt -2.211 0.0746663
v 0.059985 0.55166 0.928405
vt -2.247 0.0440013
v 0.0604966 0.549807 0.928191
vt -2.259 0
v 0.0566512 0.549802 0.928191
vt -2.16833 0
v 0.0414963 0.549781 0.928193
vt -1.811 0
v 0.0396298 0.549834 0.928199
vt -1.767 0.0013326
v 0.0373108 0.550168 0.928239
vt -1.71233 0.00933329
v 0.0340294 0.551343 0.928375
vt -1.635 0.0373332
v 0.0325014 0.552198 0.928475
vt -1.599 0.0576681
v 0.0311989 0.553418 0.928616
vt -1.56833 0.0866699
v 0.0304337 0.554765 0.928772
vt -1.55033 0.118668
v 0.0300638 0.556562 0.92898
vt -1.54167 0.161336
v 0.0300385 0.574706 0.931078
vt -1.54167 0.592
v 0.0300354 0.576953 0.931337
vt -1.54167 0.645335
v 0.0300197 0.588244 0.932643
vt -1.54167 0.91333
v 0.0300165 0.590547 0.932909
vt -1.54167 0.967997
v 0.0338618 0.590553 0.932909
vt -1.63233 0.967997
f 2781/5687/1995 2782/5688/1995 2783/5689/1995 2784/5690/1995 2785/5691/1995 2786/5692/1995 2787/5693/1995 2788/5694/1995 2789/5695/1995 2790/5696/1995 2791/5697/1995 2792/5698/1995 2793/5699/1995 2794/5700/1995 2795/5701/1995 2796/5702/1995 2797/5703/1995 2798/5704/1995 2799/5705/1995 2800/5706/1995 2801/5707/1995 2802/5708/1995 2803/5709/1995 2804/5710/1995 2805/5711/1995 2806/5712/1995 2807/5713/1995 2808/5714/1995 2809/5715/1995 2810/5716/1995 2811/5717/1995 2812/5718/1995 2813/5719/1995 2814/5720/1995 2815/5721/1995 2816/5722/1995 2817/5723/1995 2818/5724/1995 2819/5725/1995 2820/5726/1995 2821/5727/1995 2822/5728/1995 2823/5729/1995 2824/5730/1995 2825/5731/1995 2826/5732/1995 

vt -2.04277 0
vt -2.02942 0
v 0.0528635 0.58997 0.938173
vt -2.02942 0.125
v 0.053429 0.589943 0.93817
vt -2.04277 0.125
f 2782/5733/2058 2781/5734/2059 2827/5735/2059 2828/5736/2058 

vt -2.08033 0
vt -1.63233 0
v 0.0338633 0.589944 0.938175
vt -1.63233 0.125
vt -2.08033 0.125
f 2781/5737/2059 2826/5738/1997 2829/5739/1997 2827/5740/2059 

vt -1.54167 0
v 0.0300179 0.589938 0.938176
vt -1.54167 0.125
f 2826/5738/1997 2825/5741/1997 2830/5742/1997 2829/5739/1997 

v 0.0300211 0.587635 0.937909
f 2825/5222/1998 2824/5223/1998 2831/5224/1998 2830/5225/1998 

v 0.0300368 0.576344 0.936604
f 2824/5223/1998 2823/5226/1998 2832/5227/1998 2831/5224/1998 

v 0.0300399 0.574097 0.936344
f 2823/5226/1998 2822/5228/1998 2833/5229/1998 2832/5227/1998 

v 0.0300652 0.555953 0.934246
f 2822/5228/1998 2821/5230/1999 2834/5231/1999 2833/5229/1998 

vt 0.148685 0
vt 0.192225 0
v 0.0304351 0.554156 0.934038
vt 0.192225 0.125
vt 0.148685 0.125
f 2821/5743/1999 2820/5744/2000 2835/5745/2000 2834/5746/1999 

vt 0.656608 0
vt 0.69332 0
v 0.0312003 0.552809 0.933882
vt 0.69332 0.125
vt 0.656608 0.125
f 2820/5747/2000 2819/5748/2001 2836/5749/2001 2835/5750/2000 

vt 1.07999 0
vt 1.1222 0
v 0.0325028 0.551589 0.933741
vt 1.1222 0.125
vt 1.07999 0.125
f 2819/5751/2001 2818/5752/2002 2837/5753/2002 2836/5754/2001 

vt 1.36389 0
vt 1.40523 0
v 0.0340308 0.550734 0.933642
vt 1.40523 0.125
vt 1.36389 0.125
f 2818/5755/2002 2817/5756/2003 2838/5757/2003 2837/5758/2002 

vt 1.52462 0
vt 1.60687 0
v 0.0373122 0.549559 0.933505
vt 1.60687 0.125
vt 1.52462 0.125
f 2817/5759/2003 2816/5760/2004 2839/5761/2004 2838/5762/2003 

vt 1.69293 0
vt 1.74818 0
v 0.0396312 0.549225 0.933466
vt 1.74818 0.125
vt 1.69293 0.125
f 2816/5763/2004 2815/5764/2014 2840/5765/2014 2839/5766/2004 

vt 1.76615 0
vt 1.81017 0
v 0.0414977 0.549172 0.933459
vt 1.81017 0.125
vt 1.76615 0.125
f 2815/5767/2014 2814/5768/2015 2841/5769/2015 2840/5770/2014 

vt 1.811 0
vt 2.16833 0
v 0.0566526 0.549193 0.933458
vt 2.16833 0.125
vt 1.811 0.125
f 2814/5771/2015 2813/5772/2010 2842/5773/2010 2841/5774/2015 

vt 2.259 0
v 0.060498 0.549198 0.933457
vt 2.259 0.125
f 2813/5772/2010 2812/5775/2010 2843/5776/2010 2842/5773/2010 

vt -0.594415 0
vn 0.964395 0.262744 0.0301205
vt -0.548806 0
v 0.0599864 0.551052 0.933672
vt -0.548806 0.125
vt -0.594415 0.125
f 2812/5777/2080 2811/5778/2080 2844/5779/2080 2843/5780/2080 

vt -1.68208 0
vn 0.647362 0.757159 0.0873683
vt -1.63479 0
vn 0.538731 0.836919 0.096619
v 0.0584577 0.552341 0.933821
vt -1.63479 0.125
vt -1.68208 0.125
f 2811/5781/2081 2810/5782/2082 2845/5783/2082 2844/5784/2081 

vt -1.9735 0
vt -1.9213 0
vn 0.300671 0.947426 0.109459
v 0.0564488 0.553266 0.933928
vt -1.9213 0.125
vt -1.9735 0.125
f 2810/5785/2082 2809/5786/2083 2846/5787/2083 2845/5788/2082 

vt -2.11215 0
vt -2.07083 0
vn 0.118748 0.986357 0.114009
v 0.0547236 0.553572 0.933964
vt -2.07083 0.125
vt -2.11215 0.125
f 2809/5789/2083 2808/5790/2084 2847/5791/2084 2846/5792/2083 

vt -2.11238 0
vt -2.06963 0
vn 0.0298082 0.992942 0.114794
v 0.052914 0.553682 0.933978
vt -2.06963 0.125
vt -2.11238 0.125
f 2808/5793/2084 2807/5794/2085 2848/5795/2085 2847/5796/2084 

v 0.0414914 0.553666 0.933979
vt -1.811 0.125
f 2807/5737/2085 2806/5720/2016 2849/5797/2016 2848/5740/2085 

vt -1.76599 0
vt -1.70373 0
v 0.0388893 0.554111 0.934031
vt -1.70373 0.125
vt -1.76599 0.125
f 2806/5798/2016 2805/5799/2005 2850/5800/2005 2849/5801/2016 

vt -1.26881 0
vt -1.24017 0
v 0.0379553 0.554883 0.93412
vt -1.24017 0.125
vt -1.26881 0.125
f 2805/5802/2005 2804/5803/2006 2851/5804/2006 2850/5805/2005 

vt -0.344026 0
vt -0.317329 0
v 0.0376429 0.555964 0.934245
vt -0.317329 0.125
vt -0.344026 0.125
f 2804/5806/2007 2803/5807/2008 2852/5808/2008 2851/5809/2007 

vt 0.43867 0
v 0.0376266 0.567648 0.935596
vt 0.43867 0.125
f 2803/5265/2008 2802/5810/2009 2853/5811/2009 2852/5268/2008 

vt 1.67509 0
vn -0.0865791 -0.989655 -0.114399
vt 1.76611 0
vn -0.0426399 -0.99248 -0.114737
v 0.0414724 0.567316 0.935557
vt 1.76611 0.125
vt 1.67509 0.125
f 2802/5812/2086 2801/5813/2087 2854/5814/2087 2853/5815/2086 

vt 1.98966 0
v 0.0490497 0.567327 0.935556
vt 1.98966 0.125
f 2801/5771/2087 2800/5816/2010 2855/5817/2010 2854/5774/2087 

vt 2.08033 0
v 0.052895 0.567332 0.935556
vt 2.08033 0.125
f 2800/5816/2010 2799/5818/2010 2856/5819/2010 2855/5817/2010 

vt -0.126382 0
vn 0.965082 0.260244 0.0298313
vt -0.0809775 0
v 0.0523906 0.569178 0.935769
vt -0.0809775 0.125
vt -0.126382 0.125
f 2799/5820/2088 2798/5821/2088 2857/5822/2088 2856/5823/2088 

vt -1.26891 0
vn 0.646527 0.757863 0.0874499
vt -1.22233 0
vn 0.491618 0.865063 0.0998855
v 0.0508832 0.570447 0.935916
vt -1.22233 0.125
vt -1.26891 0.125
f 2798/5824/2089 2797/5825/2090 2858/5826/2090 2857/5827/2089 

vt -1.76401 0
vt -1.67041 0
vn 0.189942 0.975304 0.112712
v 0.0471211 0.571706 0.936063
vt -1.67041 0.125
vt -1.76401 0.125
f 2797/5828/2090 2796/5829/2091 2859/5830/2091 2858/5831/2090 

vt -1.90961 0
vt -1.86419 0
vn 0.0279726 0.992995 0.1148
v 0.0451981 0.571815 0.936076
vt -1.86419 0.125
vt -1.90961 0.125
f 2796/5832/2091 2795/5833/2092 2860/5834/2092 2859/5835/2091 

vt -1.899 0
vn 0.0560418 0.991823 0.114657
v 0.0414662 0.57181 0.936077
vt -1.899 0.125
f 2795/5836/2092 2794/5720/2093 2861/5797/2093 2860/5837/2092 

vt -1.73745 0
vt -1.68511 0
vn 0.283934 0.952507 0.110051
v 0.0392603 0.57206 0.936106
vt -1.68511 0.125
vt -1.73745 0.125
f 2794/5838/2093 2793/5839/2094 2862/5840/2094 2861/5841/2093 

vt -1.33031 0
vt -1.30497 0
vn 0.445977 0.889135 0.102681
v 0.0382984 0.572536 0.936161
vt -1.30497 0.125
vt -1.33031 0.125
f 2793/5842/2094 2792/5843/2095 2863/5844/2095 2862/5845/2094 

vt -0.532338 0
vn 0.821392 0.566615 0.0652916
vt -0.511255 0
v 0.0377884 0.573266 0.936246
vt -0.511255 0.125
vt -0.532338 0.125
f 2792/5846/2096 2791/5847/2096 2864/5848/2096 2863/5849/2096 

vt 0.222679 0
vn 0.980304 0.196218 0.0224247
vt 0.243074 0
vn 0.994995 0.099294 0.0112146
v 0.0376176 0.574108 0.936343
vt 0.243074 0.125
vt 0.222679 0.125
f 2791/5850/2097 2790/5851/2098 2865/5852/2098 2864/5853/2097 

v 0.0376018 0.585455 0.937655
f 2790/5378/2098 2789/5273/2009 2866/5274/2009 2865/5379/2098 

vt 1.72034 0
v 0.0566021 0.585482 0.937653
vt 1.72034 0.125
f 2789/5854/2010 2788/5772/2010 2867/5773/2010 2866/5855/2010 

v 0.0604475 0.585487 0.937653
f 2788/5772/2010 2787/5775/2010 2868/5776/2010 2867/5773/2010 

vt 0.231805 0
vt 0.277084 0
v 0.0599359 0.587326 0.937866
vt 0.277084 0.125
vt 0.231805 0.125
f 2787/5856/2052 2786/5857/2052 2869/5858/2052 2868/5859/2052 

vt -1.15874 0
vt -1.11209 0
v 0.0584073 0.588574 0.93801
vt -1.11209 0.125
vt -1.15874 0.125
f 2786/5860/2053 2785/5861/2054 2870/5862/2054 2869/5863/2053 

vt -1.6509 0
vt -1.5985 0
v 0.0563702 0.589456 0.938113
vt -1.5985 0.125
vt -1.6509 0.125
f 2785/5864/2054 2784/5865/2055 2871/5866/2055 2870/5867/2054 

vt -1.96585 0
vt -1.92524 0
v 0.0546733 0.589748 0.938147
vt -1.92524 0.125
vt -1.96585 0.125
f 2784/5868/2055 2783/5869/2056 2872/5870/2056 2871/5871/2055 

vt -1.94548 0
vt -1.91578 0
vt -1.91578 0.125
vt -1.94548 0.125
f 2783/5872/2056 2782/5873/2057 2828/5874/2057 2872/5875/2056 

vt 2.09366 0.967331
vt 2.08033 0.967997
vt 1.63233 0.967997
vt 1.54167 0.967997
vt 1.54167 0.91333
vt 1.54167 0.645335
vt 1.54167 0.592
vt 1.54167 0.161336
vt 1.55033 0.118668
vt 1.56833 0.0866699
vt 1.599 0.0576681
vt 1.635 0.0373332
vt 1.71233 0.00933329
vt 1.767 0.0013326
vt 2.247 0.0440013
vt 2.211 0.0746663
vt 2.16366 0.0966695
vt 2.123 0.104004
vt 2.08033 0.106669
vt 1.811 0.106669
vt 1.74966 0.11733
vt 1.72767 0.135666
vt 1.72034 0.161336
vt 1.72034 0.43867
vt 1.811 0.430664
vt 1.98966 0.430664
vt 2.08033 0.430664
vt 2.0685 0.4745
vt 2.033 0.504669
vt 1.94434 0.534668
vt 1.899 0.537333
vt 1.811 0.537333
vt 1.759 0.543335
vt 1.73634 0.554667
vt 1.72434 0.572001
vt 1.72034 0.592
vt 1.72034 0.861338
vt 2.16833 0.861338
vt 2.259 0.861338
vt 2.247 0.904999
vt 2.211 0.934662
vt 2.163 0.955666
vt 2.123 0.962667
f 2828/5876/2013 2827/5877/2013 2829/5878/2013 2830/5879/2013 2831/5880/2013 2832/5881/2013 2833/5882/2013 2834/5883/2013 2835/5884/2013 2836/5885/2013 2837/5886/2013 2838/5887/2013 2839/5888/2013 2840/5889/2013 2841/5771/2013 2842/5772/2013 2843/5775/2013 2844/5890/2013 2845/5891/2013 2846/5892/2013 2847/5893/2013 2848/5894/2013 2849/5895/2013 2850/5896/2013 2851/5897/2013 2852/5898/2013 2853/5899/2013 2854/5900/2013 2855/5901/2013 2856/5902/2013 2857/5903/2013 2858/5904/2013 2859/5905/2013 2860/5906/2013 2861/5907/2013 2862/5908/2013 2863/5909/2013 2864/5910/2013 2865/5911/2013 2866/5912/2013 2867/5913/2013 2868/5914/2013 2869/5915/2013 2870/5916/2013 2871/5917/2013 2872/5918/2013 

g Mesh24 BTEC1 Television_Silver_CRT1 Model

v 0.0855544 0.590625 0.932903
vt -2.85117 0.967997
v 0.0861198 0.590598 0.9329
vt -2.8645 0.967331
v 0.0873641 0.590403 0.932877
vt -2.89383 0.962667
v 0.089061 0.590111 0.932843
vt -2.93383 0.955666
v 0.0910981 0.589229 0.93274
vt -2.98183 0.934662
v 0.0926268 0.587981 0.932596
vt -3.01783 0.904999
v 0.0931383 0.586142 0.932383
vt -3.02984 0.861338
v 0.089293 0.586137 0.932383
vt -2.93917 0.861338
v 0.0702927 0.58611 0.932385
vt -2.49117 0.861338
v 0.0703337 0.556618 0.928976
vt -2.49117 0.161336
v 0.0704194 0.555972 0.928901
vt -2.49317 0.145996
v 0.0710144 0.555103 0.9288
vt -2.50717 0.125336
v 0.0722593 0.554515 0.928732
vt -2.5365 0.111336
v 0.0741823 0.554321 0.928709
vt -2.58184 0.106669
v 0.0856049 0.554337 0.928708
vt -2.85117 0.106669
v 0.0874145 0.554227 0.928695
vt -2.89383 0.104004
v 0.0891396 0.55392 0.928659
vt -2.9345 0.0966695
v 0.0911485 0.552996 0.928551
vt -2.98183 0.0746663
v 0.0926772 0.551706 0.928402
vt -3.01783 0.0440013
v 0.0931888 0.549853 0.928187
vt -3.02984 0
v 0.0893434 0.549848 0.928188
vt -2.93917 0
v 0.0741885 0.549827 0.928189
vt -2.58184 0
v 0.071191 0.549935 0.928203
vt -2.51116 0.0026652
v 0.0688719 0.550493 0.928268
vt -2.4565 0.0160014
v 0.0653633 0.552174 0.928463
vt -2.37383 0.0559998
v 0.0633248 0.554305 0.92871
vt -2.32584 0.106669
v 0.0629838 0.555512 0.92885
vt -2.31784 0.13533
v 0.062756 0.556608 0.928976
vt -2.3125 0.161336
v 0.0627119 0.58829 0.932639
vt -2.3125 0.91333
v 0.0627087 0.590593 0.932906
vt -2.3125 0.967997
v 0.0665541 0.590599 0.932905
vt -2.40317 0.967997
f 2873/5919/1995 2874/5920/1995 2875/5921/1995 2876/5922/1995 2877/5923/1995 2878/5924/1995 2879/5925/1995 2880/5926/1995 2881/5927/1995 2882/5928/1995 2883/5929/1995 2884/5930/1995 2885/5931/1995 2886/5932/1995 2887/5933/1995 2888/5934/1995 2889/5935/1995 2890/5936/1995 2891/5937/1995 2892/5938/1995 2893/5939/1995 2894/5940/1995 2895/5941/1995 2896/5942/1995 2897/5943/1995 2898/5944/1995 2899/5945/1995 2900/5946/1995 2901/5947/1995 2902/5948/1995 2903/5949/1995 

vt -2.81264 0
vt -2.79929 0
v 0.0855558 0.590016 0.93817
vt -2.79929 0.125
v 0.0861212 0.589989 0.938166
vt -2.81264 0.125
f 2874/5950/2058 2873/5951/2059 2904/5952/2059 2905/5953/2058 

vt -2.85117 0
vt -2.40317 0
v 0.0665555 0.58999 0.938172
vt -2.40317 0.125
vt -2.85117 0.125
f 2873/5954/2059 2903/5955/1997 2906/5956/1997 2904/5957/2059 

vt -2.3125 0
v 0.0627101 0.589984 0.938172
vt -2.3125 0.125
f 2903/5955/1997 2902/5958/1997 2907/5959/1997 2906/5956/1997 

v 0.0627133 0.587681 0.937906
f 2902/5222/1998 2901/5223/1998 2908/5224/1998 2907/5225/1998 

vn -0.994745 -0.101733 -0.0114966
v 0.0627574 0.555999 0.934243
f 2901/5223/1998 2900/5230/2099 2909/5231/2099 2908/5224/1998 

vt 0.306715 0
vt 0.333263 0
vn -0.979317 -0.201022 -0.0229803
v 0.0629852 0.554904 0.934116
vt 0.333263 0.125
vt 0.306715 0.125
f 2900/5960/2099 2899/5961/2100 2910/5962/2100 2909/5963/2099 

vt 0.492847 0
vn -0.962804 -0.268441 -0.0307796
vt 0.522604 0
vn -0.869486 -0.490715 -0.0565034
v 0.0633262 0.553697 0.933976
vt 0.522604 0.125
vt 0.492847 0.125
f 2899/5964/2101 2898/5965/2102 2911/5966/2102 2910/5967/2101 

vt 1.52199 0
vt 1.59178 0
vn -0.589292 -0.802592 -0.0926367
v 0.0653647 0.551565 0.933729
vt 1.59178 0.125
vt 1.52199 0.125
f 2898/5968/2102 2897/5969/2103 2912/5970/2103 2911/5971/2102 

vt 2.11248 0
vt 2.20432 0
vn -0.336858 -0.935335 -0.108051
v 0.0688733 0.549884 0.933534
vt 2.20432 0.125
vt 2.11248 0.125
f 2897/5972/2103 2896/5973/2104 2913/5974/2104 2912/5975/2103 

vt 2.38271 0
vt 2.43897 0
vn -0.136686 -0.984063 -0.113739
v 0.0711924 0.549326 0.933469
vt 2.43897 0.125
vt 2.38271 0.125
f 2896/5976/2104 2895/5977/2105 2914/5978/2105 2913/5979/2104 

vt 2.50928 0
vt 2.58 0
vn -0.0174639 -0.993232 -0.114831
v 0.0741899 0.549218 0.933456
vt 2.58 0.125
vt 2.50928 0.125
f 2895/5980/2105 2894/5981/2106 2915/5982/2106 2914/5983/2105 

vt 2.58184 0
vt 2.93917 0
v 0.0893449 0.549239 0.933454
vt 2.93917 0.125
vt 2.58184 0.125
f 2894/5984/2106 2893/5985/2010 2916/5986/2010 2915/5987/2106 

vt 3.02984 0
v 0.0931902 0.549244 0.933454
vt 3.02984 0.125
f 2893/5985/2010 2892/5988/2010 2917/5989/2010 2916/5986/2010 

vt -0.797245 0
vt -0.751637 0
v 0.0926786 0.551097 0.933668
vt -0.751637 0.125
vt -0.797245 0.125
f 2892/5990/2080 2891/5991/2080 2918/5992/2080 2917/5993/2080 

vt -2.26891 0
vt -2.22162 0
v 0.0911499 0.552387 0.933818
vt -2.22162 0.125
vt -2.26891 0.125
f 2891/5994/2081 2890/5995/2082 2919/5996/2082 2918/5997/2081 

vt -2.67251 0
vt -2.62031 0
v 0.0891411 0.553311 0.933925
vt -2.62031 0.125
vt -2.67251 0.125
f 2890/5998/2082 2889/5999/2083 2920/6000/2083 2919/6001/2082 

vt -2.87075 0
vt -2.82942 0
v 0.0874159 0.553618 0.933961
vt -2.82942 0.125
vt -2.87075 0.125
f 2889/6002/2083 2888/6003/2084 2921/6004/2084 2920/6005/2083 

vt -2.88171 0
vt -2.83897 0
v 0.0856063 0.553728 0.933974
vt -2.83897 0.125
vt -2.88171 0.125
f 2888/6006/2084 2887/6007/2085 2922/6008/2085 2921/6009/2084 

vn 0.0498864 0.992147 0.114697
v 0.0741837 0.553712 0.933975
vt -2.58184 0.125
f 2887/5954/2085 2886/5940/2107 2923/6010/2107 2922/5957/2085 

vt -2.55734 0
vt -2.51177 0
vn 0.2692 0.956719 0.110542
v 0.0722607 0.553906 0.933998
vt -2.51177 0.125
vt -2.55734 0.125
f 2886/6011/2107 2885/6012/2108 2924/6013/2108 2923/6014/2107 

vt -2.24118 0
vt -2.20868 0
vn 0.429491 0.897108 0.103607
v 0.0710159 0.554494 0.934067
vt -2.20868 0.125
vt -2.24118 0.125
f 2885/6015/2108 2884/6016/2109 2925/6017/2109 2924/6018/2108 

vt -1.30285 0
vn 0.827017 0.558481 0.0643497
vt -1.2779 0
v 0.0704208 0.555363 0.934167
vt -1.2779 0.125
vt -1.30285 0.125
f 2884/6019/2110 2883/6020/2110 2926/6021/2110 2925/6022/2110 

vt -0.177377 0
vn 0.991437 0.129749 0.0147367
vt -0.161907 0
vn 0.997812 0.065714 0.0073314
v 0.0703351 0.55601 0.934242
vt -0.161907 0.125
vt -0.177377 0.125
f 2883/6023/2111 2882/6024/2112 2927/6025/2112 2926/6026/2111 

v 0.0702941 0.585501 0.937652
f 2882/5265/2112 2881/5273/2009 2928/5274/2009 2927/5268/2112 

vt 2.49117 0
v 0.0892944 0.585528 0.93765
vt 2.49117 0.125
f 2881/6027/2010 2880/5985/2010 2929/5986/2010 2928/6028/2010 

v 0.0931397 0.585533 0.937649
f 2880/5985/2010 2879/5988/2010 2930/5989/2010 2929/5986/2010 

vt 0.0275016 0
vt 0.0727815 0
v 0.0926282 0.587372 0.937862
vt 0.0727815 0.125
vt 0.0275016 0.125
f 2879/6029/2052 2878/6030/2052 2931/6031/2052 2930/6032/2052 

vt -1.75366 0
vt -1.70701 0
v 0.0910995 0.58862 0.938007
vt -1.70701 0.125
vt -1.75366 0.125
f 2878/6033/2053 2877/6034/2054 2932/6035/2054 2931/6036/2053 

vt -2.35709 0
vt -2.30469 0
v 0.0890624 0.589502 0.938109
vt -2.30469 0.125
vt -2.35709 0.125
f 2877/6037/2054 2876/6038/2055 2933/6039/2055 2932/6040/2054 

vt -2.72514 0
vt -2.68453 0
v 0.0873655 0.589794 0.938144
vt -2.68453 0.125
vt -2.72514 0.125
f 2876/6041/2055 2875/6042/2056 2934/6043/2056 2933/6044/2055 

vt -2.70675 0
vt -2.67705 0
vt -2.67705 0.125
vt -2.70675 0.125
f 2875/6045/2056 2874/6046/2057 2905/6047/2057 2934/6048/2056 

vt 2.8645 0.967331
vt 2.85117 0.967997
vt 2.40317 0.967997
vt 2.3125 0.967997
vt 2.3125 0.91333
vt 2.3125 0.161336
vt 2.31784 0.13533
vt 2.32584 0.106669
vt 2.37383 0.0559998
vt 2.4565 0.0160014
vt 2.51116 0.0026652
vt 3.01783 0.0440013
vt 2.98183 0.0746663
vt 2.9345 0.0966695
vt 2.89383 0.104004
vt 2.85117 0.106669
vt 2.58184 0.106669
vt 2.5365 0.111336
vt 2.50717 0.125336
vt 2.49317 0.145996
vt 2.49117 0.161336
vt 2.49117 0.861338
vt 2.93917 0.861338
vt 3.02984 0.861338
vt 3.01783 0.904999
vt 2.98183 0.934662
vt 2.93383 0.955666
vt 2.89383 0.962667
f 2905/6049/2013 2904/6050/2013 2906/6051/2013 2907/6052/2013 2908/6053/2013 2909/6054/2013 2910/6055/2013 2911/6056/2013 2912/6057/2013 2913/6058/2013 2914/6059/2013 2915/5984/2013 2916/5985/2013 2917/5988/2013 2918/6060/2013 2919/6061/2013 2920/6062/2013 2921/6063/2013 2922/6064/2013 2923/6065/2013 2924/6066/2013 2925/6067/2013 2926/6068/2013 2927/6069/2013 2928/6070/2013 2929/6071/2013 2930/6072/2013 2931/6073/2013 2932/6074/2013 2933/6075/2013 2934/6076/2013 

g Mesh25 Component_2_1 Television_Silver_CRT1 Model

usemtl Blinds_Roman_Hobbled_Blue
v -0.471756 0.846308 -1.02857
vt 3.97056 -1.13789
vn 0.965926 0.258819 2.8431e-29
v -0.47346 0.850421 -1.02857
vt 4.30144 -1.13789
vn 0.866025 0.5 5.36184e-29
v -0.47346 0.850421 -0.996179
vt 4.30144 0.0625
v -0.471756 0.846308 -0.996179
vt 3.97056 0.0625
f 2935/6077/2113 2936/6078/2114 2937/6079/2114 2938/6080/2113 

usemtl Silver_Noise_01
vt -0.613161 0.408313
v -0.476546 0.84864 -1.02857
vt -0.531797 0.447917
vt -0.58422 0.478183
f 2935/6081/170 2939/6082/170 2936/6083/170

v -0.475198 0.845386 -1.02857
vt -0.554691 0.392646
f 2935/6081/170 2940/6084/170 2939/6082/170

v -0.471175 0.841895 -1.02857
vt -0.623032 0.333333
f 2941/6085/170 2940/6084/170 2935/6081/170

v -0.474738 0.841895 -1.02857
vt -0.5625 0.333333
f 2941/6085/170 2942/6086/170 2940/6084/170

v -0.475198 0.838404 -1.02857
vt -0.554691 0.274021
f 2941/6085/170 2943/6087/170 2942/6086/170

v -0.471756 0.837482 -1.02857
vt -0.613161 0.258354
f 2944/6088/170 2943/6087/170 2941/6085/170

v -0.476546 0.835151 -1.02857
vt -0.531797 0.21875
f 2944/6088/170 2945/6089/170 2943/6087/170

v -0.47346 0.833369 -1.02857
vt -0.58422 0.188484
f 2946/6090/170 2945/6089/170 2944/6088/170

v -0.478689 0.832357 -1.02857
vt -0.495379 0.171288
f 2946/6090/170 2947/6091/170 2945/6089/170

v -0.481483 0.830213 -1.02857
vt -0.447917 0.134869
f 2946/6090/170 2948/6092/170 2947/6091/170

v -0.47617 0.829838 -1.02857
vt -0.538181 0.128485
f 2949/6093/170 2948/6092/170 2946/6090/170

v -0.484736 0.828866 -1.02857
vt -0.392646 0.111975
f 2949/6093/170 2950/6094/170 2948/6092/170

v -0.488227 0.828406 -1.02857
vt -0.333333 0.104167
f 2949/6093/170 2951/6095/170 2950/6094/170

v -0.479701 0.827128 -1.02857
vt -0.478183 0.0824466
f 2951/6095/170 2949/6093/170 2952/6096/170

usemtl Blinds_Roman_Hobbled_Blue
vt 2.31616 -1.13789
vn 0.5 -0.866025 -1.60692e-28
vt 2.64704 -1.13789
vn 0.707107 -0.707107 1.47619e-28
v -0.47617 0.829838 -0.996179
vt 2.64704 0.0625
v -0.479701 0.827128 -0.996179
vt 2.31616 0.0625
f 2952/6097/2115 2949/6098/2116 2953/6099/2116 2954/6100/2115 

vt 2.97792 -1.13789
vn 0.866025 -0.5 -1.9164e-29
v -0.47346 0.833369 -0.996179
vt 2.97792 0.0625
f 2949/6098/2116 2946/6101/2117 2955/6102/2117 2953/6099/2116 

vt 3.3088 -1.13789
vn 0.965926 -0.258819 1.9502e-29
v -0.471756 0.837482 -0.996179
vt 3.3088 0.0625
f 2946/6101/2117 2944/6103/2118 2956/6104/2118 2955/6102/2117 

vt 3.63968 -1.13789
vn 1 -5.711e-15 2.91129e-28
v -0.471175 0.841895 -0.996179
vt 3.63968 0.0625
f 2944/6103/2118 2941/6105/2119 2957/6106/2119 2956/6104/2118 

f 2941/6105/2119 2935/6077/2113 2938/6080/2113 2957/6106/2119 

usemtl Silver_Noise_01
v -0.467284 0.847445 -0.996179
vt -0.689144 0.427616
vn 5.01222e-16 -9.1155e-16 -1
f 2958/6107/2120 2957/6085/2120 2938/6081/2120

v -0.466547 0.841846 -0.996179
vt -0.701667 0.3325
f 2959/6108/2120 2957/6085/2120 2958/6107/2120

f 2959/6108/2120 2956/6088/2120 2957/6085/2120

v -0.467284 0.836247 -0.996179
vt -0.689144 0.237384
f 2960/6109/2120 2956/6088/2120 2959/6108/2120

f 2960/6109/2120 2955/6090/2120 2956/6088/2120

v -0.469445 0.83103 -0.996179
vt -0.652431 0.14875
f 2961/6110/2120 2955/6090/2120 2960/6109/2120

f 2961/6110/2120 2953/6093/2120 2955/6090/2120

f 2961/6110/2120 2954/6096/2120 2953/6093/2120

v -0.472883 0.82655 -0.996179
vt -0.594028 0.0726383
f 2962/6111/2120 2954/6096/2120 2961/6110/2120

v -0.483814 0.825424 -0.996179
vt -0.408313 0.0535055
f 2962/6111/2120 2963/6112/2120 2954/6096/2120

v -0.488227 0.824843 -0.996179
vt -0.333333 0.0436343
f 2962/6111/2120 2964/6113/2120 2963/6112/2120

v -0.477363 0.823113 -0.996179
vt -0.517917 0.0142357
f 2964/6113/2120 2962/6111/2120 2965/6114/2120

vt 0.44103 0.0208333
vn 0.5 -0.866025 -0
vt 0.510987 0.0208333
vn 0.707107 -0.707107 -0
v -0.472883 0.82655 -0.990508
vt 0.510987 0.0908895
v -0.477363 0.823113 -0.990508
vt 0.44103 0.0908895
f 2965/6115/2121 2962/6116/2122 2966/6117/2122 2967/6118/2121 

vt 0.504259 0.0908895
vt 0.504259 0.0208333
vt 0.574215 0.0208333
vn 0.866025 -0.5 -0
v -0.469445 0.83103 -0.990508
vt 0.574215 0.0908895
f 2966/6119/2122 2962/6120/2122 2961/6121/2123 2968/6122/2123 

vt 0.567495 0.0908895
vt 0.567495 0.0208333
vt 0.637452 0.0208333
vn 0.965926 -0.258819 -0
v -0.467284 0.836247 -0.990508
vt 0.637452 0.0908895
f 2968/6123/2123 2961/6124/2123 2960/6125/2124 2969/6126/2124 

vt 0.630753 0.0908895
vt 0.630753 0.0208333
vt 0.70071 0.0208333
vn 1 -2.18362e-15 -0
v -0.466547 0.841846 -0.990508
vt 0.70071 0.0908895
f 2969/6127/2124 2960/6128/2124 2959/6129/2125 2970/6130/2125 

vt 0.694048 0.0908895
vt 0.694048 0.0208333
vt 0.764004 0.0208333
vn 0.965926 0.258819 -0
v -0.467284 0.847445 -0.990508
vt 0.764004 0.0908895
f 2970/6131/2125 2959/6132/2125 2958/6133/2126 2971/6134/2126 

vt 0.757388 0.0908895
vt 0.757388 0.0208333
v -0.469445 0.852662 -0.996179
vt 0.827345 0.0208333
vn 0.866025 0.5 -0
v -0.469445 0.852662 -0.990508
vt 0.827345 0.0908895
f 2971/6135/2126 2958/6136/2126 2972/6137/2127 2973/6138/2127 

vt -0.652431 0.51625
f 2958/6107/2120 2937/6083/2120 2972/6139/2120

f 2958/6107/2120 2938/6081/2120 2937/6083/2120

v -0.47617 0.853953 -0.996179
vt -0.538181 0.538181
f 2972/6139/2120 2937/6083/2120 2974/6140/2120

usemtl Blinds_Roman_Hobbled_Blue
v -0.47617 0.853953 -1.02857
vt 4.63232 -1.13789
vn 0.707107 0.707107 2.50549e-28
vt 4.63232 0.0625
f 2936/6078/2114 2975/6141/2128 2974/6142/2128 2937/6079/2114 

usemtl Silver_Noise_01
v -0.478689 0.851433 -1.02857
vt -0.495379 0.495379
f 2936/6083/170 2976/6143/170 2975/6140/170

f 2936/6083/170 2939/6082/170 2976/6143/170

usemtl White_Semi_Gloss_001
vt -1.59539 1.34375
v -0.497765 0.851433 -1.02857
vt -0.513864 1.48614
vt -1.48614 1.48614
f 2939/6144/170 2977/6145/170 2976/6146/170

v -0.499909 0.84864 -1.02857
vt -0.404608 1.34375
f 2939/6144/170 2978/6147/170 2977/6145/170

v -0.488227 0.845574 -1.02857
vt -1 1.1875
f 2939/6144/170 2979/6148/170 2978/6147/170

v -0.487275 0.845449 -1.02857
vt -1.04853 1.18111
f 2939/6144/170 2980/6149/170 2979/6148/170

vt -1.66407 1.17794
f 2940/6150/170 2980/6149/170 2939/6144/170

v -0.486388 0.845081 -1.02857
vt -1.09375 1.16238
f 2940/6150/170 2981/6151/170 2980/6149/170

v -0.485626 0.844496 -1.02857
vt -1.13258 1.13258
f 2940/6150/170 2982/6152/170 2981/6151/170

v -0.485041 0.843735 -1.02857
vt -1.16238 1.09375
f 2940/6150/170 2983/6153/170 2982/6152/170

v -0.484674 0.842847 -1.02857
vt -1.18111 1.04853
f 2940/6150/170 2984/6154/170 2983/6153/170

vt -1.6875 1
f 2942/6155/170 2984/6154/170 2940/6150/170

v -0.484549 0.841895 -1.02857
vt -1.1875 1
f 2942/6155/170 2985/6156/170 2984/6154/170

v -0.484674 0.840943 -1.02857
vt -1.18111 0.951471
f 2942/6155/170 2986/6157/170 2985/6156/170

v -0.485041 0.840056 -1.02857
vt -1.16238 0.90625
f 2942/6155/170 2987/6158/170 2986/6157/170

v -0.485626 0.839294 -1.02857
vt -1.13258 0.867417
f 2942/6155/170 2988/6159/170 2987/6158/170

v -0.486388 0.838709 -1.02857
vt -1.09375 0.83762
f 2942/6155/170 2989/6160/170 2988/6159/170

vt -1.66407 0.822062
f 2943/6161/170 2989/6160/170 2942/6155/170

v -0.487275 0.838342 -1.02857
vt -1.04853 0.818889
f 2943/6161/170 2990/6162/170 2989/6160/170

v -0.488227 0.838216 -1.02857
vt -1 0.8125
f 2943/6161/170 2991/6163/170 2990/6162/170

vt -1.59539 0.65625
f 2991/6163/170 2943/6161/170 2945/6164/170

v -0.501257 0.838404 -1.02857
vt -0.335926 0.822062
f 2945/6164/170 2992/6165/170 2991/6163/170

v -0.499909 0.835151 -1.02857
vt -0.404608 0.65625
f 2945/6164/170 2993/6166/170 2992/6165/170

vt -1.48614 0.513864
f 2947/6167/170 2993/6166/170 2945/6164/170

v -0.497765 0.832357 -1.02857
vt -0.513864 0.513864
f 2947/6167/170 2994/6168/170 2993/6166/170

vt -1.34375 0.404608
f 2948/6169/170 2994/6168/170 2947/6167/170

v -0.494972 0.830213 -1.02857
vt -0.65625 0.404608
f 2948/6169/170 2995/6170/170 2994/6168/170

vt -1.17794 0.335926
f 2950/6171/170 2995/6170/170 2948/6169/170

v -0.491719 0.828866 -1.02857
vt -0.822062 0.335926
f 2950/6171/170 2996/6172/170 2995/6170/170

vt -1 0.3125
f 2996/6172/170 2950/6171/170 2951/6173/170

usemtl Silver_Noise_01
v -0.500285 0.829838 -1.02857
vt -0.128485 0.128485
vt -0.274021 0.111975
f 2951/6095/170 2997/6174/170 2996/6175/170

f 2952/6096/170 2997/6174/170 2951/6095/170

v -0.496753 0.827128 -1.02857
vt -0.188484 0.0824466
f 2952/6096/170 2998/6176/170 2997/6174/170

v -0.483814 0.825424 -1.02857
f 2999/6112/170 2998/6176/170 2952/6096/170

v -0.492641 0.825424 -1.02857
vt -0.258354 0.0535055
f 2999/6112/170 3000/6177/170 2998/6176/170

v -0.488227 0.824843 -1.02857
f 3000/6177/170 2999/6112/170 3001/6113/170

usemtl Blinds_Roman_Hobbled_Blue
vt 1.6544 -1.13789
vn -1.7189e-14 -1 -3.29234e-19
vt 1.98528 -1.13789
vn 0.258819 -0.965926 -2.26285e-28
vt 1.98528 0.0625
vt 1.6544 0.0625
f 3001/6178/2129 2999/6179/2130 2963/6180/2130 2964/6181/2129 

f 2999/6179/2130 2952/6097/2115 2954/6100/2115 2963/6180/2130 

vt 1.32352 -1.13789
vn -0.258819 -0.965926 -3.29234e-19
v -0.492641 0.825424 -0.996179
vt 1.32352 0.0625
f 3000/6182/2131 3001/6178/2129 2964/6181/2129 3002/6183/2131 

usemtl Silver_Noise_01
v -0.503474 0.82655 -0.996179
vt -0.0743049 0.0726383
f 2964/6113/2120 3003/6184/2120 3002/6177/2120

f 2965/6114/2120 3003/6184/2120 2964/6113/2120

v -0.498994 0.823113 -0.996179
vt -0.150417 0.0142357
f 2965/6114/2120 3004/6185/2120 3003/6184/2120

v -0.48258 0.820952 -0.996179
vt -0.429283 -0.0224777
f 3005/6186/2120 3004/6185/2120 2965/6114/2120

v -0.493777 0.820952 -0.996179
vt -0.239051 -0.0224777
f 3005/6186/2120 3006/6187/2120 3004/6185/2120

v -0.488178 0.820215 -0.996179
vt -0.334167 -0.035
f 3006/6187/2120 3005/6186/2120 3007/6188/2120

vt 0.314535 0.0208333
vn -2.21581e-14 -1 -0
vt 0.384492 0.0208333
vn 0.258819 -0.965926 -0
v -0.48258 0.820952 -0.990508
vt 0.384492 0.0908895
v -0.488178 0.820215 -0.990508
vt 0.314535 0.0908895
f 3007/6189/2132 3005/6190/2133 3008/6191/2133 3009/6192/2132 

vt 0.377794 0.0208333
vt 0.447751 0.0208333
vt 0.447751 0.0908895
vt 0.377794 0.0908895
f 3005/6193/2133 2965/6194/2121 2967/6195/2121 3008/6196/2133 

vt 0.251241 0.0208333
vn -0.258819 -0.965926 -0
vt 0.321198 0.0208333
vt 0.321198 0.0908895
v -0.493777 0.820952 -0.990508
vt 0.251241 0.0908895
f 3006/6197/2134 3007/6198/2132 3009/6199/2132 3010/6200/2134 

vt 0.187901 0.0208333
vn -0.5 -0.866025 -0
vt 0.257857 0.0208333
vt 0.257857 0.0908895
v -0.498994 0.823113 -0.990508
vt 0.187901 0.0908895
f 3004/6201/2135 3006/6202/2134 3010/6203/2134 3011/6204/2135 

vt 0.124506 0.0208333
vn -0.707107 -0.707107 -0
vt 0.194462 0.0208333
vt 0.194462 0.0908895
v -0.503474 0.82655 -0.990508
vt 0.124506 0.0908895
f 3003/6205/2136 3004/6206/2135 3011/6207/2135 3012/6208/2136 

v -0.506912 0.83103 -0.990508
vt 0.0610529 0.0908895
vn -0.866025 -0.5 -0
v -0.506912 0.83103 -0.996179
vt 0.0610529 0.0208333
vt 0.13101 0.0208333
vt 0.13101 0.0908895
f 3013/6209/2137 3014/6210/2137 3003/6211/2136 3012/6212/2136 

v -0.509073 0.836247 -0.990508
vt -0.00245801 0.0908895
vn -0.965926 -0.258819 -0
v -0.509073 0.836247 -0.996179
vt -0.00245801 0.0208333
vt 0.0674988 0.0208333
vt 0.0674988 0.0908895
f 3015/6213/2138 3016/6214/2138 3014/6215/2137 3013/6216/2137 

v -0.50981 0.841846 -0.990508
vt 1.45685 0.0908895
vn -1 -2.2536e-15 -0
v -0.50981 0.841846 -0.996179
vt 1.45685 0.0208333
vt 1.5268 0.0208333
vt 1.5268 0.0908895
f 3017/6217/2139 3018/6218/2139 3016/6219/2138 3015/6220/2138 

v -0.509073 0.847445 -0.990508
vt 1.39323 0.0908895
vn -0.965926 0.258819 -0
v -0.509073 0.847445 -0.996179
vt 1.39323 0.0208333
vt 1.46319 0.0208333
vt 1.46319 0.0908895
f 3019/6221/2140 3020/6222/2140 3018/6223/2139 3017/6224/2139 

v -0.506912 0.852662 -0.990508
vt 1.32959 0.0908895
vn -0.866025 0.5 -0
v -0.506912 0.852662 -0.996179
vt 1.32959 0.0208333
vt 1.39954 0.0208333
vt 1.39954 0.0908895
f 3021/6225/2141 3022/6226/2141 3020/6227/2140 3019/6228/2140 

v -0.503474 0.857142 -0.990508
vt 1.26592 0.0908895
vn -0.707107 0.707107 -0
v -0.503474 0.857142 -0.996179
vt 1.26592 0.0208333
vt 1.33587 0.0208333
vt 1.33587 0.0908895
f 3023/6229/2142 3024/6230/2142 3022/6231/2141 3021/6232/2141 

vt 1.2722 0.0908895
v -0.498994 0.860579 -0.990508
vt 1.20224 0.0908895
vn -0.5 0.866025 -0
v -0.498994 0.860579 -0.996179
vt 1.20224 0.0208333
vt 1.2722 0.0208333
f 3023/6233/2142 3025/6234/2143 3026/6235/2143 3024/6236/2142 

vt 1.20853 0.0908895
v -0.493777 0.86274 -0.990508
vt 1.13857 0.0908895
vn -0.258819 0.965926 -0
v -0.493777 0.86274 -0.996179
vt 1.13857 0.0208333
vt 1.20853 0.0208333
f 3025/6237/2143 3027/6238/2144 3028/6239/2144 3026/6240/2143 

vt 1.14488 0.0908895
v -0.488178 0.863477 -0.990508
vt 1.07492 0.0908895
vn -2.21581e-14 1 -0
v -0.488178 0.863477 -0.996179
vt 1.07492 0.0208333
vt 1.14488 0.0208333
f 3027/6241/2144 3029/6242/2145 3030/6243/2145 3028/6244/2144 

vt 1.08127 0.0908895
v -0.48258 0.86274 -0.990508
vt 1.01131 0.0908895
vn 0.258819 0.965926 -0
v -0.48258 0.86274 -0.996179
vt 1.01131 0.0208333
vt 1.08127 0.0208333
f 3029/6245/2145 3031/6246/2146 3032/6247/2146 3030/6248/2145 

vt 1.0177 0.0908895
v -0.477363 0.860579 -0.990508
vt 0.947747 0.0908895
vn 0.5 0.866025 -0
v -0.477363 0.860579 -0.996179
vt 0.947747 0.0208333
vt 1.0177 0.0208333
f 3031/6249/2146 3033/6250/2147 3034/6251/2147 3032/6252/2146 

vt 0.954193 0.0908895
v -0.472883 0.857142 -0.990508
vt 0.884236 0.0908895
vn 0.707107 0.707107 -0
v -0.472883 0.857142 -0.996179
vt 0.884236 0.0208333
vt 0.954193 0.0208333
f 3033/6253/2147 3035/6254/2148 3036/6255/2148 3034/6256/2147 

vt 0.820783 0.0908895
vt 0.820783 0.0208333
vt 0.89074 0.0208333
vt 0.89074 0.0908895
f 2973/6257/2127 2972/6258/2127 3036/6259/2148 3035/6260/2148 

vt -0.594028 0.592362
f 2972/6139/2120 2974/6140/2120 3036/6261/2120

v -0.479701 0.856663 -0.996179
vt -0.478183 0.58422
f 3036/6261/2120 2974/6140/2120 3037/6262/2120

usemtl Blinds_Roman_Hobbled_Blue
v -0.479701 0.856663 -1.02857
vt 4.9632 -1.13789
vn 0.5 0.866025 -3.46294e-29
vt 4.9632 0.0625
f 2975/6141/2128 3038/6263/2149 3037/6264/2149 2974/6142/2128 

usemtl Silver_Noise_01
v -0.484736 0.854924 -1.02857
vt -0.392646 0.554691
f 2975/6140/170 3039/6265/170 3038/6262/170

v -0.481483 0.853577 -1.02857
vt -0.447917 0.531797
f 2975/6140/170 3040/6266/170 3039/6265/170

f 2975/6140/170 2976/6143/170 3040/6266/170

usemtl White_Semi_Gloss_001
v -0.494972 0.853577 -1.02857
vt -0.65625 1.59539
vt -1.34375 1.59539
f 2976/6146/170 3041/6267/170 3040/6268/170

f 2976/6146/170 2977/6145/170 3041/6267/170

usemtl Silver_Noise_01
vt -0.171288 0.495379
v -0.500285 0.853953 -1.02857
vt -0.128485 0.538181
vt -0.21875 0.531797
f 2977/6269/170 3042/6270/170 3041/6271/170

v -0.502995 0.850421 -1.02857
vt -0.0824466 0.478183
f 2977/6269/170 3043/6272/170 3042/6270/170

vt -0.134869 0.447917
f 2978/6273/170 3043/6272/170 2977/6269/170

v -0.504698 0.846308 -1.02857
vt -0.0535055 0.408313
f 2978/6273/170 3044/6274/170 3043/6272/170

v -0.501257 0.845386 -1.02857
vt -0.111975 0.392646
f 3045/6275/170 3044/6274/170 2978/6273/170

v -0.501716 0.841895 -1.02857
vt -0.104167 0.333333
f 3046/6276/170 3044/6274/170 3045/6275/170

v -0.505279 0.841895 -1.02857
vt -0.0436343 0.333333
f 3046/6276/170 3047/6277/170 3044/6274/170

vt -0.111975 0.274021
f 2992/6278/170 3047/6277/170 3046/6276/170

v -0.504698 0.837482 -1.02857
vt -0.0535055 0.258354
f 2992/6278/170 3048/6279/170 3047/6277/170

vt -0.134869 0.21875
f 2993/6280/170 3048/6279/170 2992/6278/170

v -0.502995 0.833369 -1.02857
vt -0.0824466 0.188484
f 2993/6280/170 3049/6281/170 3048/6279/170

vt -0.171288 0.171288
f 2994/6282/170 3049/6281/170 2993/6280/170

vt -0.21875 0.134869
f 2995/6283/170 3049/6281/170 2994/6282/170

f 2995/6283/170 2997/6174/170 3049/6281/170

f 2996/6175/170 2997/6174/170 2995/6283/170

usemtl Blinds_Roman_Hobbled_Blue
vt 0.33088 -1.13789
vn -0.866025 -0.5 1.16518e-18
vt 0.66176 -1.13789
vn -0.707107 -0.707107 -8.53423e-29
v -0.500285 0.829838 -0.996179
vt 0.66176 0.0625
v -0.502995 0.833369 -0.996179
vt 0.33088 0.0625
f 3049/6284/2150 2997/6285/2151 3050/6286/2151 3051/6287/2150 

vt 0.99264 -1.13789
vn -0.5 -0.866025 8.73243e-29
v -0.496753 0.827128 -0.996179
vt 0.99264 0.0625
f 2997/6285/2151 2998/6288/2152 3052/6289/2152 3050/6286/2151 

f 2998/6288/2152 3000/6182/2131 3002/6183/2131 3052/6289/2152 

usemtl Silver_Noise_01
f 3002/6177/2120 3003/6184/2120 3052/6176/2120

vt -0.0159023 0.14875
f 3052/6176/2120 3003/6184/2120 3014/6290/2120

f 3052/6176/2120 3014/6290/2120 3050/6174/2120

f 3050/6174/2120 3014/6290/2120 3051/6281/2120

vt 0.0208111 0.237384
f 3051/6281/2120 3014/6290/2120 3016/6291/2120

v -0.504698 0.837482 -0.996179
f 3051/6281/2120 3016/6291/2120 3053/6279/2120

vt 0.0333333 0.3325
f 3053/6279/2120 3016/6291/2120 3018/6292/2120

v -0.505279 0.841895 -0.996179
f 3053/6279/2120 3018/6292/2120 3054/6277/2120

vt 0.0208111 0.427616
f 3054/6277/2120 3018/6292/2120 3020/6293/2120

v -0.504698 0.846308 -0.996179
f 3054/6277/2120 3020/6293/2120 3055/6274/2120

v -0.502995 0.850421 -0.996179
f 3055/6274/2120 3020/6293/2120 3056/6272/2120

vt -0.0159023 0.51625
f 3056/6272/2120 3020/6293/2120 3022/6294/2120

v -0.500285 0.853953 -0.996179
f 3056/6272/2120 3022/6294/2120 3057/6270/2120

vt -0.0743049 0.592362
f 3057/6270/2120 3022/6294/2120 3024/6295/2120

v -0.496753 0.856663 -0.996179
vt -0.188484 0.58422
f 3057/6270/2120 3024/6295/2120 3058/6296/2120

v -0.492641 0.858366 -0.996179
vt -0.258354 0.613161
f 3058/6296/2120 3024/6295/2120 3059/6297/2120

vt -0.150417 0.650764
f 3059/6297/2120 3024/6295/2120 3026/6298/2120

v -0.488227 0.858947 -0.996179
vt -0.333333 0.623032
f 3059/6297/2120 3026/6298/2120 3060/6299/2120

vt -0.517917 0.650764
f 3034/6300/2120 3060/6299/2120 3026/6298/2120

v -0.483814 0.858366 -0.996179
vt -0.408313 0.613161
f 3034/6300/2120 3061/6301/2120 3060/6299/2120

f 3036/6261/2120 3061/6301/2120 3034/6300/2120

f 3036/6261/2120 3037/6262/2120 3061/6301/2120

usemtl Blinds_Roman_Hobbled_Blue
v -0.483814 0.858366 -1.02857
vt 5.29408 -1.13789
vn 0.258819 0.965926 -2.69573e-28
vt 5.29408 0.0625
f 3038/6263/2149 3062/6302/2153 3061/6303/2153 3037/6264/2149 

usemtl Silver_Noise_01
v -0.492641 0.858366 -1.02857
f 3038/6262/170 3063/6297/170 3062/6301/170

v -0.496753 0.856663 -1.02857
f 3038/6262/170 3064/6296/170 3063/6297/170

v -0.488227 0.855384 -1.02857
vt -0.333333 0.5625
f 3038/6262/170 3065/6304/170 3064/6296/170

f 3038/6262/170 3039/6265/170 3065/6304/170

usemtl White_Semi_Gloss_001
vt -1.17794 1.66407
v -0.491719 0.854924 -1.02857
vt -0.822062 1.66407
vt -1 1.6875
f 3039/6305/170 3066/6306/170 3065/6307/170

f 3040/6268/170 3066/6306/170 3039/6305/170

f 3040/6268/170 3041/6267/170 3066/6306/170

usemtl Silver_Noise_01
vt -0.274021 0.554691
f 3041/6271/170 3042/6270/170 3066/6308/170

f 3066/6308/170 3042/6270/170 3064/6296/170

usemtl Blinds_Roman_Hobbled_Blue
vt 6.28672 -1.13789
vn -0.5 0.866025 2.13387e-28
vt 6.6176 -1.13789
vn -0.707107 0.707107 1.75875e-29
vt 6.6176 0.0625
vt 6.28672 0.0625
f 3064/6309/2154 3042/6310/2155 3057/6311/2155 3058/6312/2154 

vt 6.94848 -1.13789
vn -0.866025 0.5 -4.36984e-29
vt 6.94848 0.0625
f 3042/6310/2155 3043/6313/2156 3056/6314/2156 3057/6311/2155 

vt 7.27936 -1.13789
vn -0.965926 0.258819 1.64076e-28
vt 7.27936 0.0625
f 3043/6313/2156 3044/6315/2157 3055/6316/2157 3056/6314/2156 

vt 7.61024 -1.13789
vn -1 -5.72499e-15 1.01764e-42
vt 7.61024 0.0625
f 3044/6315/2157 3047/6317/2158 3054/6318/2158 3055/6316/2157 

vt 7.94112 -1.13789
vn -0.965926 -0.258819 1.16518e-18
vt 7.94112 0.0625
f 3047/6317/2158 3048/6319/2159 3053/6320/2159 3054/6318/2158 

vt -1.59941e-11 -1.13789
vt -1.59941e-11 0.0625
f 3048/6321/2159 3049/6284/2150 3051/6287/2150 3053/6322/2159 

vt 5.95584 -1.13789
vn -0.258819 0.965926 -3.29234e-19
vt 5.95584 0.0625
f 3063/6323/2160 3064/6309/2154 3058/6312/2154 3059/6324/2160 

v -0.488227 0.858947 -1.02857
vt 5.62496 -1.13789
vn -1.7161e-14 1 -3.29234e-19
vt 5.62496 0.0625
f 3067/6325/2161 3063/6323/2160 3059/6324/2160 3060/6326/2161 

usemtl Silver_Noise_01
f 3062/6301/170 3063/6297/170 3067/6299/170

usemtl Blinds_Roman_Hobbled_Blue
f 3062/6302/2153 3067/6325/2161 3060/6326/2161 3061/6303/2153 

usemtl Silver_Noise_01
f 3066/6308/170 3064/6296/170 3065/6304/170

vt -0.239051 0.687478
f 3034/6300/2120 3026/6298/2120 3028/6327/2120

vt -0.429283 0.687478
f 3034/6300/2120 3028/6327/2120 3032/6328/2120

vt -0.334167 0.7
f 3032/6328/2120 3028/6327/2120 3030/6329/2120

usemtl White_Semi_Gloss_001
v -0.490067 0.838709 -1.02857
vt -0.90625 0.83762
vt -0.3125 1
f 3068/6330/170 2992/6165/170 3046/6331/170

v -0.489179 0.838342 -1.02857
vt -0.951471 0.818889
f 3069/6332/170 2992/6165/170 3068/6330/170

f 2991/6163/170 2992/6165/170 3069/6332/170

usemtl Black_Flat_001
v -0.491413 0.840056 -1.02857
vt -0.83762 0.90625
v -0.491781 0.840943 -1.02857
vt -0.818889 0.951471
v -0.491906 0.841895 -1.02857
vt -0.8125 1
v -0.491781 0.842847 -1.02857
vt -0.818889 1.04853
v -0.491413 0.843735 -1.02857
vt -0.83762 1.09375
v -0.490829 0.844496 -1.02857
vt -0.867417 1.13258
v -0.490067 0.845081 -1.02857
vt -0.90625 1.16238
v -0.489179 0.845449 -1.02857
vt -0.951471 1.18111
v -0.490829 0.839294 -1.02857
vt -0.867417 0.867417
f 3070/6333/170 3071/6334/170 3072/6335/170 3073/6336/170 3074/6337/170 3075/6338/170 3076/6339/170 3077/6340/170 2979/6148/170 2980/6149/170 2981/6151/170 2982/6152/170 2983/6153/170 2984/6154/170 2985/6156/170 2986/6157/170 2987/6158/170 2988/6159/170 2989/6160/170 2990/6162/170 2991/6163/170 3069/6332/170 3068/6330/170 3078/6341/170 

usemtl White_Semi_Gloss_001
f 3070/6333/170 3046/6331/170 3071/6334/170

f 3078/6341/170 3046/6331/170 3070/6333/170

f 3068/6330/170 3046/6331/170 3078/6341/170

f 3071/6334/170 3046/6331/170 3072/6335/170

vt -0.335926 1.17794
f 3072/6335/170 3046/6331/170 3045/6342/170

f 3072/6335/170 3045/6342/170 3073/6336/170

f 3073/6336/170 3045/6342/170 3074/6337/170

f 3074/6337/170 3045/6342/170 3075/6338/170

f 3075/6338/170 3045/6342/170 3076/6339/170

f 3076/6339/170 3045/6342/170 3077/6340/170

f 3077/6340/170 3045/6342/170 2978/6147/170

f 3077/6340/170 2978/6147/170 2979/6148/170

g Mesh26 Screw_01_1 Television_Silver_CRT1 Model

usemtl Silver_Noise_01
v -0.421501 0.85202 -0.993945
vt 10.4986 -19.1349
vn 0.38533 0.717907 -0.579767
v -0.422661 0.84986 -0.997385
vt 10.1737 -14.8555
vn 0.346191 0.644989 -0.681279
v -0.425611 0.850937 -0.997385
vt 7.01786 -14.8555
vn 0.164984 0.712227 -0.682285
v -0.42506 0.853318 -0.993945
vt 6.69292 -19.1349
vn 0.183701 0.793027 -0.580829
f 3079/6343/2162 3080/6344/2163 3081/6345/2164 3082/6346/2165 

v -0.418405 0.84986 -0.993945
vt 5.35979 -20.05
vn 0.559557 0.593745 -0.578241
v -0.420093 0.848069 -0.997385
vt 5.03485 -15.7706
vn 0.502977 0.533709 -0.67983
vt 1.87906 -15.7706
vt 1.55412 -20.05
f 3083/6347/2166 3084/6348/2167 3080/6349/2163 3079/6350/2162 

v -0.415983 0.846985 -0.993945
vt -0.0146001 -20.1669
vn 0.694766 0.429836 -0.576664
v -0.418085 0.845685 -0.997385
vt -0.339541 -15.8875
vn 0.624842 0.386575 -0.678331
vt -3.49533 -15.8875
vt -3.82027 -20.1669
f 3085/6351/2168 3086/6352/2169 3084/6353/2167 3083/6354/2166 

v -0.414399 0.843591 -0.993945
vt -5.25832 -19.4776
vn 0.782512 0.237753 -0.575456
v -0.416772 0.842871 -0.997385
vt -5.58326 -15.1982
vn 0.704037 0.21391 -0.677181
vt -8.73905 -15.1982
vt -9.06399 -19.4776
f 3087/6355/2170 3088/6356/2171 3086/6357/2169 3085/6358/2168 

v -0.415359 0.839851 -0.996159
vt -10.2232 -15.2747
vn 0.817639 0.030341 -0.574931
v -0.415621 0.841364 -0.996159
vt -11.7876 -15.2747
vn 0.809132 0.135515 -0.571788
v -0.41572 0.841936 -0.996159
vt -12.3793 -15.2747
v -0.41661 0.841936 -0.997385
vt -12.529 -13.7496
vn 0.728871 0.122073 -0.673681
vt -13.4948 -13.7496
vt -13.8197 -18.029
v -0.413763 0.83991 -0.993945
vt -10.014 -18.029
f 3089/6359/2172 3090/6360/2173 3091/6361/2173 3092/6362/2174 3088/6363/2171 3087/6364/2170 3093/6365/2172 

vt 15.0568 27.5346
vn -3.02736e-14 -2.84268e-16 -1
v -0.415651 0.836785 -0.996159
vt 11.9324 27.2425
v -0.440858 0.836785 -0.996159
vt 11.9324 1.96645
v -0.440957 0.837357 -0.996159
vt 12.5157 1.86716
v -0.441222 0.838891 -0.996159
vt 14.0788 1.60111
v -0.440933 0.841936 -0.996159
vt 17.1824 1.89122
vt 17.1824 27.1728
vt 16.5991 27.2721
f 3089/6366/2175 3094/6367/2175 3095/6368/2175 3096/6369/2175 3097/6370/2175 3098/6371/2175 3091/6372/2175 3090/6373/2175 

vt -14.4161 -13.1655
vn 0.817036 -0.0751493 -0.571669
vt -17.5541 -13.1655
vt -17.7633 -15.9198
v -0.414116 0.836192 -0.993945
vt -13.9576 -15.9198
vn 0.798167 -0.179013 -0.575225
v -0.415674 0.836541 -0.996159
vt -14.1667 -13.1655
vn 0.792697 -0.198744 -0.576309
f 3094/6374/2176 3089/6375/2172 3093/6376/2172 3099/6377/2177 3100/6378/2178 

v -0.442465 0.84255 -0.993945
vt -17.8076 0.354195
vn 8.85503e-14 1.03555e-14 1
v -0.442819 0.838832 -0.993945
vt -14.0185 1.21266e-12
v -0.442182 0.83515 -0.993945
vt -10.2667 0.638579
v -0.440598 0.831756 -0.993945
vt -6.80814 2.22642
v -0.438176 0.828881 -0.993945
vt -3.87835 4.6553
v -0.43508 0.826721 -0.993945
vt -1.67703 7.75971
v -0.431522 0.825423 -0.993945
vt -0.354195 11.3281
v -0.427743 0.825076 -0.993945
vt -1.51582e-13 15.1172
v -0.424001 0.825702 -0.993945
vt -0.638579 18.8689
v -0.420552 0.82726 -0.993945
vt -2.22642 22.3275
v -0.41763 0.829644 -0.993945
vt -4.6553 25.2573
v -0.415435 0.83269 -0.993945
vt -7.75971 27.4587
vt -11.3281 28.7815
vt -15.1172 29.1357
vt -18.8689 28.4971
vt -22.3275 26.9093
vt -25.2573 24.4804
vt -27.4587 21.376
vt -28.7815 17.8076
v -0.428839 0.853666 -0.993945
vt -29.1357 14.0185
v -0.43258 0.853039 -0.993945
vt -28.4971 10.2667
v -0.436029 0.851481 -0.993945
vt -26.9093 6.80814
v -0.438951 0.849098 -0.993945
vt -24.4804 3.87835
v -0.441146 0.846052 -0.993945
vt -21.376 1.67703
f 3101/6379/2179 3102/6380/2179 3103/6381/2179 3104/6382/2179 3105/6383/2179 3106/6384/2179 3107/6385/2179 3108/6386/2179 3109/6387/2179 3110/6388/2179 3111/6389/2179 3112/6390/2179 3099/6391/2179 3093/6392/2179 3087/6393/2179 3085/6394/2179 3083/6395/2179 3079/6396/2179 3082/6397/2179 3113/6398/2179 3114/6399/2179 3115/6400/2179 3116/6401/2179 3117/6402/2179 

vt 17.7633 8.34588e-15
vn -0.97576 0.218844 8.2068e-14
vt 13.9576 8.34588e-15
vn -0.999312 -0.0370825 8.67847e-14
v -0.442819 0.838832 -0.990508
vt 13.9576 -3.49327
v -0.442465 0.84255 -0.990508
vt 17.7633 -3.49327
f 3101/6403/2180 3102/6404/2181 3118/6405/2181 3119/6406/2180 

vt 13.9576 -0.752495
vn -0.817639 -0.030341 -0.574931
vt 17.7633 -0.752495
vn -0.792566 0.176961 -0.583544
vt 17.2838 2.00177
vn -0.781544 0.216924 -0.584921
vt 14.1667 2.00177
f 3102/6407/2182 3101/6408/2183 3098/6409/2184 3097/6410/2182 

vt 20.626 -3.47562
vn -0.739799 0.339153 -0.581095
vt 16.7684 -0.680419
vt 16.8203 -3.47562
f 3117/6411/2185 3098/6412/2184 3101/6413/2183

vt 20.7345 -3.14409
v -0.438951 0.844911 -0.997385
vt 20.3623 1.13146
vn -0.677346 0.318 -0.663383
vt 16.8458 -0.392304
f 3117/6414/2185 3120/6415/2186 3098/6416/2184

vt 18.4071 -6.34232
vt 22.2128 -6.34232
vn -0.602927 0.550144 -0.577772
v -0.437131 0.847437 -0.997385
vt 21.8878 -2.06292
vn -0.542046 0.494593 -0.679385
vt 18.732 -2.06292
f 3117/6417/2185 3116/6418/2187 3121/6419/2188 3120/6420/2186 

vt 22.2128 -6.07137e-13
vn -0.738702 0.674032 5.68055e-14
vt 18.4071 -1.21347e-12
vn -0.887335 0.461125 7.18856e-14
v -0.441146 0.846052 -0.990508
vt 18.4071 -3.49327
v -0.438951 0.849098 -0.990508
vt 22.2128 -3.49327
f 3116/6421/2189 3117/6422/2190 3122/6423/2190 3123/6424/2189 

vt 20.626 -1.19349e-12
vt 16.8203 1.91737e-14
vt 16.8203 -3.49327
vt 20.626 -3.49327
f 3117/6425/2190 3101/6426/2180 3119/6427/2180 3122/6428/2190 

vt -14.0185 8.79938e-13
v -0.442182 0.83515 -0.990508
v -0.440598 0.831756 -0.990508
v -0.438176 0.828881 -0.990508
v -0.43508 0.826721 -0.990508
v -0.431522 0.825423 -0.990508
v -0.427743 0.825076 -0.990508
vt -1.14822e-13 15.1172
v -0.424001 0.825702 -0.990508
v -0.420552 0.82726 -0.990508
v -0.41763 0.829644 -0.990508
v -0.415435 0.83269 -0.990508
v -0.414116 0.836192 -0.990508
v -0.413763 0.83991 -0.990508
v -0.414399 0.843591 -0.990508
v -0.415983 0.846985 -0.990508
v -0.418405 0.84986 -0.990508
v -0.421501 0.85202 -0.990508
v -0.42506 0.853318 -0.990508
v -0.428839 0.853666 -0.990508
v -0.43258 0.853039 -0.990508
v -0.436029 0.851481 -0.990508
f 3119/6379/2179 3118/6429/2179 3124/6381/2179 3125/6382/2179 3126/6383/2179 3127/6384/2179 3128/6385/2179 3129/6430/2179 3130/6387/2179 3131/6388/2179 3132/6389/2179 3133/6390/2179 3134/6391/2179 3135/6392/2179 3136/6393/2179 3137/6394/2179 3138/6395/2179 3139/6396/2179 3140/6397/2179 3141/6398/2179 3142/6399/2179 3143/6400/2179 3123/6401/2179 3122/6402/2179 

vt 13.8197 -2.13688e-14
vt 10.014 -6.27699e-13
vn -0.956811 -0.290711 8.57667e-14
vt 10.014 -3.49327
vt 13.8197 -3.49327
f 3102/6431/2181 3103/6432/2191 3124/6433/2191 3118/6434/2181 

vt 13.6106 4.11094
vt 12.025 4.11094
vn -0.809132 -0.135515 -0.571788
vt 11.4333 4.11094
v -0.439968 0.836785 -0.997385
vt 11.2835 5.63607
vn -0.728871 -0.122073 -0.673681
v -0.43981 0.835871 -0.997385
vt 10.339 5.63607
vn -0.704037 -0.21391 -0.677181
vt 10.014 1.35668
vn -0.782512 -0.237753 -0.575456
vt 13.8197 1.35668
f 3097/6435/2182 3096/6436/2192 3095/6437/2192 3144/6438/2193 3145/6439/2194 3103/6440/2195 3102/6441/2182 

v -0.423314 0.836785 -1.00149
vt 19.5579 7.66299
vn 2.97954e-14 1 -6.82363e-15
v -0.424259 0.836785 -1.00184
vt 18.6109 8.01918
v -0.432359 0.836785 -1.00184
vt 10.4885 8.01918
v -0.432471 0.836785 -1.0018
vt 10.3763 7.97935
v -0.436631 0.836785 -1.00008
vt 6.20432 6.2311
v -0.436802 0.836785 -0.999949
vt 6.03287 6.10136
vt 2.85874 3.49591
vt 1.96645 2.25
vt 27.2425 2.25
v -0.416532 0.836785 -0.997385
vt 26.359 3.49591
v -0.41676 0.836785 -0.997572
vt 26.1302 3.68565
v -0.420011 0.836785 -1.00008
vt 22.8698 6.2311
f 3146/6442/2196 3147/6443/2196 3148/6444/2196 3149/6445/2196 3150/6446/2196 3151/6447/2196 3144/6448/2196 3095/6449/2196 3094/6450/2196 3152/6451/2196 3153/6452/2196 3154/6453/2196 

vt -21.0465 -5.01144
vn 0.371947 -0.193292 -0.907906
v -0.420552 0.835349 -1.00008
vt -21.4554 -8.43105
vn 0.502186 -0.241341 -0.8304
v -0.421874 0.833516 -1.00008
vt -19.1645 -8.43105
vn 0.393638 -0.359177 -0.846192
v -0.424734 0.836125 -1.00184
vt -19.675 -4.1608
vn 0.210045 -0.191657 -0.958722
vt -20.4988 -4.1608
vn 0.177135 -0.123592 -0.976396
f 3146/6454/2197 3155/6455/2198 3156/6456/2199 3157/6457/2200 3147/6458/2201 

vt -19.1378 -13.0977
vn 0.422549 -0.572409 -0.702709
vt -17.5777 -13.0977
vt -17.9866 -9.67805
f 3154/6459/2202 3155/6460/2198 3146/6461/2197

vt -19.1378 -9.27304
vt -20.3506 -13.5374
vn 0.656395 -0.417941 -0.628069
vt -17.5777 -9.27304
f 3154/6462/2202 3152/6463/2203 3155/6464/2198

vt -26.1302 3.68565
vn -1.70073e-14 -1 -1.3824e-16
vt -26.359 3.49591
vt -22.8698 6.2311
f 3153/6465/2204 3152/6466/2203 3154/6467/2202

v -0.41763 0.833831 -0.997385
vt -17.0599 -13.6294
vn 0.677374 -0.326558 -0.659184
vt -17.5059 -9.35616
vt -20.2652 -13.6294
f 3158/6468/2205 3155/6469/2198 3152/6470/2203

vt -21.4554 -5.35557
vt -21.8878 -9.63017
v -0.419451 0.831305 -0.997385
vt -18.732 -9.63017
vn 0.542046 -0.494593 -0.679385
vt -19.1645 -5.35557
f 3155/6471/2198 3158/6472/2205 3159/6473/2206 3156/6474/2199 

vt -18.4071 -10.33
vn 0.602927 -0.550144 -0.577772
vt -18.732 -6.05057
vt -21.8878 -6.05057
vt -22.2128 -10.33
vn 0.741241 -0.345196 -0.575675
f 3111/6475/2207 3159/6476/2206 3158/6477/2205 3112/6478/2208 

vt -18.6098 -7.23025
vn 0.438877 -0.686826 -0.579358
v -0.421874 0.829328 -0.997385
vt -18.9347 -2.95085
vn 0.394354 -0.617149 -0.680891
vt -22.0905 -2.95085
vt -22.4155 -7.23025
f 3110/6479/2209 3160/6480/2210 3159/6481/2206 3111/6482/2207 

vt -17.4146 -4.2059
vn 0.243782 -0.776843 -0.580591
v -0.424734 0.828036 -0.997385
vt -17.7395 0.0735001
vn 0.21896 -0.697746 -0.68206
vt -20.8953 0.0735001
vt -21.2202 -4.2059
f 3109/6483/2211 3161/6484/2212 3160/6485/2210 3110/6486/2209 

vt -14.9029 -1.46301
vn 0.0311677 -0.813213 -0.581132
v -0.427836 0.827517 -0.997385
vt -15.2278 2.81638
vn 0.0279893 -0.730282 -0.682572
vt -18.3836 2.81638
vt -18.7086 -1.46301
f 3108/6487/2213 3162/6488/2214 3161/6489/2212 3109/6490/2211 

vt -11.2459 0.811476
vn -0.183701 -0.793027 -0.580829
v -0.43097 0.827805 -0.997385
vt -11.5709 5.09087
vn -0.164984 -0.712227 -0.682285
vt -14.7267 5.09087
vt -15.0516 0.811476
f 3107/6491/2215 3163/6492/2216 3162/6493/2214 3108/6494/2213 

vt -6.69292 2.46257
vn -0.38533 -0.717907 -0.579767
v -0.433921 0.828881 -0.997385
vt -7.01786 6.74197
vn -0.346191 -0.644989 -0.681279
vt -10.1737 6.74197
vt -10.4986 2.46257
f 3106/6495/2217 3164/6496/2218 3163/6497/2216 3107/6498/2215 

vt -1.55412 3.37775
vn -0.559557 -0.593745 -0.578241
v -0.436488 0.830673 -0.997385
vt -1.87906 7.65715
vn -0.502977 -0.533709 -0.67983
vt -5.03485 7.65715
vt -5.35979 3.37775
f 3105/6499/2219 3165/6500/2220 3164/6501/2218 3106/6502/2217 

vt 3.82027 3.49465
vn -0.694766 -0.429836 -0.576664
v -0.438497 0.833057 -0.997385
vt 3.49533 7.77404
vn -0.624842 -0.386575 -0.678331
vt 0.339541 7.77404
vt 0.0146001 3.49465
f 3104/6503/2221 3166/6504/2222 3165/6505/2220 3105/6506/2219 

vt 9.06399 2.8053
vt 8.73905 7.08469
vt 5.58326 7.08469
vt 5.25832 2.8053
f 3103/6507/2195 3145/6508/2194 3166/6509/2222 3104/6510/2221 

vt 8.25556 12.1461
vn -0.490228 -0.221456 -0.842991
v -0.435699 0.834787 -1.00008
vt 6.01573 12.1461
vn -0.454097 -0.280939 -0.845499
vt 5.58326 7.87151
vt 8.73905 7.87151
vt 8.3271 11.9433
vn -0.613458 -0.186389 -0.767417
f 3150/6511/2223 3167/6512/2224 3166/6513/2222 3145/6514/2194 3151/6515/2225 

vt 6.51489 16.4257
vn -0.356161 -0.220348 -0.908073
vt 6.01573 12.2506
vt 8.25556 12.2506
f 3149/6516/2226 3167/6517/2224 3150/6518/2223

vt 2.4921 17.6062
vn -0.16718 -0.136376 -0.976449
v -0.431589 0.835871 -1.00184
vt 1.28254 17.6062
vn -0.194797 -0.206699 -0.958817
v -0.434241 0.833057 -1.00008
vt 0.772012 13.336
vn -0.365153 -0.387463 -0.846484
vt 3.06286 13.336
vt 2.5637 17.5111
f 3148/6519/2227 3168/6520/2228 3169/6521/2229 3167/6522/2224 3149/6523/2226 

vt 11.9324 10.4885
vt 11.9324 18.6109
vt 11.2605 18.1345
v -0.425709 0.83533 -1.00184
vt 10.45 17.1569
vn 0.152526 -0.238698 -0.959041
v -0.42686 0.83481 -1.00184
vt 9.92025 16.0029
vn 0.084565 -0.269477 -0.959287
v -0.428108 0.834601 -1.00184
vt 9.70719 14.7511
vn 0.0108029 -0.281863 -0.959394
v -0.429369 0.834717 -1.00184
vt 9.82537 13.4869
vn -0.0637009 -0.274993 -0.959334
v -0.430556 0.83515 -1.00184
vt 10.2667 12.2963
vn -0.133833 -0.249345 -0.959122
vt 11.0012 11.2605
f 3148/6524/2227 3147/6525/2201 3157/6526/2200 3170/6527/2230 3171/6528/2231 3172/6529/2232 3173/6530/2233 3174/6531/2234 3168/6532/2228 

vt -21.1475 0.719746
vt -21.658 -3.55051
v -0.423632 0.832081 -1.00008
vt -19.3672 -3.55051
vn 0.286083 -0.447708 -0.84718
vt -19.8777 0.719746
f 3157/6533/2200 3156/6534/2199 3175/6535/2235 3170/6536/2230 

vt -21.658 -1.22545
vt -22.0905 -5.50005
vt -18.9347 -5.50005
vt -19.3672 -1.22545
f 3156/6537/2199 3159/6538/2206 3160/6539/2210 3175/6540/2235 

vt -20.4628 2.80425
vt -20.8953 -1.47034
vt -17.7395 -1.47034
v -0.425709 0.831143 -1.00008
vt -18.172 2.80425
vn 0.158715 -0.505766 -0.847945
f 3175/6541/2235 3160/6542/2210 3161/6543/2212 3176/6544/2236 

vt -17.9512 6.45892
vt -18.3836 2.18433
vt -15.2278 2.18433
v -0.427961 0.830766 -1.00008
vt -15.6603 6.45892
vn 0.020281 -0.529161 -0.848279
f 3176/6545/2236 3161/6546/2212 3162/6547/2214 3177/6548/2237 

vt -14.2942 9.4895
vt -14.7267 5.2149
vt -11.5709 5.2149
v -0.430236 0.830975 -1.00008
vt -12.0034 9.4895
vn -0.119571 -0.516182 -0.848092
f 3177/6549/2237 3162/6550/2214 3163/6551/2216 3178/6552/2238 

vt -9.74118 11.6894
vt -10.1737 7.41485
vt -7.01786 7.41485
v -0.432378 0.831756 -1.00008
vt -7.45034 11.6894
vn -0.251076 -0.467779 -0.847434
f 3178/6553/2238 3163/6554/2216 3164/6555/2218 3179/6556/2239 

vt -4.60238 12.9089
vt -5.03485 8.63426
vt -1.87906 8.63426
vt -2.31153 12.9089
f 3179/6557/2239 3164/6558/2218 3165/6559/2220 3169/6560/2229 

vt 0.772012 13.0646
vt 0.339541 8.79001
vt 3.49533 8.79001
vt 3.06286 13.0646
f 3169/6561/2229 3165/6562/2220 3166/6563/2222 3167/6564/2224 

vt -4.09185 17.4222
vt -4.60238 13.1519
vt -2.31153 13.1519
vt -2.82206 17.4222
f 3174/6565/2234 3179/6566/2239 3169/6567/2229 3168/6568/2228 

vt -9.23065 15.9812
vt -9.74118 11.711
vt -7.45034 11.711
vt -7.96087 15.9812
f 3173/6569/2233 3178/6570/2238 3179/6571/2239 3174/6572/2234 

vt -13.7837 13.3815
vt -14.2942 9.11129
vt -12.0034 9.11129
vt -12.5139 13.3815
f 3172/6573/2232 3177/6574/2237 3178/6575/2238 3173/6576/2233 

vt -17.4406 9.80033
vt -17.9512 5.53008
vt -15.6603 5.53008
vt -16.1708 9.80033
f 3171/6577/2231 3176/6578/2236 3177/6579/2237 3172/6580/2232 

vt -19.9523 5.48163
vt -20.4628 1.21137
vt -18.172 1.21137
vt -18.6825 5.48163
f 3170/6581/2230 3175/6582/2235 3176/6583/2236 3171/6584/2231 

vt 10.7509 10.0132
vt 10.339 5.94134
vt 11.2835 5.94134
f 3151/6585/2225 3145/6586/2194 3144/6587/2193

vt 9.06399 -6.60577e-13
vt 5.25832 -1.26691e-12
vn -0.850406 -0.526126 7.9033e-14
vt 5.25832 -3.49327
vt 9.06399 -3.49327
f 3103/6588/2191 3104/6589/2240 3125/6590/2240 3124/6591/2191 

vt 3.82027 -1.28816e-12
vt 0.0146001 -6.81835e-13
vn -0.685844 -0.727748 6.69174e-14
vt 0.0146001 -3.49327
vt 3.82027 -3.49327
f 3104/6592/2240 3105/6593/2241 3126/6594/2241 3125/6595/2240 

vt -1.55412 -6.81999e-13
vt -5.35979 5.30661e-13
vn -0.472924 -0.881103 5.01153e-14
vt -5.35979 -3.49327
vt -1.55412 -3.49327
f 3105/6596/2241 3106/6597/2242 3127/6598/2242 3126/6599/2241 

vt -6.69292 5.52961e-13
vt -10.4986 -1.26603e-12
vn -0.22567 -0.974204 2.9714e-14
vt -10.4986 -3.49327
vt -6.69292 -3.49327
f 3106/6600/2242 3107/6601/2243 3128/6602/2243 3127/6603/2242 

vt -11.2459 -1.22845e-12
vt -15.0516 -1.22845e-12
vn 0.0382985 -0.999266 7.15482e-15
vt -15.0516 -3.49327
vt -11.2459 -3.49327
f 3107/6604/2243 3108/6605/2244 3129/6606/2244 3128/6607/2243 

vt -14.9029 -1.18935e-12
vt -18.7086 6.29637e-13
vn 0.299414 -0.954123 -1.5893e-14
vt -18.7086 -3.49327
vt -14.9029 -3.49327
f 3108/6608/2244 3109/6609/2245 3130/6610/2245 3129/6611/2244 

vt -17.4146 6.53904e-13
vt -21.2202 -1.16509e-12
vn 0.538452 -0.842656 -3.77266e-14
vt -21.2202 -3.49327
vt -17.4146 -3.49327
f 3109/6612/2245 3110/6613/2246 3131/6614/2246 3130/6615/2245 

vt -18.6098 -1.16985e-12
vt -22.4155 4.28105e-14
vn 0.738702 -0.674032 -5.68055e-14
vt -22.4155 -3.49327
vt -18.6098 -3.49327
f 3110/6616/2246 3111/6617/2247 3132/6618/2247 3131/6619/2246 

vt -18.4071 1.31428e-15
vt -22.2128 -2.424e-12
vn 0.887335 -0.461125 -7.18856e-14
vt -22.2128 -3.49327
vt -18.4071 -3.49327
f 3111/6620/2247 3112/6621/2248 3133/6622/2248 3132/6623/2247 

vt -16.8203 -2.50076e-12
vt -20.626 5.30884e-13
vn 0.97576 -0.218844 -8.2068e-14
vt -20.626 -3.49327
vt -16.8203 -3.49327
f 3112/6624/2248 3099/6625/2249 3134/6626/2249 3133/6627/2248 

vt -16.8203 -13.2938
vt -20.4169 -10.5395
vt -20.626 -13.2938
f 3112/6628/2208 3100/6629/2178 3099/6630/2177

vt -17.1453 -9.01441
f 3112/6628/2208 3158/6631/2205 3100/6629/2178

vt -20.2652 -9.19136
vt -20.3278 -10.7243
vt -17.0599 -9.19136
f 3152/6632/2203 3100/6633/2178 3158/6634/2205

vt -14.3338 -11.6404
f 3100/6378/2178 3152/6635/2203 3094/6374/2176

vt -13.9576 4.29764e-13
vt -17.7633 4.29764e-13
vn 0.999312 0.0370825 -8.67847e-14
vt -17.7633 -3.49327
vt -13.9576 -3.49327
f 3099/6636/2249 3093/6637/2250 3135/6638/2250 3134/6639/2249 

vt -10.014 3.22359e-13
vt -13.8197 3.22359e-13
vn 0.956811 0.290711 -8.57667e-14
vt -13.8197 -3.49327
vt -10.014 -3.49327
f 3093/6640/2250 3087/6641/2251 3136/6642/2251 3135/6643/2250 

vt -5.25832 2.29686e-13
vt -9.06399 -2.80196e-12
vn 0.850406 0.526126 -7.9033e-14
vt -9.06399 -3.49327
vt -5.25832 -3.49327
f 3087/6644/2251 3085/6645/2252 3137/6646/2252 3136/6647/2251 

vt -0.0146001 -2.86105e-12
vt -3.82027 -2.25472e-12
vn 0.685844 0.727748 -6.69174e-14
vt -3.82027 -3.49327
vt -0.0146001 -3.49327
f 3085/6648/2252 3083/6649/2253 3138/6650/2253 3137/6651/2252 

vt 5.35979 -2.26816e-12
vt 1.55412 7.63494e-13
vn 0.472924 0.881103 -5.01153e-14
vt 1.55412 -3.49327
vt 5.35979 -3.49327
f 3083/6652/2253 3079/6653/2254 3139/6654/2254 3138/6655/2253 

vt 10.4986 7.97972e-13
vt 6.69292 1.91642e-13
vn 0.22567 0.974204 -2.9714e-14
vt 6.69292 -3.49327
vt 10.4986 -3.49327
f 3079/6656/2254 3082/6657/2255 3140/6658/2255 3139/6659/2254 

vt 15.0516 2.66017e-13
vt 11.2459 -9.46643e-13
vn -0.0382985 0.999266 -7.15482e-15
vt 11.2459 -3.49327
vt 15.0516 -3.49327
f 3082/6660/2255 3113/6661/2256 3141/6662/2256 3140/6663/2255 

vt 15.0516 -17.4838
vt 14.7267 -13.2044
v -0.428745 0.851225 -0.997385
vt 11.5709 -13.2044
vn -0.0279893 0.730282 -0.682572
vt 11.2459 -17.4838
vn -0.0311677 0.813213 -0.581132
f 3082/6664/2165 3081/6665/2164 3180/6666/2257 3113/6667/2258 

v -0.42862 0.847976 -1.00008
vt 12.0034 -14.8874
vn -0.020281 0.529161 -0.848279
vt 11.5709 -19.162
vt 14.7267 -19.162
v -0.426346 0.847767 -1.00008
vt 14.2942 -14.8874
vn 0.119571 0.516182 -0.848092
f 3181/6668/2259 3180/6669/2257 3081/6670/2164 3182/6671/2260 

v -0.430873 0.847599 -1.00008
vt 15.6603 -11.8569
vn -0.158715 0.505766 -0.847945
v -0.431848 0.850705 -0.997385
vt 15.2278 -16.1315
vn -0.21896 0.697746 -0.68206
vt 18.3836 -16.1315
vt 17.9512 -11.8569
f 3183/6672/2261 3184/6673/2262 3180/6674/2257 3181/6675/2259 

v -0.432949 0.846661 -1.00008
vt 18.172 -8.20219
vn -0.286083 0.447708 -0.84718
v -0.434708 0.849413 -0.997385
vt 17.7395 -12.4768
vn -0.394354 0.617149 -0.680891
vt 20.8953 -12.4768
vt 20.4628 -8.20219
f 3185/6676/2263 3186/6677/2264 3184/6678/2262 3183/6679/2261 

v -0.434708 0.845226 -1.00008
vt 19.3672 -4.17248
vn -0.393638 0.359177 -0.846192
vt 18.9347 -8.44708
vt 22.0905 -8.44708
vt 21.658 -4.17248
f 3187/6680/2265 3121/6681/2188 3186/6682/2264 3185/6683/2263 

v -0.436029 0.843392 -1.00008
vt 19.1645 -0.0423595
vn -0.47417 0.246414 -0.845247
vt 18.732 -4.31695
vt 21.8878 -4.31695
vt 21.4554 -0.0423595
f 3188/6684/2266 3120/6685/2186 3121/6686/2188 3187/6687/2265 

v -0.43973 0.841936 -0.997648
vt 17.1875 0.0499102
vn -0.688215 0.23491 -0.686423
vt 20.3011 -0.367876
vt 19.8686 3.90672
v -0.436578 0.841936 -1.00008
vt 18.2863 3.90672
vn -0.505662 0.18445 -0.842784
f 3189/6688/2267 3120/6689/2186 3188/6690/2266 3190/6691/2268 

vt 17.2918 1.54369
vt 16.9159 -0.354431
vt 20.4153 1.20837
f 3189/6692/2267 3098/6693/2184 3120/6694/2186

v -0.433228 0.841936 -1.00151
vt -9.61733 7.68344
vn -2.22129e-14 -1 -5.25379e-14
v -0.432337 0.841936 -1.00184
vt -10.5099 8.01918
v -0.424205 0.841936 -1.00184
vt -18.6645 8.01918
v -0.424144 0.841936 -1.00181
vt -18.7262 7.99729
v -0.41994 0.841936 -1.00008
vt -22.9409 6.2311
v -0.419846 0.841936 -1.00001
vt -23.0352 6.1598
vt -26.2805 3.49591
vt -27.1728 2.25
vt -1.89122 2.25
vt -3.09714 3.76324
vt -6.25813 6.2311
f 3191/6695/2269 3192/6696/2269 3193/6697/2269 3194/6698/2269 3195/6699/2269 3196/6700/2269 3092/6701/2269 3091/6702/2269 3098/6703/2269 3189/6704/2269 3190/6705/2269 

vt 19.5792 1.31599
vn -0.371947 0.193292 -0.907906
vt 19.1645 -2.15245
vt 21.4554 -2.15245
v -0.431848 0.842616 -1.00184
vt 20.9448 2.1178
vn -0.210045 0.191657 -0.958722
vt 20.0955 2.1178
vn -0.177135 0.123592 -0.976396
f 3191/6706/2270 3188/6707/2266 3187/6708/2265 3197/6709/2271 3192/6710/2272 

vt 18.2863 2.51415
vt 19.8686 2.51415
vt 19.4539 5.9826
f 3190/6711/2268 3188/6712/2266 3191/6713/2270

vt 19.8777 -2.76275
vt 19.3672 -7.033
vt 21.658 -7.033
v -0.430873 0.843412 -1.00184
vt 21.1475 -2.76275
vn -0.152526 0.238698 -0.959041
f 3197/6714/2271 3187/6715/2265 3185/6716/2263 3198/6717/2273 

vt 18.6825 -7.52463
vt 18.172 -11.7949
vt 20.4628 -11.7949
v -0.429722 0.843931 -1.00184
vt 19.9523 -7.52463
vn -0.084565 0.269477 -0.959287
f 3198/6718/2273 3185/6719/2263 3183/6720/2261 3199/6721/2274 

vt 16.1708 -11.8433
vt 15.6603 -16.1136
vt 17.9512 -16.1136
v -0.428473 0.844141 -1.00184
vt 17.4406 -11.8433
vn -0.0108029 0.281863 -0.959394
f 3199/6722/2274 3183/6723/2261 3181/6724/2259 3200/6725/2275 

vt 12.5139 -15.4245
vt 12.0034 -19.6948
vt 14.2942 -19.6948
v -0.427213 0.844025 -1.00184
vt 13.7837 -15.4245
vn 0.0637009 0.274993 -0.959334
f 3200/6726/2275 3181/6727/2259 3182/6728/2260 3201/6729/2276 

vt 7.96087 -18.0242
vt 7.45034 -22.2945
v -0.424204 0.846985 -1.00008
vt 9.74118 -22.2945
vn 0.251076 0.467779 -0.847434
v -0.426025 0.843591 -1.00184
vt 9.23065 -18.0242
vn 0.133833 0.249345 -0.959122
f 3201/6730/2276 3182/6731/2260 3202/6732/2277 3203/6733/2278 

vt 7.45034 -17.0874
vt 7.01786 -21.362
vt 10.1737 -21.362
vt 9.74118 -17.0874
f 3182/6734/2260 3081/6735/2164 3080/6736/2163 3202/6737/2277 

vt 2.31153 -18.3068
vt 1.87906 -22.5814
vt 5.03485 -22.5814
v -0.42234 0.845685 -1.00008
vt 4.60238 -18.3068
vn 0.365153 0.387463 -0.846484
f 3202/6738/2277 3080/6739/2163 3084/6740/2167 3204/6741/2279 

vt -3.06286 -18.4625
vt -3.49533 -22.7371
vt -0.339541 -22.7371
v -0.420882 0.843954 -1.00008
vt -0.772012 -18.4625
vn 0.454097 0.280939 -0.845499
f 3204/6742/2279 3084/6743/2167 3086/6744/2169 3205/6745/2280 

vt -6.04377 -17.544
vn 0.490228 0.221456 -0.842991
vt -8.30658 -17.544
vt -8.73905 -21.8186
vt -5.58326 -21.8186
vt -6.00446 -17.6555
vn 0.613458 0.186389 -0.767417
f 3195/6746/2281 3205/6747/2280 3086/6748/2169 3088/6749/2171 3196/6750/2282 

vt -7.8023 -18.6161
vn 0.356161 0.220348 -0.908073
vt -8.30658 -22.8341
vt -6.04377 -22.8341
f 3194/6751/2283 3205/6752/2280 3195/6753/2281

vt -1.31564 -19.6492
vn 0.16718 0.136376 -0.976449
v -0.424992 0.842871 -1.00184
vt -2.55233 -19.6492
vn 0.194797 0.206699 -0.958817
vt -3.06286 -23.9195
vt -0.772012 -23.9195
vt -1.27629 -19.7015
f 3193/6754/2284 3206/6755/2285 3204/6756/2279 3205/6757/2280 3194/6758/2283 

vt 17.1824 18.6645
vt 17.1824 10.5099
vt 17.8752 11.0012
vt 18.6856 11.9788
vt 19.2154 13.1328
vt 19.4285 14.3845
vt 19.3103 15.6488
vt 18.8689 16.8394
vt 18.1345 17.8752
f 3193/6759/2284 3192/6760/2272 3197/6761/2271 3198/6762/2273 3199/6763/2274 3200/6764/2275 3201/6765/2276 3203/6766/2278 3206/6767/2285 

vt 2.82206 -19.4652
vt 2.31153 -23.7354
vt 4.60238 -23.7354
vt 4.09185 -19.4652
f 3203/6768/2278 3202/6769/2277 3204/6770/2279 3206/6771/2285 

vt -13.0736 -15.7253
vt -13.4948 -19.8885
vt -12.529 -19.8885
f 3196/6772/2282 3088/6773/2171 3092/6774/2174

vt 18.6098 -9.44204
vt 22.4155 -9.44204
vn -0.438877 0.686826 -0.579358
vt 22.0905 -5.16264
vt 18.9347 -5.16264
f 3116/6775/2187 3115/6776/2286 3186/6777/2264 3121/6778/2188 

vt 22.4155 -5.59065e-14
vn -0.538452 0.842656 3.77266e-14
vt 18.6098 -6.62236e-13
vt 18.6098 -3.49327
vt 22.4155 -3.49327
f 3115/6779/2287 3116/6780/2189 3123/6781/2189 3143/6782/2287 

vt 21.2202 -1.35367e-12
vn -0.299414 0.954123 1.5893e-14
vt 17.4146 -1.41011e-13
vt 17.4146 -3.49327
vt 21.2202 -3.49327
f 3114/6783/2288 3115/6784/2287 3143/6785/2287 3142/6786/2288 

vt 17.4146 -12.4664
vt 21.2202 -12.4664
vn -0.243782 0.776843 -0.580591
vt 20.8953 -8.18699
vt 17.7395 -8.18699
f 3115/6787/2286 3114/6788/2289 3184/6789/2262 3186/6790/2264 

vt 14.9029 -15.2093
vt 18.7086 -15.2093
vt 18.3836 -10.9299
vt 15.2278 -10.9299
f 3114/6791/2289 3113/6792/2258 3180/6793/2257 3184/6794/2262 

vt 18.7086 -8.48625e-13
vt 14.9029 -1.45495e-12
vt 14.9029 -3.49327
vt 18.7086 -3.49327
f 3113/6795/2256 3114/6796/2288 3142/6797/2288 3141/6798/2256 

g Mesh27 Screw_01_2 Television_Silver_CRT1 Model

v -0.38197 0.85202 -0.993945
v -0.383129 0.84986 -0.997385
v -0.38608 0.850937 -0.997385
v -0.385529 0.853318 -0.993945
f 3207/6343/2162 3208/6344/2163 3209/6345/2164 3210/6346/2165 

v -0.378874 0.84986 -0.993945
v -0.380562 0.848069 -0.997385
f 3211/6347/2166 3212/6348/2167 3208/6349/2163 3207/6350/2162 

v -0.376452 0.846985 -0.993945
v -0.378553 0.845685 -0.997385
f 3213/6351/2168 3214/6352/2169 3212/6353/2167 3211/6354/2166 

v -0.374868 0.843591 -0.993945
v -0.37724 0.842871 -0.997385
f 3215/6355/2170 3216/6356/2171 3214/6357/2169 3213/6358/2168 

v -0.375828 0.839851 -0.996159
v -0.37609 0.841364 -0.996159
v -0.376189 0.841936 -0.996159
v -0.377079 0.841936 -0.997385
v -0.374231 0.83991 -0.993945
f 3217/6359/2172 3218/6360/2173 3219/6361/2173 3220/6362/2174 3216/6363/2171 3215/6364/2170 3221/6365/2172 

v -0.376119 0.836785 -0.996159
v -0.401326 0.836785 -0.996159
v -0.401425 0.837357 -0.996159
v -0.401691 0.838891 -0.996159
v -0.401401 0.841936 -0.996159
f 3217/6366/2175 3222/6367/2175 3223/6368/2175 3224/6369/2175 3225/6370/2175 3226/6371/2175 3219/6372/2175 3218/6373/2175 

v -0.374585 0.836192 -0.993945
v -0.376143 0.836541 -0.996159
f 3222/6374/2176 3217/6375/2172 3221/6376/2172 3227/6377/2177 3228/6378/2178 

v -0.402934 0.84255 -0.993945
v -0.403287 0.838832 -0.993945
v -0.402651 0.83515 -0.993945
v -0.401067 0.831756 -0.993945
v -0.398645 0.828881 -0.993945
v -0.395549 0.826721 -0.993945
v -0.39199 0.825423 -0.993945
v -0.388212 0.825076 -0.993945
v -0.38447 0.825702 -0.993945
v -0.381021 0.82726 -0.993945
v -0.378099 0.829644 -0.993945
v -0.375904 0.83269 -0.993945
v -0.389307 0.853666 -0.993945
v -0.393049 0.853039 -0.993945
v -0.396498 0.851481 -0.993945
v -0.39942 0.849098 -0.993945
v -0.401615 0.846052 -0.993945
f 3229/6379/2179 3230/6380/2179 3231/6381/2179 3232/6382/2179 3233/6383/2179 3234/6384/2179 3235/6385/2179 3236/6386/2179 3237/6387/2179 3238/6388/2179 3239/6389/2179 3240/6390/2179 3227/6391/2179 3221/6392/2179 3215/6393/2179 3213/6394/2179 3211/6395/2179 3207/6396/2179 3210/6397/2179 3241/6398/2179 3242/6399/2179 3243/6400/2179 3244/6401/2179 3245/6402/2179 

v -0.403287 0.838832 -0.990508
v -0.402934 0.84255 -0.990508
f 3229/6403/2180 3230/6404/2181 3246/6405/2181 3247/6406/2180 

f 3230/6407/2182 3229/6408/2183 3226/6409/2184 3225/6410/2182 

f 3245/6411/2185 3226/6412/2184 3229/6413/2183

v -0.39942 0.844911 -0.997385
f 3245/6414/2185 3248/6415/2186 3226/6416/2184

v -0.397599 0.847437 -0.997385
f 3245/6417/2185 3244/6418/2187 3249/6419/2188 3248/6420/2186 

v -0.401615 0.846052 -0.990508
v -0.39942 0.849098 -0.990508
f 3244/6421/2189 3245/6422/2190 3250/6423/2190 3251/6424/2189 

f 3245/6425/2190 3229/6426/2180 3247/6427/2180 3250/6428/2190 

v -0.402651 0.83515 -0.990508
v -0.401067 0.831756 -0.990508
v -0.398645 0.828881 -0.990508
v -0.395549 0.826721 -0.990508
v -0.39199 0.825423 -0.990508
v -0.388212 0.825076 -0.990508
v -0.38447 0.825702 -0.990508
v -0.381021 0.82726 -0.990508
v -0.378099 0.829644 -0.990508
v -0.375904 0.83269 -0.990508
v -0.374585 0.836192 -0.990508
v -0.374231 0.83991 -0.990508
v -0.374868 0.843591 -0.990508
v -0.376452 0.846985 -0.990508
v -0.378874 0.84986 -0.990508
v -0.38197 0.85202 -0.990508
v -0.385529 0.853318 -0.990508
v -0.389307 0.853666 -0.990508
v -0.393049 0.853039 -0.990508
v -0.396498 0.851481 -0.990508
f 3247/6379/2179 3246/6429/2179 3252/6381/2179 3253/6382/2179 3254/6383/2179 3255/6384/2179 3256/6385/2179 3257/6430/2179 3258/6387/2179 3259/6388/2179 3260/6389/2179 3261/6390/2179 3262/6391/2179 3263/6392/2179 3264/6393/2179 3265/6394/2179 3266/6395/2179 3267/6396/2179 3268/6397/2179 3269/6398/2179 3270/6399/2179 3271/6400/2179 3251/6401/2179 3250/6402/2179 

f 3230/6431/2181 3231/6432/2191 3252/6433/2191 3246/6434/2181 

v -0.400437 0.836785 -0.997385
v -0.400278 0.835871 -0.997385
f 3225/6435/2182 3224/6436/2192 3223/6437/2192 3272/6438/2193 3273/6439/2194 3231/6440/2195 3230/6441/2182 

v -0.383783 0.836785 -1.00149
v -0.384727 0.836785 -1.00184
v -0.392828 0.836785 -1.00184
v -0.39294 0.836785 -1.0018
v -0.3971 0.836785 -1.00008
v -0.397271 0.836785 -0.999949
v -0.377 0.836785 -0.997385
v -0.377229 0.836785 -0.997572
v -0.38048 0.836785 -1.00008
f 3274/6442/2196 3275/6443/2196 3276/6444/2196 3277/6445/2196 3278/6446/2196 3279/6447/2196 3272/6448/2196 3223/6449/2196 3222/6450/2196 3280/6451/2196 3281/6452/2196 3282/6453/2196 

v -0.381021 0.835349 -1.00008
v -0.382342 0.833516 -1.00008
v -0.385203 0.836125 -1.00184
f 3274/6454/2197 3283/6455/2198 3284/6456/2199 3285/6457/2200 3275/6458/2201 

f 3282/6459/2202 3283/6460/2198 3274/6461/2197

f 3282/6462/2202 3280/6463/2203 3283/6464/2198

f 3281/6465/2204 3280/6466/2203 3282/6467/2202

v -0.378099 0.833831 -0.997385
f 3286/6468/2205 3283/6469/2198 3280/6470/2203

v -0.37992 0.831305 -0.997385
f 3283/6471/2198 3286/6472/2205 3287/6473/2206 3284/6474/2199 

f 3239/6475/2207 3287/6476/2206 3286/6477/2205 3240/6478/2208 

v -0.382342 0.829328 -0.997385
f 3238/6479/2209 3288/6480/2210 3287/6481/2206 3239/6482/2207 

v -0.385203 0.828036 -0.997385
f 3237/6483/2211 3289/6484/2212 3288/6485/2210 3238/6486/2209 

v -0.388305 0.827517 -0.997385
f 3236/6487/2213 3290/6488/2214 3289/6489/2212 3237/6490/2211 

v -0.391439 0.827805 -0.997385
f 3235/6491/2215 3291/6492/2216 3290/6493/2214 3236/6494/2213 

v -0.39439 0.828881 -0.997385
f 3234/6495/2217 3292/6496/2218 3291/6497/2216 3235/6498/2215 

v -0.396957 0.830673 -0.997385
f 3233/6499/2219 3293/6500/2220 3292/6501/2218 3234/6502/2217 

v -0.398965 0.833057 -0.997385
f 3232/6503/2221 3294/6504/2222 3293/6505/2220 3233/6506/2219 

f 3231/6507/2195 3273/6508/2194 3294/6509/2222 3232/6510/2221 

v -0.396168 0.834787 -1.00008
f 3278/6511/2223 3295/6512/2224 3294/6513/2222 3273/6514/2194 3279/6515/2225 

f 3277/6516/2226 3295/6517/2224 3278/6518/2223

v -0.392058 0.835871 -1.00184
v -0.39471 0.833057 -1.00008
f 3276/6519/2227 3296/6520/2228 3297/6521/2229 3295/6522/2224 3277/6523/2226 

v -0.386177 0.83533 -1.00184
v -0.387328 0.83481 -1.00184
v -0.388577 0.834601 -1.00184
v -0.389837 0.834717 -1.00184
v -0.391025 0.83515 -1.00184
f 3276/6524/2227 3275/6525/2201 3285/6526/2200 3298/6527/2230 3299/6528/2231 3300/6529/2232 3301/6530/2233 3302/6531/2234 3296/6532/2228 

v -0.384101 0.832081 -1.00008
f 3285/6533/2200 3284/6534/2199 3303/6535/2235 3298/6536/2230 

f 3284/6537/2199 3287/6538/2206 3288/6539/2210 3303/6540/2235 

v -0.386177 0.831143 -1.00008
f 3303/6541/2235 3288/6542/2210 3289/6543/2212 3304/6544/2236 

v -0.38843 0.830766 -1.00008
f 3304/6545/2236 3289/6546/2212 3290/6547/2214 3305/6548/2237 

v -0.390704 0.830975 -1.00008
f 3305/6549/2237 3290/6550/2214 3291/6551/2216 3306/6552/2238 

v -0.392846 0.831756 -1.00008
f 3306/6553/2238 3291/6554/2216 3292/6555/2218 3307/6556/2239 

f 3307/6557/2239 3292/6558/2218 3293/6559/2220 3297/6560/2229 

f 3297/6561/2229 3293/6562/2220 3294/6563/2222 3295/6564/2224 

f 3302/6565/2234 3307/6566/2239 3297/6567/2229 3296/6568/2228 

f 3301/6569/2233 3306/6570/2238 3307/6571/2239 3302/6572/2234 

f 3300/6573/2232 3305/6574/2237 3306/6575/2238 3301/6576/2233 

f 3299/6577/2231 3304/6578/2236 3305/6579/2237 3300/6580/2232 

f 3298/6581/2230 3303/6582/2235 3304/6583/2236 3299/6584/2231 

f 3279/6585/2225 3273/6586/2194 3272/6587/2193

f 3231/6588/2191 3232/6589/2240 3253/6590/2240 3252/6591/2191 

f 3232/6592/2240 3233/6593/2241 3254/6594/2241 3253/6595/2240 

f 3233/6596/2241 3234/6597/2242 3255/6598/2242 3254/6599/2241 

f 3234/6600/2242 3235/6601/2243 3256/6602/2243 3255/6603/2242 

f 3235/6604/2243 3236/6605/2244 3257/6606/2244 3256/6607/2243 

f 3236/6608/2244 3237/6609/2245 3258/6610/2245 3257/6611/2244 

f 3237/6612/2245 3238/6613/2246 3259/6614/2246 3258/6615/2245 

f 3238/6616/2246 3239/6617/2247 3260/6618/2247 3259/6619/2246 

f 3239/6620/2247 3240/6621/2248 3261/6622/2248 3260/6623/2247 

f 3240/6624/2248 3227/6625/2249 3262/6626/2249 3261/6627/2248 

f 3240/6628/2208 3228/6629/2178 3227/6630/2177

f 3240/6628/2208 3286/6631/2205 3228/6629/2178

f 3280/6632/2203 3228/6633/2178 3286/6634/2205

f 3228/6378/2178 3280/6635/2203 3222/6374/2176

f 3227/6636/2249 3221/6637/2250 3263/6638/2250 3262/6639/2249 

f 3221/6640/2250 3215/6641/2251 3264/6642/2251 3263/6643/2250 

f 3215/6644/2251 3213/6645/2252 3265/6646/2252 3264/6647/2251 

f 3213/6648/2252 3211/6649/2253 3266/6650/2253 3265/6651/2252 

f 3211/6652/2253 3207/6653/2254 3267/6654/2254 3266/6655/2253 

f 3207/6656/2254 3210/6657/2255 3268/6658/2255 3267/6659/2254 

f 3210/6660/2255 3241/6661/2256 3269/6662/2256 3268/6663/2255 

v -0.389214 0.851225 -0.997385
f 3210/6664/2165 3209/6665/2164 3308/6666/2257 3241/6667/2258 

v -0.389089 0.847976 -1.00008
v -0.386815 0.847767 -1.00008
f 3309/6668/2259 3308/6669/2257 3209/6670/2164 3310/6671/2260 

v -0.391341 0.847599 -1.00008
v -0.392316 0.850705 -0.997385
f 3311/6672/2261 3312/6673/2262 3308/6674/2257 3309/6675/2259 

v -0.393418 0.846661 -1.00008
v -0.395176 0.849413 -0.997385
f 3313/6676/2263 3314/6677/2264 3312/6678/2262 3311/6679/2261 

v -0.395176 0.845226 -1.00008
f 3315/6680/2265 3249/6681/2188 3314/6682/2264 3313/6683/2263 

v -0.396498 0.843392 -1.00008
f 3316/6684/2266 3248/6685/2186 3249/6686/2188 3315/6687/2265 

v -0.400199 0.841936 -0.997648
v -0.397046 0.841936 -1.00008
f 3317/6688/2267 3248/6689/2186 3316/6690/2266 3318/6691/2268 

f 3317/6692/2267 3226/6693/2184 3248/6694/2186

v -0.393696 0.841936 -1.00151
v -0.392806 0.841936 -1.00184
v -0.384674 0.841936 -1.00184
v -0.384612 0.841936 -1.00181
v -0.380409 0.841936 -1.00008
v -0.380315 0.841936 -1.00001
f 3319/6695/2269 3320/6696/2269 3321/6697/2269 3322/6698/2269 3323/6699/2269 3324/6700/2269 3220/6701/2269 3219/6702/2269 3226/6703/2269 3317/6704/2269 3318/6705/2269 

v -0.392316 0.842616 -1.00184
f 3319/6706/2270 3316/6707/2266 3315/6708/2265 3325/6709/2271 3320/6710/2272 

f 3318/6711/2268 3316/6712/2266 3319/6713/2270

v -0.391341 0.843412 -1.00184
f 3325/6714/2271 3315/6715/2265 3313/6716/2263 3326/6717/2273 

v -0.390191 0.843931 -1.00184
f 3326/6718/2273 3313/6719/2263 3311/6720/2261 3327/6721/2274 

v -0.388942 0.844141 -1.00184
f 3327/6722/2274 3311/6723/2261 3309/6724/2259 3328/6725/2275 

v -0.387681 0.844025 -1.00184
f 3328/6726/2275 3309/6727/2259 3310/6728/2260 3329/6729/2276 

v -0.384672 0.846985 -1.00008
v -0.386494 0.843591 -1.00184
f 3329/6730/2276 3310/6731/2260 3330/6732/2277 3331/6733/2278 

f 3310/6734/2260 3209/6735/2164 3208/6736/2163 3330/6737/2277 

v -0.382809 0.845685 -1.00008
f 3330/6738/2277 3208/6739/2163 3212/6740/2167 3332/6741/2279 

v -0.381351 0.843954 -1.00008
f 3332/6742/2279 3212/6743/2167 3214/6744/2169 3333/6745/2280 

f 3323/6746/2281 3333/6747/2280 3214/6748/2169 3216/6749/2171 3324/6750/2282 

f 3322/6751/2283 3333/6752/2280 3323/6753/2281

v -0.385461 0.842871 -1.00184
f 3321/6754/2284 3334/6755/2285 3332/6756/2279 3333/6757/2280 3322/6758/2283 

f 3321/6759/2284 3320/6760/2272 3325/6761/2271 3326/6762/2273 3327/6763/2274 3328/6764/2275 3329/6765/2276 3331/6766/2278 3334/6767/2285 

f 3331/6768/2278 3330/6769/2277 3332/6770/2279 3334/6771/2285 

f 3324/6772/2282 3216/6773/2171 3220/6774/2174

f 3244/6775/2187 3243/6776/2286 3314/6777/2264 3249/6778/2188 

f 3243/6779/2287 3244/6780/2189 3251/6781/2189 3271/6782/2287 

f 3242/6783/2288 3243/6784/2287 3271/6785/2287 3270/6786/2288 

f 3243/6787/2286 3242/6788/2289 3312/6789/2262 3314/6790/2264 

f 3242/6791/2289 3241/6792/2258 3308/6793/2257 3312/6794/2262 

f 3241/6795/2256 3242/6796/2288 3270/6797/2288 3269/6798/2256 

g Mesh28 Screw_01_3 Television_Silver_CRT1 Model

v -0.342439 0.85202 -0.993945
v -0.343598 0.84986 -0.997385
v -0.346549 0.850937 -0.997385
v -0.345997 0.853318 -0.993945
f 3335/6343/2162 3336/6344/2163 3337/6345/2164 3338/6346/2165 

v -0.339343 0.84986 -0.993945
v -0.341031 0.848069 -0.997385
f 3339/6347/2166 3340/6348/2167 3336/6349/2163 3335/6350/2162 

v -0.33692 0.846985 -0.993945
v -0.339022 0.845685 -0.997385
f 3341/6351/2168 3342/6352/2169 3340/6353/2167 3339/6354/2166 

v -0.335337 0.843591 -0.993945
v -0.337709 0.842871 -0.997385
f 3343/6355/2170 3344/6356/2171 3342/6357/2169 3341/6358/2168 

v -0.336297 0.839851 -0.996159
v -0.336559 0.841364 -0.996159
v -0.336658 0.841936 -0.996159
v -0.337548 0.841936 -0.997385
v -0.3347 0.83991 -0.993945
f 3345/6359/2172 3346/6360/2173 3347/6361/2173 3348/6362/2174 3344/6363/2171 3343/6364/2170 3349/6365/2172 

v -0.336588 0.836785 -0.996159
v -0.361795 0.836785 -0.996159
v -0.361894 0.837357 -0.996159
v -0.362159 0.838891 -0.996159
v -0.36187 0.841936 -0.996159
f 3345/6366/2175 3350/6367/2175 3351/6368/2175 3352/6369/2175 3353/6370/2175 3354/6371/2175 3347/6372/2175 3346/6373/2175 

v -0.335053 0.836192 -0.993945
v -0.336611 0.836541 -0.996159
f 3350/6374/2176 3345/6375/2172 3349/6376/2172 3355/6377/2177 3356/6378/2178 

v -0.363403 0.84255 -0.993945
v -0.363756 0.838832 -0.993945
v -0.363119 0.83515 -0.993945
v -0.361536 0.831756 -0.993945
v -0.359114 0.828881 -0.993945
v -0.356018 0.826721 -0.993945
v -0.352459 0.825423 -0.993945
v -0.34868 0.825076 -0.993945
v -0.344939 0.825702 -0.993945
v -0.34149 0.82726 -0.993945
v -0.338568 0.829644 -0.993945
v -0.336373 0.83269 -0.993945
v -0.349776 0.853666 -0.993945
v -0.353518 0.853039 -0.993945
v -0.356967 0.851481 -0.993945
v -0.359888 0.849098 -0.993945
v -0.362084 0.846052 -0.993945
f 3357/6379/2179 3358/6380/2179 3359/6381/2179 3360/6382/2179 3361/6383/2179 3362/6384/2179 3363/6385/2179 3364/6386/2179 3365/6387/2179 3366/6388/2179 3367/6389/2179 3368/6390/2179 3355/6391/2179 3349/6392/2179 3343/6393/2179 3341/6394/2179 3339/6395/2179 3335/6396/2179 3338/6397/2179 3369/6398/2179 3370/6399/2179 3371/6400/2179 3372/6401/2179 3373/6402/2179 

v -0.363756 0.838832 -0.990508
v -0.363403 0.84255 -0.990508
f 3357/6403/2180 3358/6404/2181 3374/6405/2181 3375/6406/2180 

f 3358/6407/2182 3357/6408/2183 3354/6409/2184 3353/6410/2182 

f 3373/6411/2185 3354/6412/2184 3357/6413/2183

v -0.359888 0.844911 -0.997385
f 3373/6414/2185 3376/6415/2186 3354/6416/2184

v -0.358068 0.847437 -0.997385
f 3373/6417/2185 3372/6418/2187 3377/6419/2188 3376/6420/2186 

v -0.362084 0.846052 -0.990508
v -0.359888 0.849098 -0.990508
f 3372/6421/2189 3373/6422/2190 3378/6423/2190 3379/6424/2189 

f 3373/6425/2190 3357/6426/2180 3375/6427/2180 3378/6428/2190 

v -0.363119 0.83515 -0.990508
v -0.361536 0.831756 -0.990508
v -0.359114 0.828881 -0.990508
v -0.356018 0.826721 -0.990508
v -0.352459 0.825423 -0.990508
v -0.34868 0.825076 -0.990508
v -0.344939 0.825702 -0.990508
v -0.34149 0.82726 -0.990508
v -0.338568 0.829644 -0.990508
v -0.336373 0.83269 -0.990508
v -0.335053 0.836192 -0.990508
v -0.3347 0.83991 -0.990508
v -0.335337 0.843591 -0.990508
v -0.33692 0.846985 -0.990508
v -0.339343 0.84986 -0.990508
v -0.342439 0.85202 -0.990508
v -0.345997 0.853318 -0.990508
v -0.349776 0.853666 -0.990508
v -0.353518 0.853039 -0.990508
v -0.356967 0.851481 -0.990508
f 3375/6379/2179 3374/6429/2179 3380/6381/2179 3381/6382/2179 3382/6383/2179 3383/6384/2179 3384/6385/2179 3385/6430/2179 3386/6387/2179 3387/6388/2179 3388/6389/2179 3389/6390/2179 3390/6391/2179 3391/6392/2179 3392/6393/2179 3393/6394/2179 3394/6395/2179 3395/6396/2179 3396/6397/2179 3397/6398/2179 3398/6399/2179 3399/6400/2179 3379/6401/2179 3378/6402/2179 

f 3358/6431/2181 3359/6432/2191 3380/6433/2191 3374/6434/2181 

v -0.360905 0.836785 -0.997385
v -0.360747 0.835871 -0.997385
f 3353/6435/2182 3352/6436/2192 3351/6437/2192 3400/6438/2193 3401/6439/2194 3359/6440/2195 3358/6441/2182 

v -0.344252 0.836785 -1.00149
v -0.345196 0.836785 -1.00184
v -0.353296 0.836785 -1.00184
v -0.353408 0.836785 -1.0018
v -0.357569 0.836785 -1.00008
v -0.35774 0.836785 -0.999949
v -0.337469 0.836785 -0.997385
v -0.337697 0.836785 -0.997572
v -0.340949 0.836785 -1.00008
f 3402/6442/2196 3403/6443/2196 3404/6444/2196 3405/6445/2196 3406/6446/2196 3407/6447/2196 3400/6448/2196 3351/6449/2196 3350/6450/2196 3408/6451/2196 3409/6452/2196 3410/6453/2196 

v -0.34149 0.835349 -1.00008
v -0.342811 0.833516 -1.00008
v -0.345671 0.836125 -1.00184
f 3402/6454/2197 3411/6455/2198 3412/6456/2199 3413/6457/2200 3403/6458/2201 

f 3410/6459/2202 3411/6460/2198 3402/6461/2197

f 3410/6462/2202 3408/6463/2203 3411/6464/2198

f 3409/6465/2204 3408/6466/2203 3410/6467/2202

v -0.338568 0.833831 -0.997385
f 3414/6468/2205 3411/6469/2198 3408/6470/2203

v -0.340388 0.831305 -0.997385
f 3411/6471/2198 3414/6472/2205 3415/6473/2206 3412/6474/2199 

f 3367/6475/2207 3415/6476/2206 3414/6477/2205 3368/6478/2208 

v -0.342811 0.829328 -0.997385
f 3366/6479/2209 3416/6480/2210 3415/6481/2206 3367/6482/2207 

v -0.345671 0.828036 -0.997385
f 3365/6483/2211 3417/6484/2212 3416/6485/2210 3366/6486/2209 

v -0.348774 0.827517 -0.997385
f 3364/6487/2213 3418/6488/2214 3417/6489/2212 3365/6490/2211 

v -0.351907 0.827805 -0.997385
f 3363/6491/2215 3419/6492/2216 3418/6493/2214 3364/6494/2213 

v -0.354858 0.828881 -0.997385
f 3362/6495/2217 3420/6496/2218 3419/6497/2216 3363/6498/2215 

v -0.357426 0.830673 -0.997385
f 3361/6499/2219 3421/6500/2220 3420/6501/2218 3362/6502/2217 

v -0.359434 0.833057 -0.997385
f 3360/6503/2221 3422/6504/2222 3421/6505/2220 3361/6506/2219 

f 3359/6507/2195 3401/6508/2194 3422/6509/2222 3360/6510/2221 

v -0.356637 0.834787 -1.00008
f 3406/6511/2223 3423/6512/2224 3422/6513/2222 3401/6514/2194 3407/6515/2225 

f 3405/6516/2226 3423/6517/2224 3406/6518/2223

v -0.352527 0.835871 -1.00184
v -0.355179 0.833057 -1.00008
f 3404/6519/2227 3424/6520/2228 3425/6521/2229 3423/6522/2224 3405/6523/2226 

v -0.346646 0.83533 -1.00184
v -0.347797 0.83481 -1.00184
v -0.349045 0.834601 -1.00184
v -0.350306 0.834717 -1.00184
v -0.351494 0.83515 -1.00184
f 3404/6524/2227 3403/6525/2201 3413/6526/2200 3426/6527/2230 3427/6528/2231 3428/6529/2232 3429/6530/2233 3430/6531/2234 3424/6532/2228 

v -0.34457 0.832081 -1.00008
f 3413/6533/2200 3412/6534/2199 3431/6535/2235 3426/6536/2230 

f 3412/6537/2199 3415/6538/2206 3416/6539/2210 3431/6540/2235 

v -0.346646 0.831143 -1.00008
f 3431/6541/2235 3416/6542/2210 3417/6543/2212 3432/6544/2236 

v -0.348898 0.830766 -1.00008
f 3432/6545/2236 3417/6546/2212 3418/6547/2214 3433/6548/2237 

v -0.351173 0.830975 -1.00008
f 3433/6549/2237 3418/6550/2214 3419/6551/2216 3434/6552/2238 

v -0.353315 0.831756 -1.00008
f 3434/6553/2238 3419/6554/2216 3420/6555/2218 3435/6556/2239 

f 3435/6557/2239 3420/6558/2218 3421/6559/2220 3425/6560/2229 

f 3425/6561/2229 3421/6562/2220 3422/6563/2222 3423/6564/2224 

f 3430/6565/2234 3435/6566/2239 3425/6567/2229 3424/6568/2228 

f 3429/6569/2233 3434/6570/2238 3435/6571/2239 3430/6572/2234 

f 3428/6573/2232 3433/6574/2237 3434/6575/2238 3429/6576/2233 

f 3427/6577/2231 3432/6578/2236 3433/6579/2237 3428/6580/2232 

f 3426/6581/2230 3431/6582/2235 3432/6583/2236 3427/6584/2231 

f 3407/6585/2225 3401/6586/2194 3400/6587/2193

f 3359/6588/2191 3360/6589/2240 3381/6590/2240 3380/6591/2191 

f 3360/6592/2240 3361/6593/2241 3382/6594/2241 3381/6595/2240 

f 3361/6596/2241 3362/6597/2242 3383/6598/2242 3382/6599/2241 

f 3362/6600/2242 3363/6601/2243 3384/6602/2243 3383/6603/2242 

f 3363/6604/2243 3364/6605/2244 3385/6606/2244 3384/6607/2243 

f 3364/6608/2244 3365/6609/2245 3386/6610/2245 3385/6611/2244 

f 3365/6612/2245 3366/6613/2246 3387/6614/2246 3386/6615/2245 

f 3366/6616/2246 3367/6617/2247 3388/6618/2247 3387/6619/2246 

f 3367/6620/2247 3368/6621/2248 3389/6622/2248 3388/6623/2247 

f 3368/6624/2248 3355/6625/2249 3390/6626/2249 3389/6627/2248 

f 3368/6628/2208 3356/6629/2178 3355/6630/2177

f 3368/6628/2208 3414/6631/2205 3356/6629/2178

f 3408/6632/2203 3356/6633/2178 3414/6634/2205

f 3356/6378/2178 3408/6635/2203 3350/6374/2176

f 3355/6636/2249 3349/6637/2250 3391/6638/2250 3390/6639/2249 

f 3349/6640/2250 3343/6641/2251 3392/6642/2251 3391/6643/2250 

f 3343/6644/2251 3341/6645/2252 3393/6646/2252 3392/6647/2251 

f 3341/6648/2252 3339/6649/2253 3394/6650/2253 3393/6651/2252 

f 3339/6652/2253 3335/6653/2254 3395/6654/2254 3394/6655/2253 

f 3335/6656/2254 3338/6657/2255 3396/6658/2255 3395/6659/2254 

f 3338/6660/2255 3369/6661/2256 3397/6662/2256 3396/6663/2255 

v -0.349683 0.851225 -0.997385
f 3338/6664/2165 3337/6665/2164 3436/6666/2257 3369/6667/2258 

v -0.349558 0.847976 -1.00008
v -0.347283 0.847767 -1.00008
f 3437/6668/2259 3436/6669/2257 3337/6670/2164 3438/6671/2260 

v -0.35181 0.847599 -1.00008
v -0.352785 0.850705 -0.997385
f 3439/6672/2261 3440/6673/2262 3436/6674/2257 3437/6675/2259 

v -0.353886 0.846661 -1.00008
v -0.355645 0.849413 -0.997385
f 3441/6676/2263 3442/6677/2264 3440/6678/2262 3439/6679/2261 

v -0.355645 0.845226 -1.00008
f 3443/6680/2265 3377/6681/2188 3442/6682/2264 3441/6683/2263 

v -0.356967 0.843392 -1.00008
f 3444/6684/2266 3376/6685/2186 3377/6686/2188 3443/6687/2265 

v -0.360668 0.841936 -0.997648
v -0.357515 0.841936 -1.00008
f 3445/6688/2267 3376/6689/2186 3444/6690/2266 3446/6691/2268 

f 3445/6692/2267 3354/6693/2184 3376/6694/2186

v -0.354165 0.841936 -1.00151
v -0.353275 0.841936 -1.00184
v -0.345143 0.841936 -1.00184
v -0.345081 0.841936 -1.00181
v -0.340878 0.841936 -1.00008
v -0.340784 0.841936 -1.00001
f 3447/6695/2269 3448/6696/2269 3449/6697/2269 3450/6698/2269 3451/6699/2269 3452/6700/2269 3348/6701/2269 3347/6702/2269 3354/6703/2269 3445/6704/2269 3446/6705/2269 

v -0.352785 0.842616 -1.00184
f 3447/6706/2270 3444/6707/2266 3443/6708/2265 3453/6709/2271 3448/6710/2272 

f 3446/6711/2268 3444/6712/2266 3447/6713/2270

v -0.35181 0.843412 -1.00184
f 3453/6714/2271 3443/6715/2265 3441/6716/2263 3454/6717/2273 

v -0.350659 0.843931 -1.00184
f 3454/6718/2273 3441/6719/2263 3439/6720/2261 3455/6721/2274 

v -0.349411 0.844141 -1.00184
f 3455/6722/2274 3439/6723/2261 3437/6724/2259 3456/6725/2275 

v -0.34815 0.844025 -1.00184
f 3456/6726/2275 3437/6727/2259 3438/6728/2260 3457/6729/2276 

v -0.345141 0.846985 -1.00008
v -0.346963 0.843591 -1.00184
f 3457/6730/2276 3438/6731/2260 3458/6732/2277 3459/6733/2278 

f 3438/6734/2260 3337/6735/2164 3336/6736/2163 3458/6737/2277 

v -0.343278 0.845685 -1.00008
f 3458/6738/2277 3336/6739/2163 3340/6740/2167 3460/6741/2279 

v -0.341819 0.843954 -1.00008
f 3460/6742/2279 3340/6743/2167 3342/6744/2169 3461/6745/2280 

f 3451/6746/2281 3461/6747/2280 3342/6748/2169 3344/6749/2171 3452/6750/2282 

f 3450/6751/2283 3461/6752/2280 3451/6753/2281

v -0.34593 0.842871 -1.00184
f 3449/6754/2284 3462/6755/2285 3460/6756/2279 3461/6757/2280 3450/6758/2283 

f 3449/6759/2284 3448/6760/2272 3453/6761/2271 3454/6762/2273 3455/6763/2274 3456/6764/2275 3457/6765/2276 3459/6766/2278 3462/6767/2285 

f 3459/6768/2278 3458/6769/2277 3460/6770/2279 3462/6771/2285 

f 3452/6772/2282 3344/6773/2171 3348/6774/2174

f 3372/6775/2187 3371/6776/2286 3442/6777/2264 3377/6778/2188 

f 3371/6779/2287 3372/6780/2189 3379/6781/2189 3399/6782/2287 

f 3370/6783/2288 3371/6784/2287 3399/6785/2287 3398/6786/2288 

f 3371/6787/2286 3370/6788/2289 3440/6789/2262 3442/6790/2264 

f 3370/6791/2289 3369/6792/2258 3436/6793/2257 3440/6794/2262 

f 3369/6795/2256 3370/6796/2288 3398/6797/2288 3397/6798/2256 

g Mesh29 Screw_01_4 Television_Silver_CRT1 Model

v -0.302907 0.85202 -0.993945
v -0.304067 0.84986 -0.997385
v -0.307018 0.850937 -0.997385
v -0.306466 0.853318 -0.993945
f 3463/6343/2162 3464/6344/2163 3465/6345/2164 3466/6346/2165 

v -0.299811 0.84986 -0.993945
v -0.3015 0.848069 -0.997385
f 3467/6347/2166 3468/6348/2167 3464/6349/2163 3463/6350/2162 

v -0.297389 0.846985 -0.993945
v -0.299491 0.845685 -0.997385
f 3469/6351/2168 3470/6352/2169 3468/6353/2167 3467/6354/2166 

v -0.295806 0.843591 -0.993945
v -0.298178 0.842871 -0.997385
f 3471/6355/2170 3472/6356/2171 3470/6357/2169 3469/6358/2168 

v -0.296766 0.839851 -0.996159
v -0.297027 0.841364 -0.996159
v -0.297126 0.841936 -0.996159
v -0.298016 0.841936 -0.997385
v -0.295169 0.83991 -0.993945
f 3473/6359/2172 3474/6360/2173 3475/6361/2173 3476/6362/2174 3472/6363/2171 3471/6364/2170 3477/6365/2172 

v -0.297057 0.836785 -0.996159
v -0.322264 0.836785 -0.996159
v -0.322363 0.837357 -0.996159
v -0.322628 0.838891 -0.996159
v -0.322339 0.841936 -0.996159
f 3473/6366/2175 3478/6367/2175 3479/6368/2175 3480/6369/2175 3481/6370/2175 3482/6371/2175 3475/6372/2175 3474/6373/2175 

v -0.295522 0.836192 -0.993945
v -0.29708 0.836541 -0.996159
f 3478/6374/2176 3473/6375/2172 3477/6376/2172 3483/6377/2177 3484/6378/2178 

v -0.323872 0.84255 -0.993945
v -0.324225 0.838832 -0.993945
v -0.323588 0.83515 -0.993945
v -0.322005 0.831756 -0.993945
v -0.319582 0.828881 -0.993945
v -0.316486 0.826721 -0.993945
v -0.312928 0.825423 -0.993945
v -0.309149 0.825076 -0.993945
v -0.305408 0.825702 -0.993945
v -0.301958 0.82726 -0.993945
v -0.299037 0.829644 -0.993945
v -0.296841 0.83269 -0.993945
v -0.310245 0.853666 -0.993945
v -0.313986 0.853039 -0.993945
v -0.317435 0.851481 -0.993945
v -0.320357 0.849098 -0.993945
v -0.322553 0.846052 -0.993945
f 3485/6379/2179 3486/6380/2179 3487/6381/2179 3488/6382/2179 3489/6383/2179 3490/6384/2179 3491/6385/2179 3492/6386/2179 3493/6387/2179 3494/6388/2179 3495/6389/2179 3496/6390/2179 3483/6391/2179 3477/6392/2179 3471/6393/2179 3469/6394/2179 3467/6395/2179 3463/6396/2179 3466/6397/2179 3497/6398/2179 3498/6399/2179 3499/6400/2179 3500/6401/2179 3501/6402/2179 

v -0.324225 0.838832 -0.990508
v -0.323872 0.84255 -0.990508
f 3485/6403/2180 3486/6404/2181 3502/6405/2181 3503/6406/2180 

f 3486/6407/2182 3485/6408/2183 3482/6409/2184 3481/6410/2182 

f 3501/6411/2185 3482/6412/2184 3485/6413/2183

v -0.320357 0.844911 -0.997385
f 3501/6414/2185 3504/6415/2186 3482/6416/2184

v -0.318537 0.847437 -0.997385
f 3501/6417/2185 3500/6418/2187 3505/6419/2188 3504/6420/2186 

v -0.322553 0.846052 -0.990508
v -0.320357 0.849098 -0.990508
f 3500/6421/2189 3501/6422/2190 3506/6423/2190 3507/6424/2189 

f 3501/6425/2190 3485/6426/2180 3503/6427/2180 3506/6428/2190 

v -0.323588 0.83515 -0.990508
v -0.322005 0.831756 -0.990508
v -0.319582 0.828881 -0.990508
v -0.316486 0.826721 -0.990508
v -0.312928 0.825423 -0.990508
v -0.309149 0.825076 -0.990508
v -0.305408 0.825702 -0.990508
v -0.301958 0.82726 -0.990508
v -0.299037 0.829644 -0.990508
v -0.296841 0.83269 -0.990508
v -0.295522 0.836192 -0.990508
v -0.295169 0.83991 -0.990508
v -0.295806 0.843591 -0.990508
v -0.297389 0.846985 -0.990508
v -0.299811 0.84986 -0.990508
v -0.302907 0.85202 -0.990508
v -0.306466 0.853318 -0.990508
v -0.310245 0.853666 -0.990508
v -0.313986 0.853039 -0.990508
v -0.317435 0.851481 -0.990508
f 3503/6379/2179 3502/6429/2179 3508/6381/2179 3509/6382/2179 3510/6383/2179 3511/6384/2179 3512/6385/2179 3513/6430/2179 3514/6387/2179 3515/6388/2179 3516/6389/2179 3517/6390/2179 3518/6391/2179 3519/6392/2179 3520/6393/2179 3521/6394/2179 3522/6395/2179 3523/6396/2179 3524/6397/2179 3525/6398/2179 3526/6399/2179 3527/6400/2179 3507/6401/2179 3506/6402/2179 

f 3486/6431/2181 3487/6432/2191 3508/6433/2191 3502/6434/2181 

v -0.321374 0.836785 -0.997385
v -0.321216 0.835871 -0.997385
f 3481/6435/2182 3480/6436/2192 3479/6437/2192 3528/6438/2193 3529/6439/2194 3487/6440/2195 3486/6441/2182 

v -0.30472 0.836785 -1.00149
v -0.305665 0.836785 -1.00184
v -0.313765 0.836785 -1.00184
v -0.313877 0.836785 -1.0018
v -0.318038 0.836785 -1.00008
v -0.318209 0.836785 -0.999949
v -0.297938 0.836785 -0.997385
v -0.298166 0.836785 -0.997572
v -0.301418 0.836785 -1.00008
f 3530/6442/2196 3531/6443/2196 3532/6444/2196 3533/6445/2196 3534/6446/2196 3535/6447/2196 3528/6448/2196 3479/6449/2196 3478/6450/2196 3536/6451/2196 3537/6452/2196 3538/6453/2196 

v -0.301958 0.835349 -1.00008
v -0.30328 0.833516 -1.00008
v -0.30614 0.836125 -1.00184
f 3530/6454/2197 3539/6455/2198 3540/6456/2199 3541/6457/2200 3531/6458/2201 

f 3538/6459/2202 3539/6460/2198 3530/6461/2197

f 3538/6462/2202 3536/6463/2203 3539/6464/2198

f 3537/6465/2204 3536/6466/2203 3538/6467/2202

v -0.299037 0.833831 -0.997385
f 3542/6468/2205 3539/6469/2198 3536/6470/2203

v -0.300857 0.831305 -0.997385
f 3539/6471/2198 3542/6472/2205 3543/6473/2206 3540/6474/2199 

f 3495/6475/2207 3543/6476/2206 3542/6477/2205 3496/6478/2208 

v -0.30328 0.829328 -0.997385
f 3494/6479/2209 3544/6480/2210 3543/6481/2206 3495/6482/2207 

v -0.30614 0.828036 -0.997385
f 3493/6483/2211 3545/6484/2212 3544/6485/2210 3494/6486/2209 

v -0.309243 0.827517 -0.997385
f 3492/6487/2213 3546/6488/2214 3545/6489/2212 3493/6490/2211 

v -0.312376 0.827805 -0.997385
f 3491/6491/2215 3547/6492/2216 3546/6493/2214 3492/6494/2213 

v -0.315327 0.828881 -0.997385
f 3490/6495/2217 3548/6496/2218 3547/6497/2216 3491/6498/2215 

v -0.317894 0.830673 -0.997385
f 3489/6499/2219 3549/6500/2220 3548/6501/2218 3490/6502/2217 

v -0.319903 0.833057 -0.997385
f 3488/6503/2221 3550/6504/2222 3549/6505/2220 3489/6506/2219 

f 3487/6507/2195 3529/6508/2194 3550/6509/2222 3488/6510/2221 

v -0.317106 0.834787 -1.00008
f 3534/6511/2223 3551/6512/2224 3550/6513/2222 3529/6514/2194 3535/6515/2225 

f 3533/6516/2226 3551/6517/2224 3534/6518/2223

v -0.312995 0.835871 -1.00184
v -0.315648 0.833057 -1.00008
f 3532/6519/2227 3552/6520/2228 3553/6521/2229 3551/6522/2224 3533/6523/2226 

v -0.307115 0.83533 -1.00184
v -0.308266 0.83481 -1.00184
v -0.309514 0.834601 -1.00184
v -0.310775 0.834717 -1.00184
v -0.311962 0.83515 -1.00184
f 3532/6524/2227 3531/6525/2201 3541/6526/2200 3554/6527/2230 3555/6528/2231 3556/6529/2232 3557/6530/2233 3558/6531/2234 3552/6532/2228 

v -0.305039 0.832081 -1.00008
f 3541/6533/2200 3540/6534/2199 3559/6535/2235 3554/6536/2230 

f 3540/6537/2199 3543/6538/2206 3544/6539/2210 3559/6540/2235 

v -0.307115 0.831143 -1.00008
f 3559/6541/2235 3544/6542/2210 3545/6543/2212 3560/6544/2236 

v -0.309367 0.830766 -1.00008
f 3560/6545/2236 3545/6546/2212 3546/6547/2214 3561/6548/2237 

v -0.311642 0.830975 -1.00008
f 3561/6549/2237 3546/6550/2214 3547/6551/2216 3562/6552/2238 

v -0.313784 0.831756 -1.00008
f 3562/6553/2238 3547/6554/2216 3548/6555/2218 3563/6556/2239 

f 3563/6557/2239 3548/6558/2218 3549/6559/2220 3553/6560/2229 

f 3553/6561/2229 3549/6562/2220 3550/6563/2222 3551/6564/2224 

f 3558/6565/2234 3563/6566/2239 3553/6567/2229 3552/6568/2228 

f 3557/6569/2233 3562/6570/2238 3563/6571/2239 3558/6572/2234 

f 3556/6573/2232 3561/6574/2237 3562/6575/2238 3557/6576/2233 

f 3555/6577/2231 3560/6578/2236 3561/6579/2237 3556/6580/2232 

f 3554/6581/2230 3559/6582/2235 3560/6583/2236 3555/6584/2231 

f 3535/6585/2225 3529/6586/2194 3528/6587/2193

f 3487/6588/2191 3488/6589/2240 3509/6590/2240 3508/6591/2191 

f 3488/6592/2240 3489/6593/2241 3510/6594/2241 3509/6595/2240 

f 3489/6596/2241 3490/6597/2242 3511/6598/2242 3510/6599/2241 

f 3490/6600/2242 3491/6601/2243 3512/6602/2243 3511/6603/2242 

f 3491/6604/2243 3492/6605/2244 3513/6606/2244 3512/6607/2243 

f 3492/6608/2244 3493/6609/2245 3514/6610/2245 3513/6611/2244 

f 3493/6612/2245 3494/6613/2246 3515/6614/2246 3514/6615/2245 

f 3494/6616/2246 3495/6617/2247 3516/6618/2247 3515/6619/2246 

f 3495/6620/2247 3496/6621/2248 3517/6622/2248 3516/6623/2247 

f 3496/6624/2248 3483/6625/2249 3518/6626/2249 3517/6627/2248 

f 3496/6628/2208 3484/6629/2178 3483/6630/2177

f 3496/6628/2208 3542/6631/2205 3484/6629/2178

f 3536/6632/2203 3484/6633/2178 3542/6634/2205

f 3484/6378/2178 3536/6635/2203 3478/6374/2176

f 3483/6636/2249 3477/6637/2250 3519/6638/2250 3518/6639/2249 

f 3477/6640/2250 3471/6641/2251 3520/6642/2251 3519/6643/2250 

f 3471/6644/2251 3469/6645/2252 3521/6646/2252 3520/6647/2251 

f 3469/6648/2252 3467/6649/2253 3522/6650/2253 3521/6651/2252 

f 3467/6652/2253 3463/6653/2254 3523/6654/2254 3522/6655/2253 

f 3463/6656/2254 3466/6657/2255 3524/6658/2255 3523/6659/2254 

f 3466/6660/2255 3497/6661/2256 3525/6662/2256 3524/6663/2255 

v -0.310151 0.851225 -0.997385
f 3466/6664/2165 3465/6665/2164 3564/6666/2257 3497/6667/2258 

v -0.310027 0.847976 -1.00008
v -0.307752 0.847767 -1.00008
f 3565/6668/2259 3564/6669/2257 3465/6670/2164 3566/6671/2260 

v -0.312279 0.847599 -1.00008
v -0.313254 0.850705 -0.997385
f 3567/6672/2261 3568/6673/2262 3564/6674/2257 3565/6675/2259 

v -0.314355 0.846661 -1.00008
v -0.316114 0.849413 -0.997385
f 3569/6676/2263 3570/6677/2264 3568/6678/2262 3567/6679/2261 

v -0.316114 0.845226 -1.00008
f 3571/6680/2265 3505/6681/2188 3570/6682/2264 3569/6683/2263 

v -0.317435 0.843392 -1.00008
f 3572/6684/2266 3504/6685/2186 3505/6686/2188 3571/6687/2265 

v -0.321136 0.841936 -0.997648
v -0.317984 0.841936 -1.00008
f 3573/6688/2267 3504/6689/2186 3572/6690/2266 3574/6691/2268 

f 3573/6692/2267 3482/6693/2184 3504/6694/2186

v -0.314634 0.841936 -1.00151
v -0.313744 0.841936 -1.00184
v -0.305611 0.841936 -1.00184
v -0.30555 0.841936 -1.00181
v -0.301347 0.841936 -1.00008
v -0.301253 0.841936 -1.00001
f 3575/6695/2269 3576/6696/2269 3577/6697/2269 3578/6698/2269 3579/6699/2269 3580/6700/2269 3476/6701/2269 3475/6702/2269 3482/6703/2269 3573/6704/2269 3574/6705/2269 

v -0.313254 0.842616 -1.00184
f 3575/6706/2270 3572/6707/2266 3571/6708/2265 3581/6709/2271 3576/6710/2272 

f 3574/6711/2268 3572/6712/2266 3575/6713/2270

v -0.312279 0.843412 -1.00184
f 3581/6714/2271 3571/6715/2265 3569/6716/2263 3582/6717/2273 

v -0.311128 0.843931 -1.00184
f 3582/6718/2273 3569/6719/2263 3567/6720/2261 3583/6721/2274 

v -0.30988 0.844141 -1.00184
f 3583/6722/2274 3567/6723/2261 3565/6724/2259 3584/6725/2275 

v -0.308619 0.844025 -1.00184
f 3584/6726/2275 3565/6727/2259 3566/6728/2260 3585/6729/2276 

v -0.30561 0.846985 -1.00008
v -0.307432 0.843591 -1.00184
f 3585/6730/2276 3566/6731/2260 3586/6732/2277 3587/6733/2278 

f 3566/6734/2260 3465/6735/2164 3464/6736/2163 3586/6737/2277 

v -0.303746 0.845685 -1.00008
f 3586/6738/2277 3464/6739/2163 3468/6740/2167 3588/6741/2279 

v -0.302288 0.843954 -1.00008
f 3588/6742/2279 3468/6743/2167 3470/6744/2169 3589/6745/2280 

f 3579/6746/2281 3589/6747/2280 3470/6748/2169 3472/6749/2171 3580/6750/2282 

f 3578/6751/2283 3589/6752/2280 3579/6753/2281

v -0.306399 0.842871 -1.00184
f 3577/6754/2284 3590/6755/2285 3588/6756/2279 3589/6757/2280 3578/6758/2283 

f 3577/6759/2284 3576/6760/2272 3581/6761/2271 3582/6762/2273 3583/6763/2274 3584/6764/2275 3585/6765/2276 3587/6766/2278 3590/6767/2285 

f 3587/6768/2278 3586/6769/2277 3588/6770/2279 3590/6771/2285 

f 3580/6772/2282 3472/6773/2171 3476/6774/2174

f 3500/6775/2187 3499/6776/2286 3570/6777/2264 3505/6778/2188 

f 3499/6779/2287 3500/6780/2189 3507/6781/2189 3527/6782/2287 

f 3498/6783/2288 3499/6784/2287 3527/6785/2287 3526/6786/2288 

f 3499/6787/2286 3498/6788/2289 3568/6789/2262 3570/6790/2264 

f 3498/6791/2289 3497/6792/2258 3564/6793/2257 3568/6794/2262 

f 3497/6795/2256 3498/6796/2288 3526/6797/2288 3525/6798/2256 

g Mesh30 Screw_01_1_1 Television_Silver_CRT1 Model

usemtl Black_SemiGloss_01
v 1.09808 1.97183 0.439696
vt 31.4958 -57.4046
v 1.09637 1.96864 0.434616
vt 30.521 -44.5664
v 1.09201 1.97023 0.434616
vt 21.0536 -44.5664
v 1.09283 1.97375 0.439696
vt 20.0788 -57.4046
f 3591/6799/2162 3592/6800/2163 3593/6801/2164 3594/6802/2165 

v 1.10265 1.96864 0.439696
vt 16.0794 -60.1501
v 1.10016 1.966 0.434616
vt 15.1046 -47.3119
vt 5.63718 -47.3119
vt 4.66235 -60.1501
f 3595/6803/2166 3596/6804/2167 3592/6805/2163 3591/6806/2162 

v 1.10623 1.9644 0.439696
vt -0.0438002 -60.5008
v 1.10313 1.96248 0.434616
vt -1.01862 -47.6626
vt -10.486 -47.6626
vt -11.4608 -60.5008
f 3597/6807/2168 3598/6808/2169 3596/6809/2167 3595/6810/2166 

v 1.10857 1.95939 0.439696
vt -15.775 -58.4327
v 1.10507 1.95832 0.434616
vt -16.7498 -45.5946
vt -26.2172 -45.5946
vt -27.192 -58.4327
f 3599/6811/2170 3600/6812/2171 3598/6813/2169 3597/6814/2168 

v 1.10715 1.95386 0.436427
vt -30.6695 -45.8241
v 1.10677 1.9561 0.436427
vt -35.3627 -45.8241
v 1.10662 1.95694 0.436427
vt -37.1378 -45.8241
v 1.10531 1.95694 0.434616
vt -37.587 -41.2487
vt -40.4843 -41.2487
vt -41.4591 -54.0869
v 1.10951 1.95395 0.439696
vt -30.0421 -54.0869
f 3601/6815/2172 3602/6816/2173 3603/6817/2173 3604/6818/2174 3600/6819/2171 3599/6820/2170 3605/6821/2172 

vt 45.1705 82.6037
v 1.10672 1.94934 0.436427
vt 35.7972 81.7275
v 1.0695 1.94934 0.436427
vt 35.7972 5.89936
v 1.06936 1.95018 0.436427
vt 37.5472 5.60149
v 1.06896 1.95245 0.436427
vt 42.2365 4.80332
v 1.06939 1.95694 0.436427
vt 51.5472 5.67365
vt 51.5472 81.5184
vt 49.7972 81.8162
f 3601/6822/2175 3606/6823/2175 3607/6824/2175 3608/6825/2175 3609/6826/2175 3610/6827/2175 3603/6828/2175 3602/6829/2175 

vt -43.2482 -39.4966
vt -52.6624 -39.4966
vt -53.2898 -47.7594
v 1.10899 1.94846 0.439696
vt -41.8728 -47.7594
v 1.10669 1.94898 0.436427
vt -42.5002 -39.4966
f 3606/6830/2176 3601/6831/2172 3605/6832/2172 3611/6833/2177 3612/6834/2178 

v 1.06713 1.95785 0.439696
vt -53.4228 1.06258
v 1.06661 1.95236 0.439696
vt -42.0554 3.63798e-12
v 1.06755 1.94692 0.439696
vt -30.8002 1.91574
v 1.06988 1.94191 0.439696
vt -20.4244 6.67925
v 1.07346 1.93767 0.439696
vt -11.635 13.9659
v 1.07803 1.93448 0.439696
vt -5.03108 23.2791
v 1.08329 1.93256 0.439696
vt -1.06258 33.9842
v 1.08887 1.93205 0.439696
vt -9.09495e-13 45.3517
v 1.09439 1.93297 0.439696
vt -1.91574 56.6068
v 1.09948 1.93527 0.439696
vt -6.67925 66.9826
v 1.1038 1.93879 0.439696
vt -13.9659 75.772
v 1.10704 1.94329 0.439696
vt -23.2791 82.376
vt -33.9842 86.3445
vt -45.3517 87.4071
vt -56.6068 85.4913
vt -66.9826 80.7278
vt -75.772 73.4412
vt -82.376 64.1279
vt -86.3445 53.4228
v 1.08725 1.97426 0.439696
vt -87.4071 42.0554
v 1.08172 1.97334 0.439696
vt -85.4913 30.8002
v 1.07663 1.97104 0.439696
vt -80.7278 20.4244
v 1.07232 1.96752 0.439696
vt -73.4412 11.635
v 1.06908 1.96302 0.439696
vt -64.1279 5.03108
f 3613/6835/2179 3614/6836/2179 3615/6837/2179 3616/6838/2179 3617/6839/2179 3618/6840/2179 3619/6841/2179 3620/6842/2179 3621/6843/2179 3622/6844/2179 3623/6845/2179 3624/6846/2179 3611/6847/2179 3605/6848/2179 3599/6849/2179 3597/6850/2179 3595/6851/2179 3591/6852/2179 3594/6853/2179 3625/6854/2179 3626/6855/2179 3627/6856/2179 3628/6857/2179 3629/6858/2179 

vt 53.2898 2.50376e-14
vt 41.8728 2.50376e-14
v 1.06661 1.95236 0.444772
vt 41.8728 -10.4798
v 1.06713 1.95785 0.444772
vt 53.2898 -10.4798
f 3613/6859/2180 3614/6860/2181 3630/6861/2181 3631/6862/2180 

vt 41.8728 -2.25748
vt 53.2898 -2.25748
vt 51.8515 6.0053
vt 42.5002 6.0053
f 3614/6863/2182 3613/6864/2183 3610/6865/2184 3609/6866/2182 

vt 61.878 -10.4268
vt 50.3051 -2.04126
vt 50.461 -10.4268
f 3629/6867/2185 3610/6868/2184 3613/6869/2183

vt 62.2035 -9.43226
v 1.07232 1.96134 0.434616
vt 61.0869 3.39437
vt 50.5374 -1.17691
f 3629/6870/2185 3632/6871/2186 3610/6872/2184

vt 55.2213 -19.027
vt 66.6383 -19.027
v 1.07501 1.96507 0.434616
vt 65.6635 -6.18877
vt 56.1961 -6.18877
f 3629/6873/2185 3628/6874/2187 3633/6875/2188 3632/6876/2186 

vt 66.6383 -1.82141e-12
vt 55.2213 -6.36888e-12
v 1.06908 1.96302 0.444772
vt 55.2213 -10.4798
v 1.07232 1.96752 0.444772
vt 66.6383 -10.4798
f 3628/6877/2189 3629/6878/2190 3634/6879/2190 3635/6880/2189 

vt 61.878 -6.30894e-12
vt 50.461 5.7521e-14
vt 50.461 -10.4798
vt 61.878 -10.4798
f 3629/6881/2190 3613/6882/2180 3631/6883/2180 3634/6884/2190 

vt -42.0554 2.63981e-12
v 1.06755 1.94692 0.444772
v 1.06988 1.94191 0.444772
v 1.07346 1.93767 0.444772
v 1.07803 1.93448 0.444772
v 1.08329 1.93256 0.444772
v 1.08887 1.93205 0.444772
vt -7.99214e-13 45.3517
v 1.09439 1.93297 0.444772
v 1.09948 1.93527 0.444772
v 1.1038 1.93879 0.444772
v 1.10704 1.94329 0.444772
v 1.10899 1.94846 0.444772
v 1.10951 1.95395 0.444772
v 1.10857 1.95939 0.444772
v 1.10623 1.9644 0.444772
v 1.10265 1.96864 0.444772
v 1.09808 1.97183 0.444772
v 1.09283 1.97375 0.444772
v 1.08725 1.97426 0.444772
v 1.08172 1.97334 0.444772
v 1.07663 1.97104 0.444772
f 3631/6835/2179 3630/6885/2179 3636/6837/2179 3637/6838/2179 3638/6839/2179 3639/6840/2179 3640/6841/2179 3641/6886/2179 3642/6843/2179 3643/6844/2179 3644/6845/2179 3645/6846/2179 3646/6847/2179 3647/6848/2179 3648/6849/2179 3649/6850/2179 3650/6851/2179 3651/6852/2179 3652/6853/2179 3653/6854/2179 3654/6855/2179 3655/6856/2179 3635/6857/2179 3634/6858/2179 

vt 41.4591 -6.41063e-14
vt 30.0421 -1.8831e-12
vt 30.0421 -10.4798
vt 41.4591 -10.4798
f 3614/6887/2181 3615/6888/2191 3636/6889/2191 3630/6890/2181 

vt 40.8317 12.3328
vt 36.0749 12.3328
vt 34.2998 12.3328
v 1.07082 1.94934 0.434616
vt 33.8506 16.9082
v 1.07105 1.94799 0.434616
vt 31.0169 16.9082
vt 30.0421 4.07003
vt 41.4591 4.07003
f 3609/6891/2182 3608/6892/2192 3607/6893/2192 3656/6894/2193 3657/6895/2194 3615/6896/2195 3614/6897/2182 

v 1.09541 1.94934 0.428561
vt 58.6737 22.989
v 1.09401 1.94934 0.428044
vt 55.8328 24.0575
v 1.08205 1.94934 0.428044
vt 31.4655 24.0575
v 1.08189 1.94934 0.428102
vt 31.1289 23.9381
v 1.07574 1.94934 0.430642
vt 18.613 18.6933
v 1.07549 1.94934 0.430831
vt 18.0986 18.3041
vt 8.57621 10.4877
vt 5.89936 6.75
vt 81.7275 6.75
v 1.10542 1.94934 0.434616
vt 79.0771 10.4877
v 1.10508 1.94934 0.434341
vt 78.3905 11.0569
v 1.10028 1.94934 0.430642
vt 68.6094 18.6933
f 3658/6898/2196 3659/6899/2196 3660/6900/2196 3661/6901/2196 3662/6902/2196 3663/6903/2196 3656/6904/2196 3607/6905/2196 3606/6906/2196 3664/6907/2196 3665/6908/2196 3666/6909/2196 

vt -63.1396 -15.0343
v 1.09948 1.94722 0.430642
vt -64.3661 -25.2932
vn 0.521583 -0.251931 -0.815158
v 1.09753 1.94451 0.430642
vt -57.4935 -25.2932
v 1.09331 1.94836 0.428044
vt -59.0251 -12.4824
vt -61.4963 -12.4824
f 3658/6910/2197 3667/6911/2290 3668/6912/2199 3669/6913/2200 3659/6914/2201 

vt -57.4133 -39.293
vn 0.505662 -0.18445 -0.842784
vt -52.7332 -39.293
vt -53.9597 -29.0341
f 3666/6915/2291 3667/6916/2290 3658/6917/2197

vt -52.7332 -27.914
vt -57.4133 -27.914
vt -60.8132 -39.8482
vn 0.609806 -0.26166 -0.748111
f 3667/6918/2290 3666/6919/2291 3665/6920/2292

vt -67.1006 -32.1371
vt -67.4079 -32.9743
vn 0.709765 -0.220553 -0.669022
vt -58.07 -20.905
f 3665/6921/2292 3664/6922/2293 3667/6923/2290

v 1.1038 1.94498 0.434616
vt -51.1796 -40.8881
vt -52.5178 -28.0685
vt -60.7957 -40.8881
f 3670/6924/2205 3667/6925/2290 3664/6926/2293

vt -64.3661 -16.0667
vt -65.6635 -28.8905
v 1.10111 1.94125 0.434616
vt -56.1961 -28.8905
vt -57.4935 -16.0667
f 3667/6927/2290 3670/6928/2205 3671/6929/2206 3668/6930/2199 

vt -55.2213 -30.9899
vt -56.1961 -18.1517
vt -65.6635 -18.1517
vt -66.6383 -30.9899
f 3623/6931/2207 3671/6932/2206 3670/6933/2205 3624/6934/2208 

vt -55.8293 -21.6907
v 1.09753 1.93833 0.434616
vt -56.8042 -8.85255
vt -66.2715 -8.85255
vt -67.2464 -21.6907
f 3622/6935/2209 3672/6936/2210 3671/6937/2206 3623/6938/2207 

vt -52.2437 -12.6177
v 1.09331 1.93642 0.434616
vt -53.2185 0.2205
vt -62.6859 0.2205
vt -63.6607 -12.6177
f 3621/6939/2211 3673/6940/2212 3672/6941/2210 3622/6942/2209 

vt -44.7087 -4.38904
v 1.08873 1.93565 0.434616
vt -45.6835 8.44915
vt -55.1509 8.44915
vt -56.1257 -4.38904
f 3620/6943/2213 3674/6944/2214 3673/6945/2212 3621/6946/2211 

vt -33.7378 2.43443
v 1.0841 1.93608 0.434616
vt -34.7126 15.2726
vt -44.18 15.2726
vt -45.1548 2.43443
f 3619/6947/2215 3675/6948/2216 3674/6949/2214 3620/6950/2213 

vt -20.0788 7.38771
v 1.07974 1.93767 0.434616
vt -21.0536 20.2259
vt -30.521 20.2259
vt -31.4958 7.38771
f 3618/6951/2217 3676/6952/2218 3675/6953/2216 3619/6954/2215 

vt -4.66235 10.1333
v 1.07595 1.94031 0.434616
vt -5.63718 22.9714
vt -15.1046 22.9714
vt -16.0794 10.1333
f 3617/6955/2219 3677/6956/2220 3676/6957/2218 3618/6958/2217 

vt 11.4608 10.4839
v 1.07299 1.94383 0.434616
vt 10.486 23.3221
vt 1.01862 23.3221
vt 0.0438002 10.4839
f 3616/6959/2221 3678/6960/2222 3677/6961/2220 3617/6962/2219 

vt 27.192 8.41589
vt 26.2172 21.2541
vt 16.7498 21.2541
vt 15.775 8.41589
f 3615/6963/2195 3657/6964/2194 3678/6965/2222 3616/6966/2221 

vt 24.7667 36.4383
v 1.07712 1.94639 0.430642
vt 18.0472 36.4383
vt 16.7498 23.6145
vt 26.2172 23.6145
vt 24.9813 35.83
f 3662/6967/2223 3679/6968/2224 3678/6969/2222 3657/6970/2194 3663/6971/2225 

vt 19.5447 49.2772
vt 18.0472 36.7518
vt 24.7667 36.7518
f 3661/6972/2226 3679/6973/2224 3662/6974/2223

vt 7.4763 52.8187
v 1.08319 1.94799 0.428044
vt 3.84763 52.8187
v 1.07927 1.94383 0.430642
vt 2.31604 40.008
vt 9.18858 40.008
vt 7.6911 52.5334
f 3660/6975/2227 3680/6976/2228 3681/6977/2229 3679/6978/2224 3661/6979/2226 

vt 35.7972 31.4655
vt 35.7972 55.8328
vt 33.7814 54.4034
v 1.09187 1.94719 0.428044
vt 31.3501 51.4708
v 1.09017 1.94642 0.428044
vt 29.7608 48.0088
v 1.08833 1.94611 0.428044
vt 29.1216 44.2534
v 1.08647 1.94628 0.428044
vt 29.4761 40.4606
v 1.08471 1.94692 0.428044
vt 30.8002 36.8888
vt 33.0037 33.7814
f 3660/6980/2227 3659/6981/2201 3669/6982/2200 3682/6983/2230 3683/6984/2231 3684/6985/2232 3685/6986/2233 3686/6987/2234 3680/6988/2228 

vt -63.4425 2.15924
vt -64.9741 -10.6515
v 1.09494 1.94239 0.430642
vt -58.1016 -10.6515
vt -59.6332 2.15924
f 3669/6989/2200 3668/6990/2199 3687/6991/2235 3682/6992/2230 

vt -64.9741 -3.67635
vt -66.2715 -16.5001
vt -56.8042 -16.5001
vt -58.1016 -3.67635
f 3668/6993/2199 3671/6994/2206 3672/6995/2210 3687/6996/2235 

vt -61.3885 8.41276
vt -62.6859 -4.41103
vt -53.2185 -4.41103
v 1.09187 1.94101 0.430642
vt -54.5159 8.41276
f 3687/6997/2235 3672/6998/2210 3673/6999/2212 3688/7000/2236 

vt -53.8535 19.3768
vt -55.1509 6.55298
vt -45.6835 6.55298
v 1.08854 1.94045 0.430642
vt -46.9809 19.3768
f 3688/7001/2236 3673/7002/2212 3674/7003/2214 3689/7004/2237 

vt -42.8826 28.4685
vt -44.18 15.6447
vt -34.7126 15.6447
v 1.08519 1.94076 0.430642
vt -36.0101 28.4685
f 3689/7005/2237 3674/7006/2214 3675/7007/2216 3690/7008/2238 

vt -29.2236 35.0683
vt -30.521 22.2446
vt -21.0536 22.2446
v 1.08202 1.94191 0.430642
vt -22.351 35.0683
f 3690/7009/2238 3675/7010/2216 3676/7011/2218 3691/7012/2239 

vt -13.8071 38.7266
vt -15.1046 25.9028
vt -5.63718 25.9028
vt -6.93459 38.7266
f 3691/7013/2239 3676/7014/2218 3677/7015/2220 3681/7016/2229 

vt 2.31604 39.1938
vt 1.01862 26.37
vt 10.486 26.37
vt 9.18858 39.1938
f 3681/7017/2229 3677/7018/2220 3678/7019/2222 3679/7020/2224 

vt -12.2755 52.2665
vt -13.8071 39.4558
vt -6.93459 39.4558
vt -8.46618 52.2665
f 3686/7021/2234 3691/7022/2239 3681/7023/2229 3680/7024/2228 

vt -27.692 47.9437
vt -29.2236 35.1329
vt -22.351 35.1329
vt -23.8826 47.9437
f 3685/7025/2233 3690/7026/2238 3691/7027/2239 3686/7028/2234 

vt -41.351 40.1446
vt -42.8826 27.3339
vt -36.0101 27.3339
vt -37.5417 40.1446
f 3684/7029/2232 3689/7030/2237 3690/7031/2238 3685/7032/2233 

vt -52.3219 29.401
vt -53.8535 16.5902
vt -46.9809 16.5902
vt -48.5125 29.401
f 3683/7033/2231 3688/7034/2236 3689/7035/2237 3684/7036/2232 

vt -59.8569 16.4449
vt -61.3885 3.63412
vt -54.5159 3.63412
vt -56.0475 16.4449
f 3682/7037/2230 3687/7038/2235 3688/7039/2236 3683/7040/2231 

vt 32.2528 30.0395
vt 31.0169 17.824
vt 33.8506 17.824
f 3663/7041/2225 3657/7042/2194 3656/7043/2193

vt 27.192 -1.98173e-12
vt 15.775 -6.5292e-12
vt 15.775 -10.4798
vt 27.192 -10.4798
f 3615/7044/2191 3616/7045/2240 3637/7046/2240 3636/7047/2191 

vt 11.4608 -6.59298e-12
vt 0.0438002 -2.04551e-12
vt 0.0438002 -10.4798
vt 11.4608 -10.4798
f 3616/7048/2240 3617/7049/2241 3638/7050/2241 3637/7051/2240 

vt -4.66235 -2.046e-12
vt -16.0794 1.59198e-12
vt -16.0794 -10.4798
vt -4.66235 -10.4798
f 3617/7052/2241 3618/7053/2242 3639/7054/2242 3638/7055/2241 

vt -20.0788 1.65888e-12
vt -31.4958 -3.79808e-12
vt -31.4958 -10.4798
vt -20.0788 -10.4798
f 3618/7056/2242 3619/7057/2243 3640/7058/2243 3639/7059/2242 

vt -33.7378 -3.68536e-12
vt -45.1548 -3.68536e-12
vt -45.1548 -10.4798
vt -33.7378 -10.4798
f 3619/7060/2243 3620/7061/2244 3641/7062/2244 3640/7063/2243 

vt -44.7087 -3.56806e-12
vt -56.1257 1.88891e-12
vt -56.1257 -10.4798
vt -44.7087 -10.4798
f 3620/7064/2244 3621/7065/2245 3642/7066/2245 3641/7067/2244 

vt -52.2437 1.96171e-12
vt -63.6607 -5.31425e-12
vt -63.6607 -10.4798
vt -52.2437 -10.4798
f 3621/7068/2245 3622/7069/2246 3643/7070/2246 3642/7071/2245 

vt -55.8293 -5.32854e-12
vt -67.2464 1.28431e-13
vt -67.2464 -10.4798
vt -55.8293 -10.4798
f 3622/7072/2246 3623/7073/2247 3644/7074/2247 3643/7075/2246 

vt -55.2213 3.94283e-15
vt -66.6383 -7.27201e-12
vt -66.6383 -10.4798
vt -55.2213 -10.4798
f 3623/7076/2247 3624/7077/2248 3645/7078/2248 3644/7079/2247 

vt -50.461 -7.50229e-12
vt -61.878 -2.26336e-13
vt -61.878 -10.4798
vt -50.461 -10.4798
f 3624/7080/2248 3611/7081/2249 3646/7082/2249 3645/7083/2248 

vt -50.461 -39.8814
vt -61.2506 -31.6186
vt -61.878 -39.8814
f 3624/7084/2208 3612/7085/2178 3611/7086/2177

vt -51.4358 -27.0432
f 3624/7084/2208 3670/7087/2205 3612/7085/2178

vt -60.7957 -27.5741
vt -60.9834 -32.173
vt -51.1796 -27.5741
f 3664/7088/2293 3612/7089/2178 3670/7090/2205

vt -43.0015 -34.9212
f 3612/6834/2178 3664/7091/2293 3606/6830/2176

vt -41.8728 -5.29696e-13
vt -53.2898 -5.29696e-13
vt -53.2898 -10.4798
vt -41.8728 -10.4798
f 3611/7092/2249 3605/7093/2250 3647/7094/2250 3646/7095/2249 

vt -30.0421 -8.51912e-13
vt -41.4591 -8.51912e-13
vt -41.4591 -10.4798
vt -30.0421 -10.4798
f 3605/7096/2250 3599/7097/2251 3648/7098/2251 3647/7099/2250 

vt -15.775 -1.12993e-12
vt -27.192 -8.40589e-12
vt -27.192 -10.4798
vt -15.775 -10.4798
f 3599/7100/2251 3597/7101/2252 3649/7102/2252 3648/7103/2251 

vt -0.0438002 -8.58314e-12
vt -11.4608 -8.58314e-12
vt -11.4608 -10.4798
vt -0.0438002 -10.4798
f 3597/7104/2252 3595/7105/2253 3650/7106/2253 3649/7107/2252 

vt 16.0794 -8.62346e-12
vt 4.66235 4.71492e-13
vt 4.66235 -10.4798
vt 16.0794 -10.4798
f 3595/7108/2253 3591/7109/2254 3651/7110/2254 3650/7111/2253 

vt 31.4958 5.74927e-13
vt 20.0788 5.74927e-13
vt 20.0788 -10.4798
vt 31.4958 -10.4798
f 3591/7112/2254 3594/7113/2255 3652/7114/2255 3651/7115/2254 

vt 45.1548 7.9805e-13
vt 33.7378 -4.65892e-12
vt 33.7378 -10.4798
vt 45.1548 -10.4798
f 3594/7116/2255 3625/7117/2256 3653/7118/2256 3652/7119/2255 

vt 45.1548 -52.4513
vt 44.18 -39.6131
v 1.08739 1.97066 0.434616
vt 34.7126 -39.6131
vt 33.7378 -52.4513
f 3594/7120/2165 3593/7121/2164 3692/7122/2257 3625/7123/2258 

v 1.08757 1.96586 0.430642
vt 36.0101 -44.6623
vt 34.7126 -57.4861
vt 44.18 -57.4861
v 1.09093 1.96555 0.430642
vt 42.8826 -44.6623
f 3693/7124/2259 3692/7125/2257 3593/7126/2164 3694/7127/2260 

v 1.08425 1.96531 0.430642
vt 46.9809 -35.5706
v 1.08281 1.96989 0.434616
vt 45.6835 -48.3944
vt 55.1509 -48.3944
vt 53.8535 -35.5706
f 3695/7128/2261 3696/7129/2262 3692/7130/2257 3693/7131/2259 

v 1.08118 1.96392 0.430642
vt 54.5159 -24.6066
v 1.07858 1.96798 0.434616
vt 53.2185 -37.4303
vt 62.6859 -37.4303
vt 61.3885 -24.6066
f 3697/7132/2263 3698/7133/2264 3696/7134/2262 3695/7135/2261 

v 1.07858 1.9618 0.430642
vt 58.1016 -12.5174
vt 56.8042 -25.3412
vt 66.2715 -25.3412
vt 64.9741 -12.5174
f 3699/7136/2265 3633/7137/2188 3698/7138/2264 3697/7139/2263 

v 1.07663 1.95909 0.430642
vt 57.4935 -0.127078
vt 56.1961 -12.9509
vt 65.6635 -12.9509
vt 64.3661 -0.127078
f 3700/7140/2266 3632/7141/2186 3633/7142/2188 3699/7143/2265 

v 1.07117 1.95694 0.434228
vt 51.5626 0.149731
vt 60.9032 -1.10363
vt 59.6058 11.7202
v 1.07582 1.95694 0.430642
vt 54.8588 11.7202
f 3701/7144/2267 3632/7145/2186 3700/7146/2266 3702/7147/2268 

vt 51.8754 4.63107
vt 50.7478 -1.06329
vt 61.2458 3.6251
f 3701/7148/2267 3610/7149/2184 3632/7150/2186

v 1.08077 1.95694 0.428532
vt -28.852 23.0503
v 1.08208 1.95694 0.428044
vt -31.5298 24.0575
v 1.09409 1.95694 0.428044
vt -55.9935 24.0575
v 1.09418 1.95694 0.428076
vt -56.1785 23.9919
v 1.10039 1.95694 0.430642
vt -68.8228 18.6933
v 1.10053 1.95694 0.430746
vt -69.1055 18.4794
vt -78.8415 10.4877
vt -81.5184 6.75
vt -5.67365 6.75
vt -9.29143 11.2897
vt -18.7744 18.6933
f 3703/7151/2269 3704/7152/2269 3705/7153/2269 3706/7154/2269 3707/7155/2269 3708/7156/2269 3604/7157/2269 3603/7158/2269 3610/7159/2269 3701/7160/2269 3702/7161/2269 

vt 58.7375 3.94797
vt 57.4935 -6.45736
vt 64.3661 -6.45736
v 1.08281 1.95795 0.428044
vt 62.8345 6.3534
vt 60.2865 6.3534
f 3703/7162/2270 3700/7163/2266 3699/7164/2265 3709/7165/2271 3704/7166/2272 

vt 54.8588 7.54246
vt 59.6058 7.54246
vt 58.3618 17.9478
f 3702/7167/2268 3700/7168/2266 3703/7169/2270

vt 59.6332 -8.28824
vt 58.1016 -21.099
vt 64.9741 -21.099
v 1.08425 1.95912 0.428044
vt 63.4425 -8.28824
f 3709/7170/2271 3699/7171/2265 3697/7172/2263 3710/7173/2273 

vt 56.0475 -22.5739
vt 54.5159 -35.3846
vt 61.3885 -35.3846
v 1.08594 1.95989 0.428044
vt 59.8569 -22.5739
f 3710/7174/2273 3697/7175/2263 3695/7176/2261 3711/7177/2274 

vt 48.5125 -35.53
vt 46.9809 -48.3408
vt 53.8535 -48.3408
v 1.08779 1.9602 0.428044
vt 52.3219 -35.53
f 3711/7178/2274 3695/7179/2261 3693/7180/2259 3712/7181/2275 

vt 37.5417 -46.2736
vt 36.0101 -59.0844
vt 42.8826 -59.0844
v 1.08965 1.96003 0.428044
vt 41.351 -46.2736
f 3712/7182/2275 3693/7183/2259 3694/7184/2260 3713/7185/2276 

vt 23.8826 -54.0727
vt 22.351 -66.8834
v 1.09409 1.9644 0.430642
vt 29.2236 -66.8834
v 1.0914 1.95939 0.428044
vt 27.692 -54.0727
f 3713/7186/2276 3694/7187/2260 3714/7188/2277 3715/7189/2278 

vt 22.351 -51.2621
vt 21.0536 -64.0859
vt 30.521 -64.0859
vt 29.2236 -51.2621
f 3694/7190/2260 3593/7191/2164 3592/7192/2163 3714/7193/2277 

vt 6.93459 -54.9204
vt 5.63718 -67.7441
vt 15.1046 -67.7441
v 1.09684 1.96248 0.430642
vt 13.8071 -54.9204
f 3714/7194/2277 3592/7195/2163 3596/7196/2167 3716/7197/2279 

vt -9.18858 -55.3876
vt -10.486 -68.2114
vt -1.01862 -68.2114
v 1.099 1.95992 0.430642
vt -2.31604 -55.3876
f 3716/7198/2279 3596/7199/2167 3598/7200/2169 3717/7201/2280 

vt -18.1313 -52.6321
vt -24.9197 -52.6321
vt -26.2172 -65.4559
vt -16.7498 -65.4559
vt -18.0134 -52.9664
f 3707/7202/2281 3717/7203/2280 3598/7204/2169 3600/7205/2171 3708/7206/2282 

vt -23.4069 -55.8483
vt -24.9197 -68.5023
vt -18.1313 -68.5023
f 3706/7207/2283 3717/7208/2280 3707/7209/2281

vt -3.94692 -58.9477
v 1.09293 1.95832 0.428044
vt -7.65699 -58.9477
vt -9.18858 -71.7585
vt -2.31604 -71.7585
vt -3.82888 -59.1045
f 3705/7210/2284 3718/7211/2285 3716/7212/2279 3717/7213/2280 3706/7214/2283 

vt 51.5472 55.9935
vt 51.5472 31.5298
vt 53.6257 33.0037
vt 56.0569 35.9363
vt 57.6463 39.3983
vt 58.2855 43.1536
vt 57.931 46.9464
vt 56.6068 50.5183
vt 54.4034 53.6257
f 3705/7215/2284 3704/7216/2272 3709/7217/2271 3710/7218/2273 3711/7219/2274 3712/7220/2275 3713/7221/2276 3715/7222/2278 3718/7223/2285 

vt 8.46618 -58.3955
vt 6.93459 -71.2063
vt 13.8071 -71.2063
vt 12.2755 -58.3955
f 3715/7224/2278 3714/7225/2277 3716/7226/2279 3718/7227/2285 

vt -39.2207 -47.1759
vt -40.4843 -59.6654
vt -37.587 -59.6654
f 3708/7228/2282 3600/7229/2171 3604/7230/2174

vt 55.8293 -28.3261
vt 67.2464 -28.3261
vt 66.2715 -15.4879
vt 56.8042 -15.4879
f 3628/7231/2187 3627/7232/2286 3698/7233/2264 3633/7234/2188 

vt 67.2464 -1.98671e-12
vt 55.8293 -1.98671e-12
vt 55.8293 -10.4798
vt 67.2464 -10.4798
f 3627/7235/2287 3628/7236/2189 3635/7237/2189 3655/7238/2287 

vt 63.6607 -4.06101e-12
vt 52.2437 -2.24202e-12
vt 52.2437 -10.4798
vt 63.6607 -10.4798
f 3626/7239/2288 3627/7240/2287 3655/7241/2287 3654/7242/2288 

vt 52.2437 -37.3992
vt 63.6607 -37.3992
vt 62.6859 -24.561
vt 53.2185 -24.561
f 3627/7243/2286 3626/7244/2289 3696/7245/2262 3698/7246/2264 

vt 44.7087 -45.6278
vt 56.1257 -45.6278
vt 55.1509 -32.7896
vt 45.6835 -32.7896
f 3626/7247/2289 3625/7248/2258 3692/7249/2257 3696/7250/2262 

vt 56.1257 -4.36486e-12
vt 44.7087 -4.36486e-12
vt 44.7087 -10.4798
vt 56.1257 -10.4798
f 3625/7251/2256 3626/7252/2288 3654/7253/2288 3653/7254/2256 

g Mesh31 Screw_01_1_2 Television_Silver_CRT1 Model

v 1.09808 0.827147 0.463758
v 1.09637 0.823957 0.458679
v 1.09201 0.825547 0.458679
v 1.09283 0.829064 0.463758
f 3719/6799/2162 3720/6800/2163 3721/6801/2164 3722/6802/2165 

v 1.10265 0.823957 0.463758
v 1.10016 0.821313 0.458679
f 3723/6803/2166 3724/6804/2167 3720/6805/2163 3719/6806/2162 

v 1.10623 0.819712 0.463758
v 1.10313 0.817792 0.458679
f 3725/6807/2168 3726/6808/2169 3724/6809/2167 3723/6810/2166 

v 1.10857 0.814701 0.463758
v 1.10507 0.813637 0.458679
f 3727/6811/2170 3728/6812/2171 3726/6813/2169 3725/6814/2168 

v 1.10715 0.809177 0.460489
v 1.10677 0.811412 0.460489
v 1.10662 0.812257 0.460489
v 1.10531 0.812257 0.458679
v 1.10951 0.809265 0.463758
f 3729/6815/2172 3730/6816/2173 3731/6817/2173 3732/6818/2174 3728/6819/2171 3727/6820/2170 3733/6821/2172 

v 1.10672 0.80465 0.460489
v 1.0695 0.80465 0.460489
v 1.06936 0.805495 0.460489
v 1.06896 0.80776 0.460489
v 1.06939 0.812257 0.460489
f 3729/6822/2175 3734/6823/2175 3735/6824/2175 3736/6825/2175 3737/6826/2175 3738/6827/2175 3731/6828/2175 3730/6829/2175 

v 1.10899 0.803774 0.463758
v 1.10669 0.80429 0.460489
f 3734/6830/2176 3729/6831/2172 3733/6832/2172 3739/6833/2177 3740/6834/2178 

v 1.06713 0.813163 0.463758
v 1.06661 0.807673 0.463758
v 1.06755 0.802237 0.463758
v 1.06988 0.797225 0.463758
v 1.07346 0.79298 0.463758
v 1.07803 0.78979 0.463758
v 1.08329 0.787874 0.463758
v 1.08887 0.78736 0.463758
v 1.09439 0.788286 0.463758
v 1.09948 0.790586 0.463758
v 1.1038 0.794106 0.463758
v 1.10704 0.798604 0.463758
v 1.08725 0.829577 0.463758
v 1.08172 0.828652 0.463758
v 1.07663 0.826351 0.463758
v 1.07232 0.822832 0.463758
v 1.06908 0.818334 0.463758
f 3741/6835/2179 3742/6836/2179 3743/6837/2179 3744/6838/2179 3745/6839/2179 3746/6840/2179 3747/6841/2179 3748/6842/2179 3749/6843/2179 3750/6844/2179 3751/6845/2179 3752/6846/2179 3739/6847/2179 3733/6848/2179 3727/6849/2179 3725/6850/2179 3723/6851/2179 3719/6852/2179 3722/6853/2179 3753/6854/2179 3754/6855/2179 3755/6856/2179 3756/6857/2179 3757/6858/2179 

v 1.06661 0.807673 0.468834
v 1.06713 0.813163 0.468834
f 3741/6859/2180 3742/6860/2181 3758/6861/2181 3759/6862/2180 

f 3742/6863/2182 3741/6864/2183 3738/6865/2184 3737/6866/2182 

f 3757/6867/2185 3738/6868/2184 3741/6869/2183

v 1.07232 0.816649 0.458679
f 3757/6870/2185 3760/6871/2186 3738/6872/2184

v 1.07501 0.820379 0.458679
f 3757/6873/2185 3756/6874/2187 3761/6875/2188 3760/6876/2186 

v 1.06908 0.818334 0.468834
v 1.07232 0.822832 0.468834
f 3756/6877/2189 3757/6878/2190 3762/6879/2190 3763/6880/2189 

f 3757/6881/2190 3741/6882/2180 3759/6883/2180 3762/6884/2190 

v 1.06755 0.802237 0.468834
v 1.06988 0.797225 0.468834
v 1.07346 0.79298 0.468834
v 1.07803 0.78979 0.468834
v 1.08329 0.787874 0.468834
v 1.08887 0.78736 0.468834
v 1.09439 0.788286 0.468834
v 1.09948 0.790586 0.468834
v 1.1038 0.794106 0.468834
v 1.10704 0.798604 0.468834
v 1.10899 0.803774 0.468834
v 1.10951 0.809265 0.468834
v 1.10857 0.814701 0.468834
v 1.10623 0.819712 0.468834
v 1.10265 0.823957 0.468834
v 1.09808 0.827147 0.468834
v 1.09283 0.829064 0.468834
v 1.08725 0.829577 0.468834
v 1.08172 0.828652 0.468834
v 1.07663 0.826351 0.468834
f 3759/6835/2179 3758/6885/2179 3764/6837/2179 3765/6838/2179 3766/6839/2179 3767/6840/2179 3768/6841/2179 3769/6886/2179 3770/6843/2179 3771/6844/2179 3772/6845/2179 3773/6846/2179 3774/6847/2179 3775/6848/2179 3776/6849/2179 3777/6850/2179 3778/6851/2179 3779/6852/2179 3780/6853/2179 3781/6854/2179 3782/6855/2179 3783/6856/2179 3763/6857/2179 3762/6858/2179 

f 3742/6887/2181 3743/6888/2191 3764/6889/2191 3758/6890/2181 

v 1.07082 0.80465 0.458679
v 1.07105 0.803301 0.458679
f 3737/6891/2182 3736/6892/2192 3735/6893/2192 3784/6894/2193 3785/6895/2194 3743/6896/2195 3742/6897/2182 

v 1.09541 0.80465 0.452624
v 1.09401 0.80465 0.452106
v 1.08205 0.80465 0.452106
v 1.08189 0.80465 0.452164
v 1.07574 0.80465 0.454704
v 1.07549 0.80465 0.454893
v 1.10542 0.80465 0.458679
v 1.10508 0.80465 0.458403
v 1.10028 0.80465 0.454704
f 3786/6898/2196 3787/6899/2196 3788/6900/2196 3789/6901/2196 3790/6902/2196 3791/6903/2196 3784/6904/2196 3735/6905/2196 3734/6906/2196 3792/6907/2196 3793/6908/2196 3794/6909/2196 

v 1.09948 0.802531 0.454704
v 1.09753 0.799823 0.454704
v 1.09331 0.803676 0.452106
f 3786/6910/2197 3795/6911/2290 3796/6912/2199 3797/6913/2200 3787/6914/2201 

f 3794/6915/2291 3795/6916/2290 3786/6917/2197

f 3795/6918/2290 3794/6919/2291 3793/6920/2292

f 3793/6921/2292 3792/6922/2293 3795/6923/2290

v 1.1038 0.800289 0.458679
f 3798/6924/2205 3795/6925/2290 3792/6926/2293

v 1.10111 0.796559 0.458679
f 3795/6927/2290 3798/6928/2205 3799/6929/2206 3796/6930/2199 

f 3751/6931/2207 3799/6932/2206 3798/6933/2205 3752/6934/2208 

v 1.09753 0.79364 0.458679
f 3750/6935/2209 3800/6936/2210 3799/6937/2206 3751/6938/2207 

v 1.09331 0.791732 0.458679
f 3749/6939/2211 3801/6940/2212 3800/6941/2210 3750/6942/2209 

v 1.08873 0.790965 0.458679
f 3748/6943/2213 3802/6944/2214 3801/6945/2212 3749/6946/2211 

v 1.0841 0.791391 0.458679
f 3747/6947/2215 3803/6948/2216 3802/6949/2214 3748/6950/2213 

v 1.07974 0.79298 0.458679
f 3746/6951/2217 3804/6952/2218 3803/6953/2216 3747/6954/2215 

v 1.07595 0.795625 0.458679
f 3745/6955/2219 3805/6956/2220 3804/6957/2218 3746/6958/2217 

v 1.07299 0.799145 0.458679
f 3744/6959/2221 3806/6960/2222 3805/6961/2220 3745/6962/2219 

f 3743/6963/2195 3785/6964/2194 3806/6965/2222 3744/6966/2221 

v 1.07712 0.801701 0.454704
f 3790/6967/2223 3807/6968/2224 3806/6969/2222 3785/6970/2194 3791/6971/2225 

f 3789/6972/2226 3807/6973/2224 3790/6974/2223

v 1.08319 0.803301 0.452106
v 1.07927 0.799145 0.454704
f 3788/6975/2227 3808/6976/2228 3809/6977/2229 3807/6978/2224 3789/6979/2226 

v 1.09187 0.802502 0.452106
v 1.09017 0.801735 0.452106
v 1.08833 0.801426 0.452106
v 1.08647 0.801597 0.452106
v 1.08471 0.802237 0.452106
f 3788/6980/2227 3787/6981/2201 3797/6982/2200 3810/6983/2230 3811/6984/2231 3812/6985/2232 3813/6986/2233 3814/6987/2234 3808/6988/2228 

v 1.09494 0.797704 0.454704
f 3797/6989/2200 3796/6990/2199 3815/6991/2235 3810/6992/2230 

f 3796/6993/2199 3799/6994/2206 3800/6995/2210 3815/6996/2235 

v 1.09187 0.796319 0.454704
f 3815/6997/2235 3800/6998/2210 3801/6999/2212 3816/7000/2236 

v 1.08854 0.795762 0.454704
f 3816/7001/2236 3801/7002/2212 3802/7003/2214 3817/7004/2237 

v 1.08519 0.796071 0.454704
f 3817/7005/2237 3802/7006/2214 3803/7007/2216 3818/7008/2238 

v 1.08202 0.797225 0.454704
f 3818/7009/2238 3803/7010/2216 3804/7011/2218 3819/7012/2239 

f 3819/7013/2239 3804/7014/2218 3805/7015/2220 3809/7016/2229 

f 3809/7017/2229 3805/7018/2220 3806/7019/2222 3807/7020/2224 

f 3814/7021/2234 3819/7022/2239 3809/7023/2229 3808/7024/2228 

f 3813/7025/2233 3818/7026/2238 3819/7027/2239 3814/7028/2234 

f 3812/7029/2232 3817/7030/2237 3818/7031/2238 3813/7032/2233 

f 3811/7033/2231 3816/7034/2236 3817/7035/2237 3812/7036/2232 

f 3810/7037/2230 3815/7038/2235 3816/7039/2236 3811/7040/2231 

f 3791/7041/2225 3785/7042/2194 3784/7043/2193

f 3743/7044/2191 3744/7045/2240 3765/7046/2240 3764/7047/2191 

f 3744/7048/2240 3745/7049/2241 3766/7050/2241 3765/7051/2240 

f 3745/7052/2241 3746/7053/2242 3767/7054/2242 3766/7055/2241 

f 3746/7056/2242 3747/7057/2243 3768/7058/2243 3767/7059/2242 

f 3747/7060/2243 3748/7061/2244 3769/7062/2244 3768/7063/2243 

f 3748/7064/2244 3749/7065/2245 3770/7066/2245 3769/7067/2244 

f 3749/7068/2245 3750/7069/2246 3771/7070/2246 3770/7071/2245 

f 3750/7072/2246 3751/7073/2247 3772/7074/2247 3771/7075/2246 

f 3751/7076/2247 3752/7077/2248 3773/7078/2248 3772/7079/2247 

f 3752/7080/2248 3739/7081/2249 3774/7082/2249 3773/7083/2248 

f 3752/7084/2208 3740/7085/2178 3739/7086/2177

f 3752/7084/2208 3798/7087/2205 3740/7085/2178

f 3792/7088/2293 3740/7089/2178 3798/7090/2205

f 3740/6834/2178 3792/7091/2293 3734/6830/2176

f 3739/7092/2249 3733/7093/2250 3775/7094/2250 3774/7095/2249 

f 3733/7096/2250 3727/7097/2251 3776/7098/2251 3775/7099/2250 

f 3727/7100/2251 3725/7101/2252 3777/7102/2252 3776/7103/2251 

f 3725/7104/2252 3723/7105/2253 3778/7106/2253 3777/7107/2252 

f 3723/7108/2253 3719/7109/2254 3779/7110/2254 3778/7111/2253 

f 3719/7112/2254 3722/7113/2255 3780/7114/2255 3779/7115/2254 

f 3722/7116/2255 3753/7117/2256 3781/7118/2256 3780/7119/2255 

v 1.08739 0.825972 0.458679
f 3722/7120/2165 3721/7121/2164 3820/7122/2257 3753/7123/2258 

v 1.08757 0.821175 0.454704
v 1.09093 0.820866 0.454704
f 3821/7124/2259 3820/7125/2257 3721/7126/2164 3822/7127/2260 

v 1.08425 0.820618 0.454704
v 1.08281 0.825205 0.458679
f 3823/7128/2261 3824/7129/2262 3820/7130/2257 3821/7131/2259 

v 1.08118 0.819233 0.454704
v 1.07858 0.823297 0.458679
f 3825/7132/2263 3826/7133/2264 3824/7134/2262 3823/7135/2261 

v 1.07858 0.817115 0.454704
f 3827/7136/2265 3761/7137/2188 3826/7138/2264 3825/7139/2263 

v 1.07663 0.814407 0.454704
f 3828/7140/2266 3760/7141/2186 3761/7142/2188 3827/7143/2265 

v 1.07117 0.812257 0.45829
v 1.07582 0.812257 0.454704
f 3829/7144/2267 3760/7145/2186 3828/7146/2266 3830/7147/2268 

f 3829/7148/2267 3738/7149/2184 3760/7150/2186

v 1.08077 0.812257 0.452594
v 1.08208 0.812257 0.452106
v 1.09409 0.812257 0.452106
v 1.09418 0.812257 0.452138
v 1.10039 0.812257 0.454704
v 1.10053 0.812257 0.454808
f 3831/7151/2269 3832/7152/2269 3833/7153/2269 3834/7154/2269 3835/7155/2269 3836/7156/2269 3732/7157/2269 3731/7158/2269 3738/7159/2269 3829/7160/2269 3830/7161/2269 

v 1.08281 0.813261 0.452106
f 3831/7162/2270 3828/7163/2266 3827/7164/2265 3837/7165/2271 3832/7166/2272 

f 3830/7167/2268 3828/7168/2266 3831/7169/2270

v 1.08425 0.814435 0.452106
f 3837/7170/2271 3827/7171/2265 3825/7172/2263 3838/7173/2273 

v 1.08594 0.815203 0.452106
f 3838/7174/2273 3825/7175/2263 3823/7176/2261 3839/7177/2274 

v 1.08779 0.815512 0.452106
f 3839/7178/2274 3823/7179/2261 3821/7180/2259 3840/7181/2275 

v 1.08965 0.81534 0.452106
f 3840/7182/2275 3821/7183/2259 3822/7184/2260 3841/7185/2276 

v 1.09409 0.819712 0.454704
v 1.0914 0.814701 0.452106
f 3841/7186/2276 3822/7187/2260 3842/7188/2277 3843/7189/2278 

f 3822/7190/2260 3721/7191/2164 3720/7192/2163 3842/7193/2277 

v 1.09684 0.817792 0.454704
f 3842/7194/2277 3720/7195/2163 3724/7196/2167 3844/7197/2279 

v 1.099 0.815237 0.454704
f 3844/7198/2279 3724/7199/2167 3726/7200/2169 3845/7201/2280 

f 3835/7202/2281 3845/7203/2280 3726/7204/2169 3728/7205/2171 3836/7206/2282 

f 3834/7207/2283 3845/7208/2280 3835/7209/2281

v 1.09293 0.813637 0.452106
f 3833/7210/2284 3846/7211/2285 3844/7212/2279 3845/7213/2280 3834/7214/2283 

f 3833/7215/2284 3832/7216/2272 3837/7217/2271 3838/7218/2273 3839/7219/2274 3840/7220/2275 3841/7221/2276 3843/7222/2278 3846/7223/2285 

f 3843/7224/2278 3842/7225/2277 3844/7226/2279 3846/7227/2285 

f 3836/7228/2282 3728/7229/2171 3732/7230/2174

f 3756/7231/2187 3755/7232/2286 3826/7233/2264 3761/7234/2188 

f 3755/7235/2287 3756/7236/2189 3763/7237/2189 3783/7238/2287 

f 3754/7239/2288 3755/7240/2287 3783/7241/2287 3782/7242/2288 

f 3755/7243/2286 3754/7244/2289 3824/7245/2262 3826/7246/2264 

f 3754/7247/2289 3753/7248/2258 3820/7249/2257 3824/7250/2262 

f 3753/7251/2256 3754/7252/2288 3782/7253/2288 3781/7254/2256 

g Mesh32 Screw_01_1_3 Television_Silver_CRT1 Model

v -1.02973 1.97183 0.439696
v -1.03144 1.96864 0.434616
v -1.0358 1.97023 0.434616
v -1.03498 1.97375 0.439696
f 3847/6799/2162 3848/6800/2163 3849/6801/2164 3850/6802/2165 

v -1.02516 1.96864 0.439696
v -1.02765 1.966 0.434616
f 3851/6803/2166 3852/6804/2167 3848/6805/2163 3847/6806/2162 

v -1.02158 1.9644 0.439696
v -1.02468 1.96248 0.434616
f 3853/6807/2168 3854/6808/2169 3852/6809/2167 3851/6810/2166 

v -1.01924 1.95939 0.439696
v -1.02275 1.95832 0.434616
f 3855/6811/2170 3856/6812/2171 3854/6813/2169 3853/6814/2168 

v -1.02066 1.95386 0.436427
v -1.02105 1.9561 0.436427
v -1.02119 1.95694 0.436427
v -1.02251 1.95694 0.434616
v -1.0183 1.95395 0.439696
f 3857/6815/2172 3858/6816/2173 3859/6817/2173 3860/6818/2174 3856/6819/2171 3855/6820/2170 3861/6821/2172 

v -1.02109 1.94934 0.436427
v -1.05831 1.94934 0.436427
v -1.05846 1.95018 0.436427
v -1.05885 1.95245 0.436427
v -1.05842 1.95694 0.436427
f 3857/6822/2175 3862/6823/2175 3863/6824/2175 3864/6825/2175 3865/6826/2175 3866/6827/2175 3859/6828/2175 3858/6829/2175 

v -1.01882 1.94846 0.439696
v -1.02112 1.94898 0.436427
f 3862/6830/2176 3857/6831/2172 3861/6832/2172 3867/6833/2177 3868/6834/2178 

v -1.06069 1.95785 0.439696
v -1.06121 1.95236 0.439696
v -1.06027 1.94692 0.439696
v -1.05793 1.94191 0.439696
v -1.05435 1.93767 0.439696
v -1.04978 1.93448 0.439696
v -1.04453 1.93256 0.439696
v -1.03895 1.93205 0.439696
v -1.03342 1.93297 0.439696
v -1.02833 1.93527 0.439696
v -1.02401 1.93879 0.439696
v -1.02077 1.94329 0.439696
v -1.04056 1.97426 0.439696
v -1.04609 1.97334 0.439696
v -1.05118 1.97104 0.439696
v -1.0555 1.96752 0.439696
v -1.05874 1.96302 0.439696
f 3869/6835/2179 3870/6836/2179 3871/6837/2179 3872/6838/2179 3873/6839/2179 3874/6840/2179 3875/6841/2179 3876/6842/2179 3877/6843/2179 3878/6844/2179 3879/6845/2179 3880/6846/2179 3867/6847/2179 3861/6848/2179 3855/6849/2179 3853/6850/2179 3851/6851/2179 3847/6852/2179 3850/6853/2179 3881/6854/2179 3882/6855/2179 3883/6856/2179 3884/6857/2179 3885/6858/2179 

v -1.06121 1.95236 0.444772
v -1.06069 1.95785 0.444772
f 3869/6859/2180 3870/6860/2181 3886/6861/2181 3887/6862/2180 

f 3870/6863/2182 3869/6864/2183 3866/6865/2184 3865/6866/2182 

f 3885/6867/2185 3866/6868/2184 3869/6869/2183

v -1.0555 1.96134 0.434616
f 3885/6870/2185 3888/6871/2186 3866/6872/2184

v -1.05281 1.96507 0.434616
f 3885/6873/2185 3884/6874/2187 3889/6875/2188 3888/6876/2186 

v -1.05874 1.96302 0.444772
v -1.0555 1.96752 0.444772
f 3884/6877/2189 3885/6878/2190 3890/6879/2190 3891/6880/2189 

f 3885/6881/2190 3869/6882/2180 3887/6883/2180 3890/6884/2190 

v -1.06027 1.94692 0.444772
v -1.05793 1.94191 0.444772
v -1.05435 1.93767 0.444772
v -1.04978 1.93448 0.444772
v -1.04453 1.93256 0.444772
v -1.03895 1.93205 0.444772
v -1.03342 1.93297 0.444772
v -1.02833 1.93527 0.444772
v -1.02401 1.93879 0.444772
v -1.02077 1.94329 0.444772
v -1.01882 1.94846 0.444772
v -1.0183 1.95395 0.444772
v -1.01924 1.95939 0.444772
v -1.02158 1.9644 0.444772
v -1.02516 1.96864 0.444772
v -1.02973 1.97183 0.444772
v -1.03498 1.97375 0.444772
v -1.04056 1.97426 0.444772
v -1.04609 1.97334 0.444772
v -1.05118 1.97104 0.444772
f 3887/6835/2179 3886/6885/2179 3892/6837/2179 3893/6838/2179 3894/6839/2179 3895/6840/2179 3896/6841/2179 3897/6886/2179 3898/6843/2179 3899/6844/2179 3900/6845/2179 3901/6846/2179 3902/6847/2179 3903/6848/2179 3904/6849/2179 3905/6850/2179 3906/6851/2179 3907/6852/2179 3908/6853/2179 3909/6854/2179 3910/6855/2179 3911/6856/2179 3891/6857/2179 3890/6858/2179 

f 3870/6887/2181 3871/6888/2191 3892/6889/2191 3886/6890/2181 

v -1.057 1.94934 0.434616
v -1.05676 1.94799 0.434616
f 3865/6891/2182 3864/6892/2192 3863/6893/2192 3912/6894/2193 3913/6895/2194 3871/6896/2195 3870/6897/2182 

v -1.03241 1.94934 0.428561
v -1.0338 1.94934 0.428044
v -1.04576 1.94934 0.428044
v -1.04593 1.94934 0.428102
v -1.05207 1.94934 0.430642
v -1.05232 1.94934 0.430831
v -1.02239 1.94934 0.434616
v -1.02273 1.94934 0.434341
v -1.02753 1.94934 0.430642
f 3914/6898/2196 3915/6899/2196 3916/6900/2196 3917/6901/2196 3918/6902/2196 3919/6903/2196 3912/6904/2196 3863/6905/2196 3862/6906/2196 3920/6907/2196 3921/6908/2196 3922/6909/2196 

v -1.02833 1.94722 0.430642
v -1.03028 1.94451 0.430642
v -1.0345 1.94836 0.428044
f 3914/6910/2197 3923/6911/2290 3924/6912/2199 3925/6913/2200 3915/6914/2201 

f 3922/6915/2291 3923/6916/2290 3914/6917/2197

f 3923/6918/2290 3922/6919/2291 3921/6920/2292

f 3921/6921/2292 3920/6922/2293 3923/6923/2290

v -1.02401 1.94498 0.434616
f 3926/6924/2205 3923/6925/2290 3920/6926/2293

v -1.0267 1.94125 0.434616
f 3923/6927/2290 3926/6928/2205 3927/6929/2206 3924/6930/2199 

f 3879/6931/2207 3927/6932/2206 3926/6933/2205 3880/6934/2208 

v -1.03028 1.93833 0.434616
f 3878/6935/2209 3928/6936/2210 3927/6937/2206 3879/6938/2207 

v -1.0345 1.93642 0.434616
f 3877/6939/2211 3929/6940/2212 3928/6941/2210 3878/6942/2209 

v -1.03908 1.93565 0.434616
f 3876/6943/2213 3930/6944/2214 3929/6945/2212 3877/6946/2211 

v -1.04371 1.93608 0.434616
f 3875/6947/2215 3931/6948/2216 3930/6949/2214 3876/6950/2213 

v -1.04807 1.93767 0.434616
f 3874/6951/2217 3932/6952/2218 3931/6953/2216 3875/6954/2215 

v -1.05186 1.94031 0.434616
f 3873/6955/2219 3933/6956/2220 3932/6957/2218 3874/6958/2217 

v -1.05482 1.94383 0.434616
f 3872/6959/2221 3934/6960/2222 3933/6961/2220 3873/6962/2219 

f 3871/6963/2195 3913/6964/2194 3934/6965/2222 3872/6966/2221 

v -1.05069 1.94639 0.430642
f 3918/6967/2223 3935/6968/2224 3934/6969/2222 3913/6970/2194 3919/6971/2225 

f 3917/6972/2226 3935/6973/2224 3918/6974/2223

v -1.04462 1.94799 0.428044
v -1.04854 1.94383 0.430642
f 3916/6975/2227 3936/6976/2228 3937/6977/2229 3935/6978/2224 3917/6979/2226 

v -1.03594 1.94719 0.428044
v -1.03764 1.94642 0.428044
v -1.03948 1.94611 0.428044
v -1.04135 1.94628 0.428044
v -1.0431 1.94692 0.428044
f 3916/6980/2227 3915/6981/2201 3925/6982/2200 3938/6983/2230 3939/6984/2231 3940/6985/2232 3941/6986/2233 3942/6987/2234 3936/6988/2228 

v -1.03288 1.94239 0.430642
f 3925/6989/2200 3924/6990/2199 3943/6991/2235 3938/6992/2230 

f 3924/6993/2199 3927/6994/2206 3928/6995/2210 3943/6996/2235 

v -1.03594 1.94101 0.430642
f 3943/6997/2235 3928/6998/2210 3929/6999/2212 3944/7000/2236 

v -1.03927 1.94045 0.430642
f 3944/7001/2236 3929/7002/2212 3930/7003/2214 3945/7004/2237 

v -1.04263 1.94076 0.430642
f 3945/7005/2237 3930/7006/2214 3931/7007/2216 3946/7008/2238 

v -1.04579 1.94191 0.430642
f 3946/7009/2238 3931/7010/2216 3932/7011/2218 3947/7012/2239 

f 3947/7013/2239 3932/7014/2218 3933/7015/2220 3937/7016/2229 

f 3937/7017/2229 3933/7018/2220 3934/7019/2222 3935/7020/2224 

f 3942/7021/2234 3947/7022/2239 3937/7023/2229 3936/7024/2228 

f 3941/7025/2233 3946/7026/2238 3947/7027/2239 3942/7028/2234 

f 3940/7029/2232 3945/7030/2237 3946/7031/2238 3941/7032/2233 

f 3939/7033/2231 3944/7034/2236 3945/7035/2237 3940/7036/2232 

f 3938/7037/2230 3943/7038/2235 3944/7039/2236 3939/7040/2231 

f 3919/7041/2225 3913/7042/2194 3912/7043/2193

f 3871/7044/2191 3872/7045/2240 3893/7046/2240 3892/7047/2191 

f 3872/7048/2240 3873/7049/2241 3894/7050/2241 3893/7051/2240 

f 3873/7052/2241 3874/7053/2242 3895/7054/2242 3894/7055/2241 

f 3874/7056/2242 3875/7057/2243 3896/7058/2243 3895/7059/2242 

f 3875/7060/2243 3876/7061/2244 3897/7062/2244 3896/7063/2243 

f 3876/7064/2244 3877/7065/2245 3898/7066/2245 3897/7067/2244 

f 3877/7068/2245 3878/7069/2246 3899/7070/2246 3898/7071/2245 

f 3878/7072/2246 3879/7073/2247 3900/7074/2247 3899/7075/2246 

f 3879/7076/2247 3880/7077/2248 3901/7078/2248 3900/7079/2247 

f 3880/7080/2248 3867/7081/2249 3902/7082/2249 3901/7083/2248 

f 3880/7084/2208 3868/7085/2178 3867/7086/2177

f 3880/7084/2208 3926/7087/2205 3868/7085/2178

f 3920/7088/2293 3868/7089/2178 3926/7090/2205

f 3868/6834/2178 3920/7091/2293 3862/6830/2176

f 3867/7092/2249 3861/7093/2250 3903/7094/2250 3902/7095/2249 

f 3861/7096/2250 3855/7097/2251 3904/7098/2251 3903/7099/2250 

f 3855/7100/2251 3853/7101/2252 3905/7102/2252 3904/7103/2251 

f 3853/7104/2252 3851/7105/2253 3906/7106/2253 3905/7107/2252 

f 3851/7108/2253 3847/7109/2254 3907/7110/2254 3906/7111/2253 

f 3847/7112/2254 3850/7113/2255 3908/7114/2255 3907/7115/2254 

f 3850/7116/2255 3881/7117/2256 3909/7118/2256 3908/7119/2255 

v -1.04043 1.97066 0.434616
f 3850/7120/2165 3849/7121/2164 3948/7122/2257 3881/7123/2258 

v -1.04024 1.96586 0.430642
v -1.03688 1.96555 0.430642
f 3949/7124/2259 3948/7125/2257 3849/7126/2164 3950/7127/2260 

v -1.04357 1.96531 0.430642
v -1.04501 1.96989 0.434616
f 3951/7128/2261 3952/7129/2262 3948/7130/2257 3949/7131/2259 

v -1.04663 1.96392 0.430642
v -1.04923 1.96798 0.434616
f 3953/7132/2263 3954/7133/2264 3952/7134/2262 3951/7135/2261 

v -1.04923 1.9618 0.430642
f 3955/7136/2265 3889/7137/2188 3954/7138/2264 3953/7139/2263 

v -1.05118 1.95909 0.430642
f 3956/7140/2266 3888/7141/2186 3889/7142/2188 3955/7143/2265 

v -1.05665 1.95694 0.434228
v -1.05199 1.95694 0.430642
f 3957/7144/2267 3888/7145/2186 3956/7146/2266 3958/7147/2268 

f 3957/7148/2267 3866/7149/2184 3888/7150/2186

v -1.04704 1.95694 0.428532
v -1.04573 1.95694 0.428044
v -1.03372 1.95694 0.428044
v -1.03363 1.95694 0.428076
v -1.02742 1.95694 0.430642
v -1.02729 1.95694 0.430746
f 3959/7151/2269 3960/7152/2269 3961/7153/2269 3962/7154/2269 3963/7155/2269 3964/7156/2269 3860/7157/2269 3859/7158/2269 3866/7159/2269 3957/7160/2269 3958/7161/2269 

v -1.04501 1.95795 0.428044
f 3959/7162/2270 3956/7163/2266 3955/7164/2265 3965/7165/2271 3960/7166/2272 

f 3958/7167/2268 3956/7168/2266 3959/7169/2270

v -1.04357 1.95912 0.428044
f 3965/7170/2271 3955/7171/2265 3953/7172/2263 3966/7173/2273 

v -1.04187 1.95989 0.428044
f 3966/7174/2273 3953/7175/2263 3951/7176/2261 3967/7177/2274 

v -1.04002 1.9602 0.428044
f 3967/7178/2274 3951/7179/2261 3949/7180/2259 3968/7181/2275 

v -1.03816 1.96003 0.428044
f 3968/7182/2275 3949/7183/2259 3950/7184/2260 3969/7185/2276 

v -1.03372 1.9644 0.430642
v -1.03641 1.95939 0.428044
f 3969/7186/2276 3950/7187/2260 3970/7188/2277 3971/7189/2278 

f 3950/7190/2260 3849/7191/2164 3848/7192/2163 3970/7193/2277 

v -1.03097 1.96248 0.430642
f 3970/7194/2277 3848/7195/2163 3852/7196/2167 3972/7197/2279 

v -1.02881 1.95992 0.430642
f 3972/7198/2279 3852/7199/2167 3854/7200/2169 3973/7201/2280 

f 3963/7202/2281 3973/7203/2280 3854/7204/2169 3856/7205/2171 3964/7206/2282 

f 3962/7207/2283 3973/7208/2280 3963/7209/2281

v -1.03488 1.95832 0.428044
f 3961/7210/2284 3974/7211/2285 3972/7212/2279 3973/7213/2280 3962/7214/2283 

f 3961/7215/2284 3960/7216/2272 3965/7217/2271 3966/7218/2273 3967/7219/2274 3968/7220/2275 3969/7221/2276 3971/7222/2278 3974/7223/2285 

f 3971/7224/2278 3970/7225/2277 3972/7226/2279 3974/7227/2285 

f 3964/7228/2282 3856/7229/2171 3860/7230/2174

f 3884/7231/2187 3883/7232/2286 3954/7233/2264 3889/7234/2188 

f 3883/7235/2287 3884/7236/2189 3891/7237/2189 3911/7238/2287 

f 3882/7239/2288 3883/7240/2287 3911/7241/2287 3910/7242/2288 

f 3883/7243/2286 3882/7244/2289 3952/7245/2262 3954/7246/2264 

f 3882/7247/2289 3881/7248/2258 3948/7249/2257 3952/7250/2262 

f 3881/7251/2256 3882/7252/2288 3910/7253/2288 3909/7254/2256 

g Mesh33 Screw_01_1_4 Television_Silver_CRT1 Model

v -1.02973 0.827147 0.463758
v -1.03144 0.823957 0.458679
v -1.0358 0.825547 0.458679
v -1.03498 0.829064 0.463758
f 3975/6799/2162 3976/6800/2163 3977/6801/2164 3978/6802/2165 

v -1.02516 0.823957 0.463758
v -1.02765 0.821313 0.458679
f 3979/6803/2166 3980/6804/2167 3976/6805/2163 3975/6806/2162 

v -1.02158 0.819712 0.463758
v -1.02468 0.817792 0.458679
f 3981/6807/2168 3982/6808/2169 3980/6809/2167 3979/6810/2166 

v -1.01924 0.814701 0.463758
v -1.02275 0.813637 0.458679
f 3983/6811/2170 3984/6812/2171 3982/6813/2169 3981/6814/2168 

v -1.02066 0.809177 0.460489
v -1.02105 0.811412 0.460489
v -1.02119 0.812257 0.460489
v -1.02251 0.812257 0.458679
v -1.0183 0.809265 0.463758
f 3985/6815/2172 3986/6816/2173 3987/6817/2173 3988/6818/2174 3984/6819/2171 3983/6820/2170 3989/6821/2172 

v -1.02109 0.80465 0.460489
v -1.05831 0.80465 0.460489
v -1.05846 0.805495 0.460489
v -1.05885 0.80776 0.460489
v -1.05842 0.812257 0.460489
f 3985/6822/2175 3990/6823/2175 3991/6824/2175 3992/6825/2175 3993/6826/2175 3994/6827/2175 3987/6828/2175 3986/6829/2175 

v -1.01882 0.803774 0.463758
v -1.02112 0.80429 0.460489
f 3990/6830/2176 3985/6831/2172 3989/6832/2172 3995/6833/2177 3996/6834/2178 

v -1.06069 0.813163 0.463758
v -1.06121 0.807673 0.463758
v -1.06027 0.802237 0.463758
v -1.05793 0.797225 0.463758
v -1.05435 0.79298 0.463758
v -1.04978 0.78979 0.463758
v -1.04453 0.787874 0.463758
v -1.03895 0.78736 0.463758
v -1.03342 0.788286 0.463758
v -1.02833 0.790586 0.463758
v -1.02401 0.794106 0.463758
v -1.02077 0.798604 0.463758
v -1.04056 0.829577 0.463758
v -1.04609 0.828652 0.463758
v -1.05118 0.826351 0.463758
v -1.0555 0.822832 0.463758
v -1.05874 0.818334 0.463758
f 3997/6835/2179 3998/6836/2179 3999/6837/2179 4000/6838/2179 4001/6839/2179 4002/6840/2179 4003/6841/2179 4004/6842/2179 4005/6843/2179 4006/6844/2179 4007/6845/2179 4008/6846/2179 3995/6847/2179 3989/6848/2179 3983/6849/2179 3981/6850/2179 3979/6851/2179 3975/6852/2179 3978/6853/2179 4009/6854/2179 4010/6855/2179 4011/6856/2179 4012/6857/2179 4013/6858/2179 

v -1.06121 0.807673 0.468834
v -1.06069 0.813163 0.468834
f 3997/6859/2180 3998/6860/2181 4014/6861/2181 4015/6862/2180 

f 3998/6863/2182 3997/6864/2183 3994/6865/2184 3993/6866/2182 

f 4013/6867/2185 3994/6868/2184 3997/6869/2183

v -1.0555 0.816649 0.458679
f 4013/6870/2185 4016/6871/2186 3994/6872/2184

v -1.05281 0.820379 0.458679
f 4013/6873/2185 4012/6874/2187 4017/6875/2188 4016/6876/2186 

v -1.05874 0.818334 0.468834
v -1.0555 0.822832 0.468834
f 4012/6877/2189 4013/6878/2190 4018/6879/2190 4019/6880/2189 

f 4013/6881/2190 3997/6882/2180 4015/6883/2180 4018/6884/2190 

v -1.06027 0.802237 0.468834
v -1.05793 0.797225 0.468834
v -1.05435 0.79298 0.468834
v -1.04978 0.78979 0.468834
v -1.04453 0.787874 0.468834
v -1.03895 0.78736 0.468834
v -1.03342 0.788286 0.468834
v -1.02833 0.790586 0.468834
v -1.02401 0.794106 0.468834
v -1.02077 0.798604 0.468834
v -1.01882 0.803774 0.468834
v -1.0183 0.809265 0.468834
v -1.01924 0.814701 0.468834
v -1.02158 0.819712 0.468834
v -1.02516 0.823957 0.468834
v -1.02973 0.827147 0.468834
v -1.03498 0.829064 0.468834
v -1.04056 0.829577 0.468834
v -1.04609 0.828652 0.468834
v -1.05118 0.826351 0.468834
f 4015/6835/2179 4014/6885/2179 4020/6837/2179 4021/6838/2179 4022/6839/2179 4023/6840/2179 4024/6841/2179 4025/6886/2179 4026/6843/2179 4027/6844/2179 4028/6845/2179 4029/6846/2179 4030/6847/2179 4031/6848/2179 4032/6849/2179 4033/6850/2179 4034/6851/2179 4035/6852/2179 4036/6853/2179 4037/6854/2179 4038/6855/2179 4039/6856/2179 4019/6857/2179 4018/6858/2179 

f 3998/6887/2181 3999/6888/2191 4020/6889/2191 4014/6890/2181 

v -1.057 0.80465 0.458679
v -1.05676 0.803301 0.458679
f 3993/6891/2182 3992/6892/2192 3991/6893/2192 4040/6894/2193 4041/6895/2194 3999/6896/2195 3998/6897/2182 

v -1.03241 0.80465 0.452624
v -1.0338 0.80465 0.452106
v -1.04576 0.80465 0.452106
v -1.04593 0.80465 0.452164
v -1.05207 0.80465 0.454704
v -1.05232 0.80465 0.454893
v -1.02239 0.80465 0.458679
v -1.02273 0.80465 0.458403
v -1.02753 0.80465 0.454704
f 4042/6898/2196 4043/6899/2196 4044/6900/2196 4045/6901/2196 4046/6902/2196 4047/6903/2196 4040/6904/2196 3991/6905/2196 3990/6906/2196 4048/6907/2196 4049/6908/2196 4050/6909/2196 

v -1.02833 0.802531 0.454704
v -1.03028 0.799823 0.454704
v -1.0345 0.803676 0.452106
f 4042/6910/2197 4051/6911/2290 4052/6912/2199 4053/6913/2200 4043/6914/2201 

f 4050/6915/2291 4051/6916/2290 4042/6917/2197

f 4051/6918/2290 4050/6919/2291 4049/6920/2292

f 4049/6921/2292 4048/6922/2293 4051/6923/2290

v -1.02401 0.800289 0.458679
f 4054/6924/2205 4051/6925/2290 4048/6926/2293

v -1.0267 0.796559 0.458679
f 4051/6927/2290 4054/6928/2205 4055/6929/2206 4052/6930/2199 

f 4007/6931/2207 4055/6932/2206 4054/6933/2205 4008/6934/2208 

v -1.03028 0.79364 0.458679
f 4006/6935/2209 4056/6936/2210 4055/6937/2206 4007/6938/2207 

v -1.0345 0.791732 0.458679
f 4005/6939/2211 4057/6940/2212 4056/6941/2210 4006/6942/2209 

v -1.03908 0.790965 0.458679
f 4004/6943/2213 4058/6944/2214 4057/6945/2212 4005/6946/2211 

v -1.04371 0.791391 0.458679
f 4003/6947/2215 4059/6948/2216 4058/6949/2214 4004/6950/2213 

v -1.04807 0.79298 0.458679
f 4002/6951/2217 4060/6952/2218 4059/6953/2216 4003/6954/2215 

v -1.05186 0.795625 0.458679
f 4001/6955/2219 4061/6956/2220 4060/6957/2218 4002/6958/2217 

v -1.05482 0.799145 0.458679
f 4000/6959/2221 4062/6960/2222 4061/6961/2220 4001/6962/2219 

f 3999/6963/2195 4041/6964/2194 4062/6965/2222 4000/6966/2221 

v -1.05069 0.801701 0.454704
f 4046/6967/2223 4063/6968/2224 4062/6969/2222 4041/6970/2194 4047/6971/2225 

f 4045/6972/2226 4063/6973/2224 4046/6974/2223

v -1.04462 0.803301 0.452106
v -1.04854 0.799145 0.454704
f 4044/6975/2227 4064/6976/2228 4065/6977/2229 4063/6978/2224 4045/6979/2226 

v -1.03594 0.802502 0.452106
v -1.03764 0.801735 0.452106
v -1.03948 0.801426 0.452106
v -1.04135 0.801597 0.452106
v -1.0431 0.802237 0.452106
f 4044/6980/2227 4043/6981/2201 4053/6982/2200 4066/6983/2230 4067/6984/2231 4068/6985/2232 4069/6986/2233 4070/6987/2234 4064/6988/2228 

v -1.03288 0.797704 0.454704
f 4053/6989/2200 4052/6990/2199 4071/6991/2235 4066/6992/2230 

f 4052/6993/2199 4055/6994/2206 4056/6995/2210 4071/6996/2235 

v -1.03594 0.796319 0.454704
f 4071/6997/2235 4056/6998/2210 4057/6999/2212 4072/7000/2236 

v -1.03927 0.795762 0.454704
f 4072/7001/2236 4057/7002/2212 4058/7003/2214 4073/7004/2237 

v -1.04263 0.796071 0.454704
f 4073/7005/2237 4058/7006/2214 4059/7007/2216 4074/7008/2238 

v -1.04579 0.797225 0.454704
f 4074/7009/2238 4059/7010/2216 4060/7011/2218 4075/7012/2239 

f 4075/7013/2239 4060/7014/2218 4061/7015/2220 4065/7016/2229 

f 4065/7017/2229 4061/7018/2220 4062/7019/2222 4063/7020/2224 

f 4070/7021/2234 4075/7022/2239 4065/7023/2229 4064/7024/2228 

f 4069/7025/2233 4074/7026/2238 4075/7027/2239 4070/7028/2234 

f 4068/7029/2232 4073/7030/2237 4074/7031/2238 4069/7032/2233 

f 4067/7033/2231 4072/7034/2236 4073/7035/2237 4068/7036/2232 

f 4066/7037/2230 4071/7038/2235 4072/7039/2236 4067/7040/2231 

f 4047/7041/2225 4041/7042/2194 4040/7043/2193

f 3999/7044/2191 4000/7045/2240 4021/7046/2240 4020/7047/2191 

f 4000/7048/2240 4001/7049/2241 4022/7050/2241 4021/7051/2240 

f 4001/7052/2241 4002/7053/2242 4023/7054/2242 4022/7055/2241 

f 4002/7056/2242 4003/7057/2243 4024/7058/2243 4023/7059/2242 

f 4003/7060/2243 4004/7061/2244 4025/7062/2244 4024/7063/2243 

f 4004/7064/2244 4005/7065/2245 4026/7066/2245 4025/7067/2244 

f 4005/7068/2245 4006/7069/2246 4027/7070/2246 4026/7071/2245 

f 4006/7072/2246 4007/7073/2247 4028/7074/2247 4027/7075/2246 

f 4007/7076/2247 4008/7077/2248 4029/7078/2248 4028/7079/2247 

f 4008/7080/2248 3995/7081/2249 4030/7082/2249 4029/7083/2248 

f 4008/7084/2208 3996/7085/2178 3995/7086/2177

f 4008/7084/2208 4054/7087/2205 3996/7085/2178

f 4048/7088/2293 3996/7089/2178 4054/7090/2205

f 3996/6834/2178 4048/7091/2293 3990/6830/2176

f 3995/7092/2249 3989/7093/2250 4031/7094/2250 4030/7095/2249 

f 3989/7096/2250 3983/7097/2251 4032/7098/2251 4031/7099/2250 

f 3983/7100/2251 3981/7101/2252 4033/7102/2252 4032/7103/2251 

f 3981/7104/2252 3979/7105/2253 4034/7106/2253 4033/7107/2252 

f 3979/7108/2253 3975/7109/2254 4035/7110/2254 4034/7111/2253 

f 3975/7112/2254 3978/7113/2255 4036/7114/2255 4035/7115/2254 

f 3978/7116/2255 4009/7117/2256 4037/7118/2256 4036/7119/2255 

v -1.04043 0.825972 0.458679
f 3978/7120/2165 3977/7121/2164 4076/7122/2257 4009/7123/2258 

v -1.04024 0.821175 0.454704
v -1.03688 0.820866 0.454704
f 4077/7124/2259 4076/7125/2257 3977/7126/2164 4078/7127/2260 

v -1.04357 0.820618 0.454704
v -1.04501 0.825205 0.458679
f 4079/7128/2261 4080/7129/2262 4076/7130/2257 4077/7131/2259 

v -1.04663 0.819233 0.454704
v -1.04923 0.823297 0.458679
f 4081/7132/2263 4082/7133/2264 4080/7134/2262 4079/7135/2261 

v -1.04923 0.817115 0.454704
f 4083/7136/2265 4017/7137/2188 4082/7138/2264 4081/7139/2263 

v -1.05118 0.814407 0.454704
f 4084/7140/2266 4016/7141/2186 4017/7142/2188 4083/7143/2265 

v -1.05665 0.812257 0.45829
v -1.05199 0.812257 0.454704
f 4085/7144/2267 4016/7145/2186 4084/7146/2266 4086/7147/2268 

f 4085/7148/2267 3994/7149/2184 4016/7150/2186

v -1.04704 0.812257 0.452594
v -1.04573 0.812257 0.452106
v -1.03372 0.812257 0.452106
v -1.03363 0.812257 0.452138
v -1.02742 0.812257 0.454704
v -1.02729 0.812257 0.454808
f 4087/7151/2269 4088/7152/2269 4089/7153/2269 4090/7154/2269 4091/7155/2269 4092/7156/2269 3988/7157/2269 3987/7158/2269 3994/7159/2269 4085/7160/2269 4086/7161/2269 

v -1.04501 0.813261 0.452106
f 4087/7162/2270 4084/7163/2266 4083/7164/2265 4093/7165/2271 4088/7166/2272 

f 4086/7167/2268 4084/7168/2266 4087/7169/2270

v -1.04357 0.814435 0.452106
f 4093/7170/2271 4083/7171/2265 4081/7172/2263 4094/7173/2273 

v -1.04187 0.815203 0.452106
f 4094/7174/2273 4081/7175/2263 4079/7176/2261 4095/7177/2274 

v -1.04002 0.815512 0.452106
f 4095/7178/2274 4079/7179/2261 4077/7180/2259 4096/7181/2275 

v -1.03816 0.81534 0.452106
f 4096/7182/2275 4077/7183/2259 4078/7184/2260 4097/7185/2276 

v -1.03372 0.819712 0.454704
v -1.03641 0.814701 0.452106
f 4097/7186/2276 4078/7187/2260 4098/7188/2277 4099/7189/2278 

f 4078/7190/2260 3977/7191/2164 3976/7192/2163 4098/7193/2277 

v -1.03097 0.817792 0.454704
f 4098/7194/2277 3976/7195/2163 3980/7196/2167 4100/7197/2279 

v -1.02881 0.815237 0.454704
f 4100/7198/2279 3980/7199/2167 3982/7200/2169 4101/7201/2280 

f 4091/7202/2281 4101/7203/2280 3982/7204/2169 3984/7205/2171 4092/7206/2282 

f 4090/7207/2283 4101/7208/2280 4091/7209/2281

v -1.03488 0.813637 0.452106
f 4089/7210/2284 4102/7211/2285 4100/7212/2279 4101/7213/2280 4090/7214/2283 

f 4089/7215/2284 4088/7216/2272 4093/7217/2271 4094/7218/2273 4095/7219/2274 4096/7220/2275 4097/7221/2276 4099/7222/2278 4102/7223/2285 

f 4099/7224/2278 4098/7225/2277 4100/7226/2279 4102/7227/2285 

f 4092/7228/2282 3984/7229/2171 3988/7230/2174

f 4012/7231/2187 4011/7232/2286 4082/7233/2264 4017/7234/2188 

f 4011/7235/2287 4012/7236/2189 4019/7237/2189 4039/7238/2287 

f 4010/7239/2288 4011/7240/2287 4039/7241/2287 4038/7242/2288 

f 4011/7243/2286 4010/7244/2289 4080/7245/2262 4082/7246/2264 

f 4010/7247/2289 4009/7248/2258 4076/7249/2257 4080/7250/2262 

f 4009/7251/2256 4010/7252/2288 4038/7253/2288 4037/7254/2256 

